source_scope,year,pool,youth,rows,events,categories
IFSC,1998,Boulder_Men,False,371,6,1
IFSC,1998,Boulder_Women,False,143,6,1
SAC-CAS,1998,Boulder_Men,False,45,1,3
SAC-CAS,1998,Boulder_Women,False,5,1,1
IFSC,1999,Boulder_Men,False,323,8,1
IFSC,1999,Boulder_Women,False,208,8,1
SAC-CAS,1999,Boulder_Men,False,50,2,4
SAC-CAS,1999,Boulder_Women,False,10,1,1
IFSC,2000,Boulder_Men,False,364,8,1
IFSC,2000,Boulder_Women,False,207,8,1
SAC-CAS,2000,Boulder_Men,False,49,1,4
SAC-CAS,2000,Boulder_Women,False,5,1,1
SAC-CAS,2000,Boulder_Women,True,10,1,1
IFSC,2001,Boulder_Men,False,460,10,1
IFSC,2001,Boulder_Women,False,248,10,1
IFSC,2002,Boulder_Men,False,241,6,1
IFSC,2002,Boulder_Women,False,157,6,1
SAC-CAS,2002,Boulder_Men,False,198,3,5
SAC-CAS,2002,Boulder_Women,False,40,3,3
SAC-CAS,2002,Boulder_Women,True,26,3,1
IFSC,2003,Boulder_Men,False,455,12,1
IFSC,2003,Boulder_Women,False,253,12,1
SAC-CAS,2003,Boulder_Men,False,87,2,5
SAC-CAS,2003,Boulder_Women,False,38,2,5
IFSC,2004,Boulder_Men,False,391,10,1
IFSC,2004,Boulder_Women,False,225,10,1
SAC-CAS,2004,Boulder_Men,False,148,4,5
SAC-CAS,2004,Boulder_Women,False,63,4,5
IFSC,2005,Boulder_Men,False,330,6,1
IFSC,2005,Boulder_Women,False,208,6,1
SAC-CAS,2005,Boulder_Men,False,178,4,5
SAC-CAS,2005,Boulder_Women,False,86,4,5
IFSC,2006,Boulder_Men,False,394,9,1
IFSC,2006,Boulder_Women,False,254,9,1
SAC-CAS,2006,Boulder_Men,False,189,4,5
SAC-CAS,2006,Boulder_Women,False,76,4,5
IFSC,2007,Boulder_Men,False,907,13,2
IFSC,2007,Boulder_Women,False,636,13,2
SAC-CAS,2007,Boulder_Men,False,265,6,5
SAC-CAS,2007,Boulder_Women,False,107,6,5
IFSC,2008,Boulder_Men,False,739,9,1
IFSC,2008,Boulder_Women,False,557,9,1
SAC-CAS,2008,Boulder_Men,False,348,6,10
SAC-CAS,2008,Boulder_Women,False,190,6,10
DIGITALROCK,2009,Boulder_Men,True,40,1,2
DIGITALROCK,2009,Boulder_Women,True,26,1,2
IFSC,2009,Boulder_Men,False,595,7,1
IFSC,2009,Boulder_Women,False,461,7,1
SAC-CAS,2009,Boulder_Men,False,287,4,5
SAC-CAS,2009,Boulder_Women,False,203,4,5
DIGITALROCK,2010,Boulder_Men,True,92,2,3
DIGITALROCK,2010,Boulder_Women,True,84,2,3
IFSC,2010,Boulder_Men,False,857,10,1
IFSC,2010,Boulder_Women,False,609,10,1
SAC-CAS,2010,Boulder_Men,False,214,3,6
SAC-CAS,2010,Boulder_Women,False,150,3,6
DIGITALROCK,2011,Boulder_Men,True,83,2,3
DIGITALROCK,2011,Boulder_Women,True,69,2,3
IFSC,2011,Boulder_Men,False,900,10,1
IFSC,2011,Boulder_Men,True,189,2,3
IFSC,2011,Boulder_Women,False,652,10,1
IFSC,2011,Boulder_Women,True,158,2,3
SAC-CAS,2011,Boulder_Men,False,317,4,6
SAC-CAS,2011,Boulder_Women,False,237,4,6
DIGITALROCK,2012,Boulder_Men,True,125,3,4
DIGITALROCK,2012,Boulder_Women,True,117,3,4
IFSC,2012,Boulder_Men,False,765,9,1
IFSC,2012,Boulder_Men,True,348,3,3
IFSC,2012,Boulder_Women,False,564,9,1
IFSC,2012,Boulder_Women,True,256,3,3
SAC-CAS,2012,Boulder_Men,False,357,4,6
SAC-CAS,2012,Boulder_Women,False,203,4,6
DIGITALROCK,2013,Boulder_Men,True,434,8,7
DIGITALROCK,2013,Boulder_Women,True,346,8,8
IFSC,2013,Boulder_Men,False,838,12,4
IFSC,2013,Boulder_Men,True,362,4,3
IFSC,2013,Boulder_Women,False,727,12,2
IFSC,2013,Boulder_Women,True,337,4,3
SAC-CAS,2013,Boulder_Men,False,268,4,5
SAC-CAS,2013,Boulder_Women,False,204,4,5
DIGITALROCK,2014,Boulder_Men,True,578,12,9
DIGITALROCK,2014,Boulder_Women,True,518,12,9
IFSC,2014,Boulder_Men,False,864,11,1
IFSC,2014,Boulder_Men,True,530,4,3
IFSC,2014,Boulder_Women,False,766,11,1
IFSC,2014,Boulder_Women,True,454,4,3
SAC-CAS,2014,Boulder_Men,False,339,5,5
SAC-CAS,2014,Boulder_Women,False,278,5,5
DIGITALROCK,2015,Boulder_Men,True,647,15,8
DIGITALROCK,2015,Boulder_Women,True,675,15,8
IFSC,2015,Boulder_Men,False,785,9,1
IFSC,2015,Boulder_Men,True,662,4,3
IFSC,2015,Boulder_Women,False,633,9,1
IFSC,2015,Boulder_Women,True,561,4,3
SAC-CAS,2015,Boulder_Men,False,303,6,5
SAC-CAS,2015,Boulder_Women,False,314,6,5
DIGITALROCK,2016,Boulder_Men,True,753,17,9
DIGITALROCK,2016,Boulder_Women,True,750,17,9
IFSC,2016,Boulder_Men,False,1026,10,1
IFSC,2016,Boulder_Men,True,892,7,3
IFSC,2016,Boulder_Women,False,775,10,1
IFSC,2016,Boulder_Women,True,826,7,3
SAC-CAS,2016,Boulder_Men,False,458,6,6
SAC-CAS,2016,Boulder_Women,False,452,6,6
DIGITALROCK,2017,Boulder_Men,True,745,17,8
DIGITALROCK,2017,Boulder_Women,True,762,17,9
IFSC,2017,Boulder_Men,False,1112,13,1
IFSC,2017,Boulder_Men,True,1316,9,3
IFSC,2017,Boulder_Women,False,840,13,1
IFSC,2017,Boulder_Women,True,1079,9,3
SAC-CAS,2017,Boulder_Men,False,505,6,6
SAC-CAS,2017,Boulder_Women,False,542,6,6
DIGITALROCK,2018,Boulder_Men,True,781,16,9
DIGITALROCK,2018,Boulder_Women,True,739,16,9
IFSC,2018,Boulder_Men,False,1400,14,1
IFSC,2018,Boulder_Men,True,1131,7,3
IFSC,2018,Boulder_Women,False,1116,14,1
IFSC,2018,Boulder_Women,True,1029,7,3
SAC-CAS,2018,Boulder_Men,False,584,7,6
SAC-CAS,2018,Boulder_Women,False,543,7,6
DIGITALROCK,2019,Boulder_Men,True,647,14,9
DIGITALROCK,2019,Boulder_Women,True,649,14,9
FASI,2019,Boulder_Men,False,731,13,1
FASI,2019,Boulder_Women,False,364,15,1
IFSC,2019,Boulder_Men,False,1140,11,1
IFSC,2019,Boulder_Men,True,1244,7,3
IFSC,2019,Boulder_Women,False,986,11,1
IFSC,2019,Boulder_Women,True,1095,7,3
SAC-CAS,2019,Boulder_Men,False,690,9,6
SAC-CAS,2019,Boulder_Women,False,673,9,6
DIGITALROCK,2020,Boulder_Men,True,391,10,9
DIGITALROCK,2020,Boulder_Women,True,416,10,9
FASI,2020,Boulder_Men,False,556,12,1
FASI,2020,Boulder_Women,False,348,12,1
IFSC,2020,Boulder_Men,False,69,1,1
IFSC,2020,Boulder_Women,False,58,1,1
SAC-CAS,2020,Boulder_Men,False,157,3,5
SAC-CAS,2020,Boulder_Women,False,147,3,5
CEC,2021,Boulder_Men,False,103,1,1
CEC,2021,Boulder_Women,False,97,1,1
DIGITALROCK,2021,Boulder_Men,True,419,10,7
DIGITALROCK,2021,Boulder_Women,True,401,10,7
FASI,2021,Boulder_Men,False,1822,35,2
FASI,2021,Boulder_Women,False,1019,34,2
IFSC,2021,Boulder_Men,False,763,9,1
IFSC,2021,Boulder_Men,True,694,4,3
IFSC,2021,Boulder_Women,False,652,9,1
IFSC,2021,Boulder_Women,True,629,4,3
SAC-CAS,2021,Boulder_Men,False,435,6,6
SAC-CAS,2021,Boulder_Women,False,410,6,6
USAC,2021,Boulder_Men,False,60,1,1
USAC,2021,Boulder_Women,False,62,1,1
CEC,2022,Boulder_Men,False,241,4,2
CEC,2022,Boulder_Men,True,557,6,7
CEC,2022,Boulder_Women,False,207,4,2
CEC,2022,Boulder_Women,True,451,6,7
DIGITALROCK,2022,Boulder_Men,True,661,16,7
DIGITALROCK,2022,Boulder_Women,True,697,16,7
FASI,2022,Boulder_Men,False,1710,46,2
FASI,2022,Boulder_Women,False,1190,42,2
FEDME,2022,Boulder_Men,False,164,4,1
FEDME,2022,Boulder_Women,False,93,4,1
IFSC,2022,Boulder_Men,False,1415,15,1
IFSC,2022,Boulder_Men,True,778,4,3
IFSC,2022,Boulder_Women,False,1200,15,1
IFSC,2022,Boulder_Women,True,750,4,3
SAC-CAS,2022,Boulder_Men,False,89,3,1
SAC-CAS,2022,Boulder_Women,False,55,3,1
CEC,2023,Boulder_Men,False,287,4,2
CEC,2023,Boulder_Men,True,906,8,11
CEC,2023,Boulder_Women,False,210,4,2
CEC,2023,Boulder_Women,True,827,9,11
DIGITALROCK,2023,Boulder_Men,True,853,17,8
DIGITALROCK,2023,Boulder_Women,True,906,17,8
FASI,2023,Boulder_Men,False,2101,53,2
FASI,2023,Boulder_Women,False,1419,51,2
FEDME,2023,Boulder_Men,False,190,4,1
FEDME,2023,Boulder_Women,False,121,4,1
IFSC,2023,Boulder_Men,False,1623,19,1
IFSC,2023,Boulder_Men,True,1229,7,3
IFSC,2023,Boulder_Women,False,1452,19,1
IFSC,2023,Boulder_Women,True,1100,7,3
SAC-CAS,2023,Boulder_Men,False,108,4,1
SAC-CAS,2023,Boulder_Women,False,74,4,1
USAC,2023,Boulder_Men,False,66,1,1
USAC,2023,Boulder_Women,False,60,1,1
CEC,2024,Boulder_Men,False,315,8,2
CEC,2024,Boulder_Men,True,1023,9,9
CEC,2024,Boulder_Women,False,224,6,2
CEC,2024,Boulder_Women,True,968,9,9
DIGITALROCK,2024,Boulder_Men,True,915,16,8
DIGITALROCK,2024,Boulder_Women,True,949,16,8
FASI,2024,Boulder_Men,False,2335,42,2
FASI,2024,Boulder_Women,False,1627,42,2
FEDME,2024,Boulder_Men,False,235,5,1
FEDME,2024,Boulder_Women,False,128,4,1
IFSC,2024,Boulder_Men,False,1484,19,1
IFSC,2024,Boulder_Men,True,1233,6,3
IFSC,2024,Boulder_Women,False,1358,19,1
IFSC,2024,Boulder_Women,True,1160,6,3
SAC-CAS,2024,Boulder_Men,False,125,4,1
SAC-CAS,2024,Boulder_Women,False,99,4,1
USAC,2024,Boulder_Men,False,292,2,1
USAC,2024,Boulder_Women,False,250,3,1
VL-GLOBAL,2024,Boulder_Men,False,1567,28,25
VL-GLOBAL,2024,Boulder_Men,True,379,9,19
VL-GLOBAL,2024,Boulder_Women,False,695,23,24
VL-GLOBAL,2024,Boulder_Women,True,333,8,19
CEC,2025,Boulder_Men,False,619,12,6
CEC,2025,Boulder_Men,True,1863,19,13
CEC,2025,Boulder_Women,False,410,12,6
CEC,2025,Boulder_Women,True,1689,19,13
FASI,2025,Boulder_Men,False,2092,47,2
FASI,2025,Boulder_Women,False,1383,47,2
FEDME,2025,Boulder_Men,False,147,4,1
FEDME,2025,Boulder_Women,False,94,4,1
IFSC,2025,Boulder_Men,False,1267,12,1
IFSC,2025,Boulder_Men,True,1117,7,3
IFSC,2025,Boulder_Women,False,1063,12,1
IFSC,2025,Boulder_Women,True,1067,7,3
SAC-CAS,2025,Boulder_Men,False,229,9,4
SAC-CAS,2025,Boulder_Women,False,131,9,4
USAC,2025,Boulder_Men,False,478,9,6
USAC,2025,Boulder_Men,True,7940,100,5
USAC,2025,Boulder_Women,False,325,9,5
USAC,2025,Boulder_Women,True,6629,92,5
VL-GLOBAL,2025,Boulder_Men,False,4884,142,51
VL-GLOBAL,2025,Boulder_Men,True,1168,28,40
VL-GLOBAL,2025,Boulder_Women,False,2239,114,43
VL-GLOBAL,2025,Boulder_Women,True,1104,28,40
CEC,2026,Boulder_Men,False,467,9,3
CEC,2026,Boulder_Men,True,2045,21,14
CEC,2026,Boulder_Women,False,314,8,3
CEC,2026,Boulder_Women,True,1795,20,14
FASI,2026,Boulder_Men,False,1526,33,2
FASI,2026,Boulder_Women,False,1117,32,2
FEDME,2026,Boulder_Men,False,370,14,1
FEDME,2026,Boulder_Women,False,185,14,1
IFSC,2026,Boulder_Men,False,1283,11,1
IFSC,2026,Boulder_Men,True,915,4,3
IFSC,2026,Boulder_Women,False,1106,11,1
IFSC,2026,Boulder_Women,True,844,4,3
SAC-CAS,2026,Boulder_Men,False,273,10,8
SAC-CAS,2026,Boulder_Men,True,85,2,1
SAC-CAS,2026,Boulder_Women,False,139,8,7
SAC-CAS,2026,Boulder_Women,True,67,2,1
USAC,2026,Boulder_Men,False,552,7,7
USAC,2026,Boulder_Men,True,6726,63,5
USAC,2026,Boulder_Women,False,459,8,7
USAC,2026,Boulder_Women,True,6181,63,5
VL-GLOBAL,2026,Boulder_Men,False,2952,60,31
VL-GLOBAL,2026,Boulder_Men,True,353,7,18
VL-GLOBAL,2026,Boulder_Women,False,1278,47,27
VL-GLOBAL,2026,Boulder_Women,True,282,6,18
