model,evaluation_domain,evaluation_window,competitions,athlete_starts,spearman,winner_logloss,pairwise_brier,pairwise_logloss,top_24_brier,top_16_brier,top_8_brier,top_3_brier,pairwise_brier_s250,pairwise_logloss_s250,pairwise_brier_s300,pairwise_logloss_s300,pairwise_brier_s350,pairwise_logloss_s350,pairwise_brier_s450,pairwise_logloss_s450,pairwise_brier_s500,pairwise_logloss_s500,pairwise_brier_s600,pairwise_logloss_s600
hier_level_balanced,CEC national,2022-2024 tuning,24,1306,0.511923566380515,3.651130092057315,0.23087222259931825,0.6575627284676528,0.2263138846621284,0.23311741828176136,0.2184839407043506,0.19332229174726723,,,,,,,,,,,,
hier_level_balanced,CEC national,2025+ locked evaluation,14,719,0.6121428730385822,3.451826524875156,0.2140074646486303,0.621566092720671,0.2208932820055512,0.2165424320434701,0.1953737384210165,0.15694426268395006,,,,,,,,,,,,
hier_level_balanced,CEC other,2022-2024 tuning,6,306,0.49707681675689813,3.4335217642069495,0.22976162262690059,0.6540578439360433,0.2382755452887365,0.23590582858759648,0.22313926171068663,0.183539678456636,,,,,,,,,,,,
hier_level_balanced,CEC other,2025+ locked evaluation,4,231,0.6574661160777006,3.578252602077376,0.2085453405636916,0.6172682302726055,0.22170344337389605,0.21573352360678835,0.18611307041558453,0.15116847780340675,,,,,,,,,,,,
hier_level_balanced,CEC provincial / local,2022-2024 tuning,124,2868,0.555630381875863,2.848674292944054,0.2303678086556245,0.658201302382213,0.09807459629083097,0.17331703487509006,0.22366802954447543,0.21733032705305935,,,,,,,,,,,,
hier_level_balanced,CEC provincial / local,2025+ locked evaluation,233,5930,0.6260296247648062,2.812201265019011,0.21503747697326328,0.6261734492647713,0.10957940389403753,0.17450287245268611,0.21291691926550116,0.19256850168863604,,,,,,,,,,,,
hier_level_balanced,Open WC+,2022-2024 tuning,69,2883,0.7392285502407311,3.0016315332891255,0.16293252311475417,0.5040105770437636,0.1646462375488424,0.16948635491584285,0.14053436179821283,0.09016797659767001,,,,,,,,,,,,
hier_level_balanced,Open WC+,2025+ locked evaluation,45,1831,0.7914030079362948,2.867927869593983,0.1529634643360243,0.4826187819517606,0.16393648740930017,0.1644258935185888,0.1300033891859598,0.08610018262286319,,,,,,,,,,,,
hier_level_balanced,Other,2022-2024 tuning,736,23350,0.6452469340086947,2.8744464286788913,0.21025863195969458,0.6196392639757405,0.12166984682012592,0.16856123305706366,0.19933358756923467,0.17964130051847785,,,,,,,,,,,,
hier_level_balanced,Other,2025+ locked evaluation,1922,47515,0.7028216545918703,2.819997591015107,0.22459148447148294,0.6485923732905889,0.08699439622066288,0.14799909733781527,0.21687245457598125,0.21326786653289645,,,,,,,,,,,,
hier_level_balanced_provisional_e3_sd120,CEC national,2022-2024 tuning,24,1306,0.472201075717066,3.5533587679974574,0.22625505183762987,0.6580677576163741,0.20552929103733242,0.21023022131228455,0.15643297862971214,0.08376359574283952,,,,,,,,,,,,
hier_level_balanced_provisional_e3_sd120,CEC national,2025+ locked evaluation,14,719,0.6360202069506296,3.094541824552821,0.17935644051606933,0.5380393108628336,0.16613274404311132,0.16590920639084228,0.12781726827688145,0.06864285977849253,,,,,,,,,,,,
hier_level_balanced_provisional_e3_sd120,CEC other,2022-2024 tuning,6,306,0.41205595361110897,3.2054933516317896,0.2350401286016616,0.6727192078240182,0.24179268418773794,0.21818673798086438,0.16452471702222282,0.08875092020412971,,,,,,,,,,,,
hier_level_balanced_provisional_e3_sd120,CEC other,2025+ locked evaluation,4,231,0.5632843478763605,3.9010737522387804,0.19911925368884723,0.5991680354888864,0.19572830559336485,0.18467826012295446,0.1380230077171259,0.08953351112204477,,,,,,,,,,,,
hier_level_balanced_provisional_e3_sd120,CEC provincial / local,2022-2024 tuning,124,2868,0.5234837136214193,2.4979893900819796,0.2269358413897772,0.6732994345911144,0.07949295444081775,0.15543013536501246,0.1934301382678512,0.1463354069840291,,,,,,,,,,,,
hier_level_balanced_provisional_e3_sd120,CEC provincial / local,2025+ locked evaluation,233,5930,0.6050973935936607,2.3097628622992676,0.19770845840745963,0.5956469921730022,0.07990038068500631,0.14501035576502816,0.17205375604964326,0.12135384950145266,,,,,,,,,,,,
hier_level_balanced_provisional_e3_sd120,Open WC+,2022-2024 tuning,69,2883,0.7249671066560628,2.8630953469250984,0.15359647792368916,0.4725535649686102,0.1375372434534628,0.1482808529788812,0.12135959646101661,0.07378439059606476,,,,,,,,,,,,
hier_level_balanced_provisional_e3_sd120,Open WC+,2025+ locked evaluation,45,1831,0.7514363788098657,2.591630927672045,0.14697765620913913,0.4555498978882711,0.14139696099262156,0.14747316391819346,0.1139379155530499,0.07132013337356495,,,,,,,,,,,,
hier_level_balanced_provisional_e3_sd120,Other,2022-2024 tuning,736,23350,0.5860517070506179,2.5644624424302607,0.2086075068873752,0.6359874522688552,0.10264741370717574,0.14527057108609515,0.16202945779962596,0.12428087745577719,,,,,,,,,,,,
hier_level_balanced_provisional_e3_sd120,Other,2025+ locked evaluation,1922,47515,0.6877419544112595,2.276089915805745,0.19469422956863489,0.591117662605389,0.06528286801544136,0.1160113955452191,0.16760541401000176,0.13565938697374602,,,,,,,,,,,,
hier_level_conservative,CEC national,2022-2024 tuning,24,1306,0.4990556382167566,3.6552512609579577,0.23192705321687127,0.6597126710800757,0.22738671355585097,0.23441749401025438,0.21994349128886811,0.1947444187863904,,,,,,,,,,,,
hier_level_conservative,CEC national,2025+ locked evaluation,14,719,0.5849830678945016,3.4615507742232325,0.21675165464739782,0.6271874740976128,0.22336338367161873,0.21953305645902718,0.1986711102468253,0.15940641537310743,,,,,,,,,,,,
hier_level_conservative,CEC other,2022-2024 tuning,6,306,0.48366637357940695,3.4495540931859003,0.23274444897357585,0.6602008617190251,0.24043037743487958,0.2390181043891537,0.2304072504138458,0.1915923460187788,,,,,,,,,,,,
hier_level_conservative,CEC other,2025+ locked evaluation,4,231,0.6658141053465354,3.6009057793996635,0.21322123514388486,0.6271725604741482,0.22644022049593743,0.2213241018730891,0.19593968265552697,0.15705865053154472,,,,,,,,,,,,
hier_level_conservative,CEC provincial / local,2022-2024 tuning,124,2868,0.5515405699510068,2.856858951099389,0.23089418572927567,0.6593018393961846,0.09825988586835982,0.17372229828522193,0.22416670873022088,0.21818552535070476,,,,,,,,,,,,
hier_level_conservative,CEC provincial / local,2025+ locked evaluation,233,5930,0.6263146552432849,2.8202153234848524,0.21551291823588525,0.62721405308406,0.10968423925593511,0.17477107750927193,0.21333900242603812,0.1933261187310806,,,,,,,,,,,,
hier_level_conservative,Open WC+,2022-2024 tuning,69,2883,0.7418998676447249,3.0013168023638306,0.16423493432263267,0.5074535957171129,0.1667677414309918,0.17101606915339312,0.14185982030303182,0.09021071061815573,,,,,,,,,,,,
hier_level_conservative,Open WC+,2025+ locked evaluation,45,1831,0.7990267941393024,2.8591117050756574,0.1539104325890886,0.48534937007921924,0.1659112548710375,0.1659387748739027,0.12990247921785975,0.08536396794024781,,,,,,,,,,,,
hier_level_conservative,Other,2022-2024 tuning,736,23350,0.6443229534639096,2.8744662903720744,0.21060045288971915,0.6203121856075865,0.1220219236284896,0.16891737791007946,0.2000186781383001,0.18021175208490736,,,,,,,,,,,,
hier_level_conservative,Other,2025+ locked evaluation,1922,47515,0.7023524021400356,2.8212114806159425,0.2247408507698583,0.6489013041535305,0.08713500918598255,0.14817831813479468,0.2171315887875885,0.2134699005917375,,,,,,,,,,,,
hier_level_strong,CEC national,2022-2024 tuning,24,1306,0.5201334052060033,3.645219814467211,0.22994425322283948,0.6556598020169403,0.22529813720162364,0.23220509839488512,0.21672857849751367,0.19089456943618996,,,,,,,,,,,,
hier_level_strong,CEC national,2025+ locked evaluation,14,719,0.6273101777072393,3.439218512150525,0.21189036911124184,0.6171750707222591,0.2187989383595889,0.21438989713650816,0.19348331773127508,0.1533228471507411,,,,,,,,,,,,
hier_level_strong,CEC other,2022-2024 tuning,6,306,0.5234641605393683,3.416915163840043,0.2275886756870117,0.6495280637010219,0.2367448890065542,0.23409340944165494,0.21715380480472268,0.17604732778765628,,,,,,,,,,,,
hier_level_strong,CEC other,2025+ locked evaluation,4,231,0.6531997475139703,3.56132360658176,0.2053008855868562,0.610244815871132,0.21836372052936687,0.21044770648073588,0.17810442355031003,0.14447905534302444,,,,,,,,,,,,
hier_level_strong,CEC provincial / local,2022-2024 tuning,124,2868,0.557862106070256,2.842753022052383,0.22999122971632602,0.6574120784062238,0.09794345195211487,0.1729975626216453,0.22327740309961577,0.2164586182279723,,,,,,,,,,,,
hier_level_strong,CEC provincial / local,2025+ locked evaluation,233,5930,0.6260200616930863,2.8068985515817584,0.21475664524835716,0.625558210771206,0.10954022625147301,0.17434564967814326,0.2126191023270418,0.19205668358160538,,,,,,,,,,,,
hier_level_strong,Open WC+,2022-2024 tuning,69,2883,0.7385059314602918,3.000924105533574,0.1616668499335917,0.5005578484005758,0.1625139929569416,0.16784091406159843,0.13935086158073715,0.08999613761901414,,,,,,,,,,,,
hier_level_strong,Open WC+,2025+ locked evaluation,45,1831,0.7871916714972917,2.8762350231420397,0.15206428744554304,0.4798765962116423,0.16217510072799105,0.1631348044482842,0.12955968923891575,0.08641071641774983,,,,,,,,,,,,
hier_level_strong,Other,2022-2024 tuning,736,23350,0.6464543187942988,2.8733975763033612,0.2099125957684723,0.6189234585445221,0.12132941195876325,0.1682289557538828,0.19880252286379618,0.17903662362996237,,,,,,,,,,,,
hier_level_strong,Other,2025+ locked evaluation,1922,47515,0.702730943071383,2.818692824450703,0.22445810755978476,0.6483074451166306,0.08685191879048548,0.14782110410134505,0.21664538400432573,0.2130783919019074,,,,,,,,,,,,
hier_source_balanced,CEC national,2022-2024 tuning,24,1306,0.5240506699135978,3.6279082294094054,0.22322432811679108,0.6414237634948085,0.21892501093489816,0.22489641818144168,0.204607858273728,0.16574287562347456,,,,,,,,,,,,
hier_source_balanced,CEC national,2025+ locked evaluation,14,719,0.6327331609390203,3.3415476980976817,0.19453092968340638,0.578508607725467,0.19908561694455715,0.19514909019353283,0.164778487578424,0.12049985142756144,,,,,,,,,,,,
hier_source_balanced,CEC other,2022-2024 tuning,6,306,0.4970771482919151,3.4430158079873894,0.2231051845988977,0.6396514168341755,0.23333646564110755,0.22633769171507045,0.20126149337491003,0.14335607503100964,,,,,,,,,,,,
hier_source_balanced,CEC other,2025+ locked evaluation,4,231,0.5595450801627133,3.546408667356258,0.20293864762203492,0.6021606542483382,0.2104941946133849,0.19662723357592224,0.14292631637903624,0.10755781818406503,,,,,,,,,,,,
hier_source_balanced,CEC provincial / local,2022-2024 tuning,124,2868,0.5512705368860537,2.815312435084194,0.22883711464989825,0.6549211145619475,0.09732185753549537,0.17210593672118019,0.22218743742299968,0.2132286321008304,,,,,,,,,,,,
hier_source_balanced,CEC provincial / local,2025+ locked evaluation,233,5930,0.6227338163893479,2.778314515931733,0.21349191859051614,0.6225895996917812,0.10921003599754585,0.17382922441727847,0.21152858443836217,0.1887435166591337,,,,,,,,,,,,
hier_source_balanced,Open WC+,2022-2024 tuning,69,2883,0.7417482467147155,3.0023741665842283,0.16317551979226036,0.5048870595813508,0.1651227623840563,0.1701945065976877,0.14175335489113045,0.09042355169150851,,,,,,,,,,,,
hier_source_balanced,Open WC+,2025+ locked evaluation,45,1831,0.7960080866162412,2.8633358843344956,0.15312690761623676,0.4834198077977705,0.1646733660252335,0.16524849189838975,0.13066877329380003,0.08634074784987822,,,,,,,,,,,,
hier_source_balanced,Other,2022-2024 tuning,736,23350,0.6383125777501746,2.875466434604961,0.21014025115518817,0.6192541661166576,0.12071865441147259,0.16753773581729745,0.19856977876954138,0.17989502805433807,,,,,,,,,,,,
hier_source_balanced,Other,2025+ locked evaluation,1922,47515,0.7012931658250583,2.8180386614189548,0.22434195066327223,0.6480047430515797,0.08656585480862425,0.14764432176116987,0.2163453556700474,0.21287757759505238,,,,,,,,,,,,
hier_source_balanced_anchored_cap200_e4_sd100,CEC national,2022-2024 tuning,24,1306,0.4204329335393861,3.671136661678412,0.2280637853845978,0.6512188272403997,0.21914292262928922,0.2215602014895158,0.1971760044231576,0.16198498234311628,0.22574747161332523,0.6461532766171549,0.22610262655445867,0.6467794607218842,0.22699007094414414,0.6487918777488871,0.2291687932851679,0.6536769750150123,0.23023633175517588,0.6560155024234322,0.2321643106357684,0.6601626747226611
hier_source_balanced_anchored_cap200_e4_sd100,CEC national,2025+ locked evaluation,14,719,0.6161121243545148,3.3962775032663948,0.19626586376117627,0.5824020984606973,0.1997110715172656,0.19459535377065215,0.16941656361564333,0.12636949800618397,0.18455294775952097,0.5519066755589889,0.18848016205165544,0.5627485253697225,0.19247926792455522,0.5730830726093963,0.19974158336449507,0.5906482560837626,0.20288831126263474,0.5979074542355208,0.20826904746050107,0.6099532294278449
hier_source_balanced_anchored_cap200_e4_sd100,CEC other,2022-2024 tuning,6,306,0.32183840312351125,3.3310094545635507,0.2277587583068796,0.6487755740685038,0.23319489462365942,0.22099034242515594,0.18723768349347128,0.13543150221298092,0.23183826985925196,0.658964479206801,0.22911439368816341,0.6516611450301563,0.22799982441760602,0.6490954629622682,0.22799372749441685,0.6495478867127628,0.22848403534778253,0.6508434373643035,0.2297830808587683,0.6539710399936658
hier_source_balanced_anchored_cap200_e4_sd100,CEC other,2025+ locked evaluation,4,231,0.5826616652893672,3.6337781533178326,0.19335339251893716,0.5809206414105749,0.19909822771336386,0.1871100259393088,0.15591277295682054,0.11984366721243421,0.1894582807348778,0.5701100491601365,0.18978111939762704,0.5709360926712823,0.19128767329187116,0.5752959050916318,0.1956387967668016,0.5868286496012385,0.19796103765215958,0.5925897870547436,0.2023797293461961,0.6030675695595266
hier_source_balanced_anchored_cap200_e4_sd100,CEC provincial / local,2022-2024 tuning,124,2868,0.4623152495437183,2.8306285690300346,0.2303874601479672,0.6581242016056481,0.09173158515153046,0.1694497847548984,0.21655783602621953,0.20124646988024752,0.22735529129850734,0.651841826600289,0.22816684978131177,0.6534047560346233,0.2292556641798746,0.6557094800165026,0.23147063846960128,0.6604243576517571,0.23247256615541745,0.6625375198110817,0.23421252130934334,0.6661732091028989
hier_source_balanced_anchored_cap200_e4_sd100,CEC provincial / local,2025+ locked evaluation,233,5930,0.5770428070546502,2.783673397588635,0.2132968125834975,0.6222787701142465,0.10320383931862662,0.17033856539345382,0.20686213162263067,0.1816780093118003,0.20422515389730228,0.6002823615025685,0.20743234928362794,0.6084139038123829,0.2105038905873617,0.6158043787698438,0.2157867451264034,0.627895398495994,0.2179918413972403,0.6327684535209906,0.22167416790854774,0.6407322190653921
hier_source_balanced_anchored_cap200_e4_sd100,Open WC+,2022-2024 tuning,69,2883,0.7384025040035602,2.9808569963956817,0.15435972582270222,0.47928674018522466,0.15290725353672624,0.1610583467833468,0.13781256356110266,0.09069909306256937,0.14896940107462164,0.45775933029872135,0.14961460955911488,0.46147090859954326,0.15160527005845592,0.4695397557925035,0.1575114550210661,0.48945072935875705,0.16083085287306692,0.4994286353176235,0.16745975877351835,0.517869096699526
hier_source_balanced_anchored_cap200_e4_sd100,Open WC+,2025+ locked evaluation,45,1831,0.7754669657318786,2.850465514001278,0.148080440323097,0.46629647415651987,0.15637664765111683,0.15728839732958175,0.12776513068938986,0.08629709525565592,0.1399882054811338,0.43639508974011026,0.14170383198839887,0.44380433846289263,0.14458501857062062,0.4545413123077464,0.1518513370108041,0.4780209149388537,0.15569148375793188,0.48924236387673725,0.16313843914313877,0.5095317285529356
hier_source_balanced_anchored_cap200_e4_sd100,Other,2022-2024 tuning,736,23350,0.5546693812293878,2.831712937080041,0.20716666926556257,0.611417045482173,0.11323913249248783,0.15922593099007004,0.186925675652564,0.16193397011361146,0.2026159913695477,0.598501677491118,0.20361025818783982,0.6016606539176249,0.2052659211182729,0.6063698149042688,0.20910818560440947,0.6163231097360365,0.21099169276573893,0.6209072955788069,0.21443260833637948,0.6289509491302464
hier_source_balanced_anchored_cap200_e4_sd100,Other,2025+ locked evaluation,1922,47515,0.6696759866746187,2.7685429994768533,0.21349097633938152,0.6252107824163351,0.08053326351674465,0.1386147486337165,0.2032493085596474,0.1937481309828881,0.20387313198384982,0.6027761131914214,0.20742742793353613,0.6113001280718733,0.21064936686134075,0.6187798645059678,0.2159768716386297,0.6307265946947674,0.21815105282874675,0.6354765210995416,0.22174011373965735,0.6431852066670426
hier_source_balanced_anchored_cap400_e4_sd100,CEC national,2022-2024 tuning,24,1306,0.42455240113507603,3.634378994866139,0.22596882870067928,0.6470274568408102,0.21361812733860774,0.2138132661607726,0.18020408386683776,0.13261718757392996,0.2292602678712543,0.6603645761149738,0.22701842362737623,0.6515381055947873,0.226117779060128,0.6479858898825216,0.22624248390750953,0.6473888492828047,0.2267500111840244,0.6484242920891387,0.22806964600777158,0.6513027638632832
hier_source_balanced_anchored_cap400_e4_sd100,CEC national,2025+ locked evaluation,14,719,0.6288176465775409,3.335605365351219,0.18631825953666653,0.5583643866439282,0.18769967631084367,0.18289947067194864,0.15506070055999016,0.10764253503054282,0.17751035078910227,0.5331854425185726,0.17990774831707257,0.5405709238172531,0.18300774693609037,0.5494448347483433,0.18959651504381475,0.5667871805276031,0.19272726597327136,0.5745351649108826,0.19838340808066546,0.5879637837547352
hier_source_balanced_anchored_cap400_e4_sd100,CEC other,2022-2024 tuning,6,306,0.3158055316396211,3.2155910679517365,0.22990342502004216,0.6527978980316455,0.23130767519250647,0.21758500667212308,0.17043827410626958,0.11135092342049284,0.24430056286082827,0.6991337956327257,0.23718495541818382,0.6740503968050571,0.23269269754692123,0.6603512764961396,0.22823095423324624,0.6487448564510027,0.2272980031197919,0.6467617244961475,0.22674922607941173,0.6460787976907515
hier_source_balanced_anchored_cap400_e4_sd100,CEC other,2025+ locked evaluation,4,231,0.5738389683177598,3.664857692696237,0.19182927659940693,0.5748981050883885,0.19144248387635052,0.17650758812449655,0.14299055934507596,0.10781551736749136,0.19624158051944254,0.5955866824473564,0.19322339340976702,0.5810989074342153,0.19196346079763527,0.575673724180571,0.19240788929329633,0.5765631917752299,0.19342835496328584,0.5794986569398523,0.1961423608301229,0.5868844878597184
hier_source_balanced_anchored_cap400_e4_sd100,CEC provincial / local,2022-2024 tuning,124,2868,0.468318494388976,2.761821529951488,0.22695825399226893,0.65147171250269,0.08723028949784475,0.1660173004464517,0.20860359039488782,0.18461224973439422,0.2280969871663121,0.6586433509061166,0.22686206182350024,0.6530524859233869,0.22664687070346143,0.6513533694100228,0.22753575062923498,0.6524524293678059,0.22823830133255998,0.6538281278368847,0.22974310995622313,0.6569271589692869
hier_source_balanced_anchored_cap400_e4_sd100,CEC provincial / local,2025+ locked evaluation,233,5930,0.5935202224205012,2.6929064572860555,0.20391145356083765,0.6012294074951647,0.09627100669365965,0.16252182601581822,0.19620628901890547,0.16345071771504124,0.19702842620335237,0.5838177126772335,0.19895092404191753,0.5887898505685151,0.20137515148315666,0.594976240885028,0.20638099621004843,0.6071290034417746,0.20870655877464814,0.6125410375889486,0.2128390833568609,0.6218770637566253
hier_source_balanced_anchored_cap400_e4_sd100,Open WC+,2022-2024 tuning,69,2883,0.729848990537208,2.9350046164898544,0.15226016458285335,0.4683009314750712,0.14584249215919792,0.15551618940912337,0.1300349765641766,0.0859871723261852,0.15379572517376025,0.47666306230834854,0.15190339956116064,0.4666230567743186,0.15155887049289768,0.46520960462090016,0.15365987628492034,0.4737555859626121,0.155515857149448,0.4803985626644756,0.1599689071164516,0.4948637106896102
hier_source_balanced_anchored_cap400_e4_sd100,Open WC+,2025+ locked evaluation,45,1831,0.7583764746202355,2.8038070226614242,0.14808852066406203,0.461429195597196,0.15192560104550146,0.15352831816568052,0.12372873312109706,0.08257557294874444,0.14693910914930086,0.46096265129380515,0.14607223499418828,0.454835405580347,0.14661960381096317,0.45624176425994034,0.15014393436954024,0.46847617709485856,0.15255730817135738,0.4763488923453986,0.15788305314899,0.49253796755942236
hier_source_balanced_anchored_cap400_e4_sd100,Other,2022-2024 tuning,736,23350,0.5624071911780043,2.7319997752184246,0.20266932930141646,0.5997022947025755,0.10726342816083742,0.1522481864906558,0.1762191749031352,0.14566750888813423,0.2039746394420904,0.6064220196333917,0.2024162560132422,0.5996323315119747,0.20216232268775072,0.5983403489869726,0.2036131342411149,0.6023433386546277,0.2047969109520082,0.6055620701127744,0.2074472589760215,0.6124268763451012
hier_source_balanced_anchored_cap400_e4_sd100,Other,2025+ locked evaluation,1922,47515,0.677175642416342,2.6605318639658817,0.20274166183717462,0.6010625451310149,0.0751399593008443,0.13094539832191981,0.19215695822264797,0.17420567221447314,0.19490154050164638,0.5820203261385954,0.1973332914027037,0.5879088530683242,0.20004409730497383,0.5945621600360724,0.20530068832253856,0.6070957139636208,0.20767409753147878,0.6125800355034917,0.21183946125134034,0.6219731665007988
hier_source_balanced_anchored_e4_sd100,CEC national,2022-2024 tuning,24,1306,0.4247828083739677,3.6494765121861037,0.22632425790439448,0.6474754202760308,0.21525627096086652,0.21621485315671285,0.18518432373356394,0.14447102344136056,0.22731652188708287,0.6522824185926308,0.22609073435052782,0.6477317687841849,0.2259348175372701,0.6467869994063303,0.22698452911239075,0.6489013162909769,0.2277681600828673,0.6506339187652191,0.22942050608963335,0.6542689719902895
hier_source_balanced_anchored_e4_sd100,CEC national,2025+ locked evaluation,14,719,0.6278366139645553,3.3601781906424697,0.18980327357462382,0.5670963621252332,0.19229669561721816,0.18695894293881565,0.15934119101923097,0.11527191559607124,0.1795786990537908,0.538866363651785,0.18266770122730702,0.5480278397614672,0.1862170111380208,0.5577870344023118,0.19323633594378836,0.5756253268402205,0.19643872269624515,0.5833150378507882,0.20208644682287397,0.5963834744658534
hier_source_balanced_anchored_e4_sd100,CEC other,2022-2024 tuning,6,306,0.31434419958019194,3.2700998285700607,0.2284791615752796,0.6495674177054728,0.2317169498837142,0.21867465886920168,0.1761018806054406,0.1200508078111528,0.23870271344312813,0.6789993952016147,0.23328192022401642,0.6621014093099532,0.2301742162005589,0.6536429104543658,0.22765808516992544,0.6478836634386449,0.22738251967175885,0.6475456933556377,0.22772674535413037,0.6488418221001494
hier_source_balanced_anchored_e4_sd100,CEC other,2025+ locked evaluation,4,231,0.5800981689381224,3.665155210835451,0.19150636172496927,0.5750128456548109,0.19383835808804534,0.18000778102452544,0.14611695154705376,0.1134388136219557,0.19265920038957698,0.5815222939731137,0.1908899772186571,0.5737672527215798,0.19072464324983865,0.5727830589508718,0.1928302509744327,0.578745986148697,0.1944461542132056,0.5831187358490469,0.19799577484375358,0.5922053372591349
hier_source_balanced_anchored_e4_sd100,CEC provincial / local,2022-2024 tuning,124,2868,0.4683789254903541,2.790716139409041,0.22780127395645192,0.6528313094286881,0.08855935538454082,0.16687400488054574,0.2113857175169339,0.1902098181850525,0.22699978929373657,0.6529969262418258,0.22666085664098243,0.6510040347859888,0.22706627512437072,0.6514235524375829,0.228664940738031,0.6546117276704526,0.22955825888870637,0.6564859951358538,0.23126537037272654,0.6600755771942524
hier_source_balanced_anchored_e4_sd100,CEC provincial / local,2025+ locked evaluation,233,5930,0.587807899503582,2.730448332156094,0.20715914830346527,0.6086744855144007,0.09848859863634615,0.16520445702684647,0.19977893314864056,0.1697658853991181,0.19903887996608413,0.5882506120568727,0.20160764695528752,0.5950172971103803,0.20441451246053208,0.6020612297346287,0.20972399925657778,0.6146612547423734,0.21207229272391184,0.6200084524044496,0.21612902783502305,0.6290010241665533
hier_source_balanced_anchored_e4_sd100,Open WC+,2022-2024 tuning,69,2883,0.7342930615407881,2.948722485908511,0.15220249243598574,0.4701908822641583,0.14805349771866597,0.156970070688688,0.13249959784012466,0.08836340591925804,0.15101624945323136,0.46478534593572146,0.15008840377863758,0.4609578031894833,0.15066321336969957,0.4639309833933354,0.15434396884953644,0.47796290252464985,0.15684293125937654,0.4863106976910926,0.16230634519530346,0.5029516575845729
hier_source_balanced_anchored_e4_sd100,Open WC+,2025+ locked evaluation,45,1831,0.7644575331387478,2.8191251029076763,0.1472672361088167,0.4608725214543057,0.1530410303663637,0.15438063403124638,0.12472370070834785,0.08442928150224265,0.14348102946142244,0.447196286272522,0.14355937038556627,0.447039891697784,0.14499651938231803,0.45265064503980157,0.15002569304741595,0.4701426135038498,0.1530441387297053,0.4796585834784531,0.15931505890706665,0.4979738939251813
hier_source_balanced_anchored_e4_sd100,Other,2022-2024 tuning,736,23350,0.5604763684523777,2.7722211616804566,0.20380243748625965,0.6027443830398562,0.10916652112905532,0.15451806511903662,0.17977464772965632,0.15131237932012234,0.2026672874851877,0.5998714997328161,0.2021166362803336,0.5977950019107635,0.20266914804250807,0.599469554954382,0.20522311885452166,0.6066336876684858,0.20676427127618316,0.6106675658875688,0.20986898907904444,0.6183871083409055
hier_source_balanced_anchored_e4_sd100,Other,2025+ locked evaluation,1922,47515,0.6756527152810577,2.7092860380062715,0.20658382466889724,0.6098730467154819,0.07703241903753265,0.13375321460261394,0.19620662595841637,0.1816761739468958,0.1976528694053694,0.5881805489311415,0.20067058589008133,0.59570652154228,0.2037163032413785,0.6031033874637249,0.20920648294619848,0.6159167420341767,0.21157573936952154,0.6212692412136133,0.2156210895353072,0.6302050054970876
hier_source_balanced_provisional_e2_sd140,CEC national,2022-2024 tuning,24,1306,0.482081085240099,3.5375264571042493,0.22483525060207712,0.6551983231553471,0.2060020922986061,0.20857200390700045,0.1532382244990969,0.07907824805489651,0.2425339884027827,0.7573106491345105,0.23480453557739003,0.7064463249828417,0.22906411047584538,0.6751127826499762,0.2217540724394215,0.6423363679661059,0.21954524204032502,0.6340075604225754,0.21696302346825222,0.6253880287453802
hier_source_balanced_provisional_e2_sd140,CEC national,2025+ locked evaluation,14,719,0.6502690430124005,3.0838620495395204,0.17454095239015957,0.527121547700408,0.1627442563052597,0.1587073655081952,0.12034493681296436,0.06588052269878973,0.1844981474637539,0.589870831001245,0.1795860632800046,0.5554378767613856,0.17641357351669584,0.5367747248024851,0.1736335713190462,0.5228524323721132,0.17343856900001794,0.52189131054876,0.1744714258611915,0.525379563088446
hier_source_balanced_provisional_e2_sd140,CEC other,2022-2024 tuning,6,306,0.4053847257762742,3.269359130207249,0.23642156821157467,0.6774315945202867,0.24400302206618493,0.22099265749580943,0.16258439163977215,0.09226769392015778,0.25593907497058604,0.7763732993268699,0.24742684910963852,0.7273049258736305,0.2411046090640762,0.6969331731786593,0.2329662195986406,0.6646194442888486,0.2304325403635917,0.6561014588617154,0.22727996283521487,0.6466955747705995
hier_source_balanced_provisional_e2_sd140,CEC other,2025+ locked evaluation,4,231,0.5952413474127973,3.711337929343558,0.1961202746565745,0.593692739580079,0.19004426732814256,0.17235344230957214,0.13377457482555533,0.09063027065189591,0.20773564748548234,0.6728078899416815,0.20225970542728822,0.6317149819645274,0.1985482794047203,0.6077815345497573,0.1946278537068724,0.5855565914558879,0.19381933678537588,0.5811554345081913,0.1935713755535469,0.578737162562461
hier_source_balanced_provisional_e2_sd140,CEC provincial / local,2022-2024 tuning,124,2868,0.5290077742682463,2.473343563706734,0.22700529953115905,0.6750775355692807,0.07981210070511624,0.15601836596008453,0.19431565711907786,0.14405442455876868,0.24239453411109785,0.7881390091063106,0.23576403279695415,0.7327005605556112,0.2307609921350806,0.6978179013000166,0.2242087967513299,0.6599226418872925,0.2221521964127147,0.6497053639488901,0.21962765172129797,0.6381834317168023
hier_source_balanced_provisional_e2_sd140,CEC provincial / local,2025+ locked evaluation,233,5930,0.5890681765998154,2.314219834881915,0.20102627098164272,0.6041631089241347,0.08070833547380561,0.1479967871251131,0.17433141600669483,0.12226381147415798,0.21461286670776195,0.6985828585159852,0.20854995371588061,0.6508969076311714,0.20414878281165028,0.6220099751157779,0.19888344689091075,0.5931499571641377,0.19748977122719244,0.5865274303763861,0.19628342424530854,0.5810249386157814
hier_source_balanced_provisional_e2_sd140,Open WC+,2022-2024 tuning,69,2883,0.7053403693095185,2.8777381860564173,0.1592979051918409,0.4893216299513518,0.1408615228950208,0.15298391102058553,0.12661026918045223,0.0750871583164014,0.169821677396421,0.5623199727208301,0.16485294999493752,0.5234824397282789,0.1614648882227605,0.5014731667270991,0.15806969492816245,0.4832327710578987,0.15756057388315975,0.48099358186715285,0.1580567570059123,0.4831294099863441
hier_source_balanced_provisional_e2_sd140,Open WC+,2025+ locked evaluation,45,1831,0.7386460857604302,2.5750001405642267,0.1512978433230186,0.468156284993292,0.1435347866065029,0.14988395605014185,0.1159617316864651,0.07284736587137952,0.15907217050617034,0.5227287276089548,0.1550863602886245,0.4920439990786599,0.15261851149975442,0.4758997166066765,0.15083961996075934,0.4654863218315652,0.15102643030628637,0.465961844420239,0.15271183232842897,0.47209381336490636
hier_source_balanced_provisional_e2_sd140,Other,2022-2024 tuning,736,23350,0.5726203037518028,2.579624054696393,0.2134223933920902,0.6514898904527086,0.10364431180609894,0.14777213508183434,0.16495061043266843,0.12603396538459596,0.22867635830380953,0.7736535728934818,0.2221705974480427,0.7139096812628465,0.21719348754170506,0.6761525845281837,0.21060065539977252,0.6350728946121551,0.20852590366204202,0.6240635663527666,0.20601531886804994,0.6118874831489913
hier_source_balanced_provisional_e2_sd140,Other,2025+ locked evaluation,1922,47515,0.6829865314853524,2.297949620200066,0.19691660420237492,0.5993501403583577,0.06574824936633675,0.11717213472952061,0.16923042207674438,0.13648535161750136,0.2070865436110307,0.6846763226658651,0.2025213319459726,0.6417199368002768,0.19922651768640956,0.6155668934816243,0.19536845881394466,0.5893285594573209,0.19440883181118238,0.5833164175346001,0.193747892951386,0.5784254259794044
hier_source_balanced_provisional_e3_sd120,CEC national,2022-2024 tuning,24,1306,0.4834709034054399,3.5230453225528326,0.2231594121091226,0.6494180205937438,0.20308286884354068,0.20826494882307556,0.15563903354943415,0.08343710613881285,0.23999643665337103,0.7432899174540086,0.23254080683170264,0.6961427662783527,0.2270966552042861,0.6674256235186306,0.22035094813048964,0.6379815292641813,0.2183895194450932,0.6307393945461263,0.21622119650483493,0.6236215174295191
hier_source_balanced_provisional_e3_sd120,CEC national,2025+ locked evaluation,14,719,0.6655717349621575,3.0595300571608535,0.1707530647439043,0.5151830901491946,0.15995219638859418,0.158947039149884,0.12411496131380732,0.06586571973645015,0.17897114911442916,0.563886785206296,0.17466878219206047,0.5357579153438655,0.17208130276028302,0.5215547595566681,0.1703423402059244,0.5133978340061162,0.17059445004251814,0.5143578133985012,0.17237981496391752,0.5205632646185354
hier_source_balanced_provisional_e3_sd120,CEC other,2022-2024 tuning,6,306,0.4339934809890602,3.184093861073657,0.23100105159228682,0.6621009832092235,0.23782083803252774,0.2141136316894294,0.16011963722777495,0.08949969288252398,0.24888531044954817,0.7481549832155832,0.24091333632924913,0.7048641033265918,0.2351472165009509,0.6785853160387422,0.2280431322057704,0.6515820169832032,0.22595930038679554,0.6448503429714355,0.2235636548955431,0.6380137453050261
hier_source_balanced_provisional_e3_sd120,CEC other,2025+ locked evaluation,4,231,0.6180726214293344,3.814099731778869,0.18852790672260467,0.572002860377097,0.18603833248781215,0.17021124310486122,0.13065636489055008,0.09498011814664917,0.19748803886776645,0.6321743175594662,0.19296042867271634,0.5996195732247024,0.19014075113081783,0.581688092588073,0.18776787666467268,0.5672034936652398,0.18761072380346952,0.5653960176318839,0.1884470602951793,0.5666986072188477
hier_source_balanced_provisional_e3_sd120,CEC provincial / local,2022-2024 tuning,124,2868,0.5280848539108297,2.481831138848488,0.2261831563118143,0.6714688648988464,0.07942749384372463,0.15546276601827214,0.1932021163771748,0.14584943986594093,0.24116217118196173,0.7797179948653175,0.23466777783306142,0.7264603410271695,0.22980464140883022,0.6931017590715524,0.22351101289530598,0.6571417886578179,0.22156734032785547,0.6475567537648989,0.2192339296695769,0.6369128909173293
hier_source_balanced_provisional_e3_sd120,CEC provincial / local,2025+ locked evaluation,233,5930,0.609825617113323,2.3017590979094162,0.1968362357692783,0.5932778443780294,0.07978160372999211,0.14487554761815297,0.1715163248106192,0.12093852776080401,0.20913198213838335,0.680605585735523,0.20354626182898766,0.6360906666628576,0.1995766790435294,0.6094524305508933,0.19502874638762147,0.5835540564685252,0.19392890163202872,0.5779542995229267,0.19320773822764462,0.5739684742980112
hier_source_balanced_provisional_e3_sd120,Open WC+,2022-2024 tuning,69,2883,0.724058256353346,2.8629618197495517,0.15423836240439737,0.4742897372946996,0.13781147036007996,0.1488674649960763,0.12178269574526396,0.07384203947145439,0.16383087734100452,0.5392446051791806,0.15920308543977743,0.5039515313761364,0.15612329464856345,0.4844975657365693,0.1532700518590777,0.469738932036296,0.15300157602470538,0.4687535021146616,0.1539296335661033,0.47282232819702547
hier_source_balanced_provisional_e3_sd120,Open WC+,2025+ locked evaluation,45,1831,0.7499050473099339,2.5908464127718003,0.14783897896411616,0.4579409228093072,0.14190261753521222,0.1482471559359935,0.11433957450500579,0.07107639039794175,0.1547779269455956,0.5055475898426348,0.15109151959280598,0.47792088549720846,0.14890142059951084,0.4639955673498668,0.14762079418022667,0.4566006742472539,0.148030447437061,0.45814974047666157,0.1501134435545595,0.4659029753594627
hier_source_balanced_provisional_e3_sd120,Other,2022-2024 tuning,736,23350,0.590243631953791,2.5586181120447957,0.20775714941585627,0.6335921005521797,0.10219622473012027,0.1448190474269752,0.16182567448384738,0.12453648376333801,0.22168846380326962,0.7432154551355193,0.21564109257957784,0.6890583613159488,0.21110895541922128,0.6552829895687198,0.2053239588243721,0.6194704550894307,0.2036057947041215,0.6102816821923417,0.2017168296916763,0.6007966214983044
hier_source_balanced_provisional_e3_sd120,Other,2025+ locked evaluation,1922,47515,0.6894782340771137,2.27494779967652,0.1942764440969759,0.5898938437377353,0.06506502900425735,0.11577514595619354,0.16740265352652678,0.1355891740197478,0.2041119468359957,0.6698119567868537,0.1996566222619289,0.6292754628845678,0.19647502024300864,0.6048349200379215,0.19283518186950918,0.5808604070289496,0.1919769125565333,0.5756375384348348,0.19150139185032833,0.5719323630018497
hier_source_balanced_provisional_e4_sd100,CEC national,2022-2024 tuning,24,1306,0.49724781155043146,3.527050664213041,0.22037996396285955,0.6425892009928391,0.2013862058429259,0.20561545031470693,0.15491578875054154,0.08236854630392694,0.2361517939532697,0.7306129491367689,0.22907456392612568,0.6860880679585502,0.2239899489786357,0.6592274415530927,0.2178626785902339,0.6321943479174236,0.21615723087819297,0.6257640963719294,0.21440767150263842,0.6198138358756529
hier_source_balanced_provisional_e4_sd100,CEC national,2025+ locked evaluation,14,719,0.6741233551612006,3.0619679880550916,0.1675895353074946,0.5076200892269452,0.1577493234039696,0.15708296697648108,0.12185694410583307,0.0666631456080642,0.17466408453035678,0.5510225264267335,0.17078291301166124,0.5253072261356354,0.16857956213495548,0.5127770849736402,0.16747102639251685,0.5067497517171199,0.16797339402485237,0.5084201524652235,0.17015553478715556,0.5156526532302174
hier_source_balanced_provisional_e4_sd100,CEC other,2022-2024 tuning,6,306,0.4678410899399636,3.194321844095081,0.22479397300048262,0.6473478892330028,0.23106046385120826,0.21377364166574178,0.15605295345316592,0.08796380687844257,0.24012261693218953,0.7219547972730163,0.23312823847226113,0.6838287677308158,0.22821078353598565,0.6611690444214843,0.2224616145121213,0.6388611113250818,0.220915303956725,0.6337241356302964,0.21938476784951289,0.6292127523855474
hier_source_balanced_provisional_e4_sd100,CEC other,2025+ locked evaluation,4,231,0.607922754744709,3.793308871850703,0.1907943000248861,0.5787674453324382,0.18862047472460486,0.17247285358271913,0.13331808442723286,0.08662166411958087,0.19977482469278696,0.6405692382809224,0.19524362163993011,0.6073380146740284,0.19241978040738927,0.5888833228673236,0.19001205869863624,0.5735997038291097,0.18982452927009397,0.5714691717483074,0.19058349786556472,0.5722235539771108
hier_source_balanced_provisional_e4_sd100,CEC provincial / local,2022-2024 tuning,124,2868,0.5391582543090551,2.4517477395930913,0.22297935559548715,0.6622219253718691,0.0793021993616506,0.15413752796042618,0.19126455486954805,0.14433443437973417,0.23721008499110752,0.7645853784811151,0.23097397534294056,0.7139591646719851,0.22636416409716215,0.6824668633889093,0.22052307563961712,0.6489651887317593,0.21877409915699852,0.6402295774384514,0.21677258655423187,0.6308469488095108
hier_source_balanced_provisional_e4_sd100,CEC provincial / local,2025+ locked evaluation,233,5930,0.6225032408355011,2.2994505404610366,0.19313597481270278,0.5829260210863408,0.07905890052381666,0.1430455314007518,0.16872638198146506,0.11944024927378522,0.2046291159208894,0.6641132798783815,0.19932069368892788,0.6223389499343635,0.195622012239184,0.5976478387432004,0.19156234639942463,0.5743270724635975,0.1906750604044269,0.5696240134202722,0.19031954142863733,0.5669790917693849
hier_source_balanced_provisional_e4_sd100,Open WC+,2022-2024 tuning,69,2883,0.7328806954070679,2.844631312509934,0.1513348677349105,0.46485657807998315,0.13562904282191454,0.14818696134288437,0.12195774605330886,0.07267002210625288,0.1603225748856119,0.5226981864579657,0.15589213856970968,0.4905567866595159,0.15301637732773754,0.4733651137631736,0.15056405723367128,0.46162487376588096,0.1504837612919073,0.46168921309441474,0.15175362984382185,0.46731215981938673
hier_source_balanced_provisional_e4_sd100,Open WC+,2025+ locked evaluation,45,1831,0.7557726690755028,2.563384818855212,0.14482011710581705,0.44924830913243274,0.14224237184539304,0.1460362544157873,0.1133971975203303,0.07088820993067371,0.15083776294684306,0.4889291501393045,0.14744941021940494,0.46482826588006554,0.14557388142009914,0.45342372878247905,0.1448932038758919,0.4493520262086811,0.14557160831758414,0.4520363534161699,0.14812015026700084,0.46143684065229
hier_source_balanced_provisional_e4_sd100,Other,2022-2024 tuning,736,23350,0.6074053404811317,2.5232903775285176,0.20265962363551468,0.6179077921717354,0.10056007617297615,0.14291384817347058,0.15934134327451693,0.12298154438307025,0.2152704304282162,0.7158172209010395,0.20968244242177417,0.6668958765230621,0.20559454475864747,0.6368374482558881,0.20061079110214555,0.6059078865476003,0.19924327730380792,0.5983928644544776,0.19795960136665383,0.5913619631583259
hier_source_balanced_provisional_e4_sd100,Other,2025+ locked evaluation,1922,47515,0.6965241828160187,2.2619384930481568,0.19216298208255858,0.5826363278213568,0.06456514033619959,0.11488923504022155,0.16630918280939316,0.13480919738999905,0.20161491505682577,0.6577048744255803,0.19728666556869204,0.6193238230711802,0.19423483377657424,0.5964237978824832,0.19084250797689337,0.5744971324330251,0.19009779756797812,0.5699861892130983,0.1898264582941834,0.5673390703255661
hier_source_balanced_provisional_soft_e3_sd120,CEC national,2022-2024 tuning,24,1306,0.48017604468595226,3.5468441298222455,0.22367717661641998,0.6509633329152146,0.20320489428969135,0.20836325306278344,0.1541066497732961,0.08251178108586818,0.24095511385043636,0.7476140647403681,0.2333393500167565,0.6991916083059503,0.22774648895459262,0.6695968935434511,0.22075424542306613,0.639068355865961,0.21869497227557408,0.6314834522948185,0.21637363665841444,0.6239045868438374
hier_source_balanced_provisional_soft_e3_sd120,CEC national,2025+ locked evaluation,14,719,0.6631302317730073,3.0486313546658748,0.17089180744632504,0.5154383129943078,0.16010445421166833,0.15891343300298308,0.12226824786636138,0.0661307452872142,0.1795181076108173,0.56648171859504,0.17507328090668042,0.537287331337753,0.1723469496566042,0.5223415354540228,0.17036924413665946,0.5132658842344286,0.17052501197931494,0.5139405870800546,0.1721601083561747,0.5197767554121066
hier_source_balanced_provisional_soft_e3_sd120,CEC other,2022-2024 tuning,6,306,0.42703310943854006,3.190582896790358,0.23226241669609834,0.6656924198955452,0.23858046676711417,0.21406813469481314,0.1594026131769378,0.08882844057982725,0.25092738608926174,0.7565795701615489,0.24267241907938344,0.7110547123463339,0.23664216790246026,0.6832547305043936,0.22910343090440702,0.6543857244822793,0.22684888041003,0.6470640256408675,0.224187936838835,0.6394255581399418
hier_source_balanced_provisional_soft_e3_sd120,CEC other,2025+ locked evaluation,4,231,0.6124225498193978,3.8527919725924376,0.18997665543890768,0.575506845114314,0.18614266951817887,0.17130269708865153,0.13175361590707516,0.09412774099909776,0.2002321340908838,0.6415380661386099,0.19520999443014403,0.606266094722913,0.1919558613686198,0.5864900725264688,0.18891369965105298,0.5697680934478895,0.18850820969458565,0.5672651569321544,0.1889753050427132,0.5676411473408285
hier_source_balanced_provisional_soft_e3_sd120,CEC provincial / local,2022-2024 tuning,124,2868,0.5298547435564928,2.4828543396305323,0.22616601003805872,0.6716042674049649,0.07928681873573017,0.15511494755954155,0.19254785087585843,0.14573815162463402,0.24133981277390915,0.7813022700664298,0.2347793728579031,0.7273731329854944,0.22984922368041896,0.6935575407714003,0.22343975940042743,0.6570480889800774,0.22145003158445112,0.6472970336424737,0.21904649904087006,0.6364429174776673
hier_source_balanced_provisional_soft_e3_sd120,CEC provincial / local,2025+ locked evaluation,233,5930,0.6086148423701668,2.3036887282779044,0.19722178460575435,0.5945729623053303,0.07956408138486852,0.14518082843496757,0.1713714075383683,0.12096001761388782,0.20978798595245934,0.6839707030372235,0.20410655587620954,0.6385196209299078,0.20004587286970085,0.611224950063221,0.1953392564600851,0.5844927544926428,0.19417310765458792,0.5786215782956541,0.19334353114179045,0.5742614603418078
hier_source_balanced_provisional_soft_e3_sd120,Open WC+,2022-2024 tuning,69,2883,0.7204377130545804,2.860775631300973,0.1551700402525086,0.4770270819106116,0.13866903293567504,0.14961085698493995,0.12221972017382422,0.07413484730674974,0.16498846887299123,0.5439181707489622,0.16028483698071994,0.5077640849482119,0.15712848146915076,0.487694633476726,0.154133173319465,0.4721214427492422,0.153801832179005,0.4708550043368378,0.1546212030581926,0.4745096480772158
hier_source_balanced_provisional_soft_e3_sd120,Open WC+,2025+ locked evaluation,45,1831,0.7467046890495369,2.5876452058680988,0.14894957320913754,0.4612042851918237,0.14283789342750677,0.14892056010175372,0.11456115230062829,0.07074370599780497,0.15621581396832615,0.5114437469120663,0.1524158437477869,0.48264243543844143,0.1501155883979431,0.4678808048550519,0.14863595259330997,0.45938664188049105,0.14895879917722984,0.4605600924032206,0.15089313714617908,0.46776597592940833
hier_source_balanced_provisional_soft_e3_sd120,Other,2022-2024 tuning,736,23350,0.5896236478685708,2.564546895971438,0.2084240907605725,0.6357509010553024,0.10222838366555535,0.14499231394401174,0.16233775030964084,0.12457580582168444,0.2226066123704097,0.747636105884426,0.21647447298510042,0.6924636903285714,0.21185710892784923,0.6579704578698334,0.20591584332264853,0.6212281035310645,0.20412956443876148,0.6117278495201424,0.20212496199761973,0.60179865007852
hier_source_balanced_provisional_soft_e3_sd120,Other,2025+ locked evaluation,1922,47515,0.6890474169119088,2.2769225417144106,0.19439925248234713,0.5903721024002301,0.06509878331245272,0.1157764855108069,0.16744862985682823,0.13565269477536965,0.20429641969225604,0.6708973337878298,0.19981976463031323,0.6300909156863941,0.19661745327484348,0.6054570355965616,0.1929397542139189,0.5812287164774192,0.19206478440049518,0.5759201267082427,0.1915605217786986,0.5720926979204594
hier_source_conservative,CEC national,2022-2024 tuning,24,1306,0.5243308182914467,3.627895161900529,0.22323702152106842,0.6414339011794072,0.21899923293240298,0.2249244969058297,0.20454936083057876,0.16558902748756946,,,,,,,,,,,,
hier_source_conservative,CEC national,2025+ locked evaluation,14,719,0.6320575117551369,3.3353960963876155,0.19435758816528642,0.5780021599195467,0.19888437534747544,0.19489591198339482,0.16403216407131765,0.11995122789777073,,,,,,,,,,,,
hier_source_conservative,CEC other,2022-2024 tuning,6,306,0.49471252129873405,3.4559331977067758,0.223709421971927,0.640929168279096,0.23369660458361582,0.22707784421889987,0.2017870700408028,0.1433513744204938,,,,,,,,,,,,
hier_source_conservative,CEC other,2025+ locked evaluation,4,231,0.547104974621058,3.546763923292287,0.2036483268957798,0.6035516468255151,0.21114742932736036,0.19659461538358453,0.14198044639506077,0.10651513499718654,,,,,,,,,,,,
hier_source_conservative,CEC provincial / local,2022-2024 tuning,124,2868,0.5499131493331413,2.8154564119192527,0.22888821140455348,0.6550220906405702,0.09732456809098758,0.17211874946792952,0.222233901776046,0.21329785676769808,,,,,,,,,,,,
hier_source_conservative,CEC provincial / local,2025+ locked evaluation,233,5930,0.6216917675203701,2.776997880497717,0.2134544091926036,0.6224648263803403,0.10919969851986164,0.17380468659951012,0.21149220639469932,0.18861993053958487,,,,,,,,,,,,
hier_source_conservative,Open WC+,2022-2024 tuning,69,2883,0.7441117656688072,3.00213733829549,0.16465195859070988,0.5087473193801569,0.16750064990540467,0.17217219301754114,0.14323400052685886,0.09054945827616931,,,,,,,,,,,,
hier_source_conservative,Open WC+,2025+ locked evaluation,45,1831,0.8049849910625159,2.8542462511376345,0.15437307585638102,0.48685794211768635,0.166863080963919,0.16699277444044744,0.1314317455857572,0.08563262932575876,,,,,,,,,,,,
hier_source_conservative,Other,2022-2024 tuning,736,23350,0.6372904024845635,2.874004328479109,0.21037553015850927,0.6196845200871988,0.12084521829907566,0.1676857878566301,0.19880518627157884,0.18007896124653547,,,,,,,,,,,,
hier_source_conservative,Other,2025+ locked evaluation,1922,47515,0.701090828919341,2.818310494621913,0.22442508108542142,0.6481592073690474,0.08664633201602366,0.147754113408412,0.2164379530943821,0.2129677284321936,,,,,,,,,,,,
hier_source_strong,CEC national,2022-2024 tuning,24,1306,0.5247501369057245,3.6268666624120915,0.22322127901908229,0.6414331098861874,0.21886840759935644,0.2248926577230015,0.20438815218035275,0.16579485912746428,,,,,,,,,,,,
hier_source_strong,CEC national,2025+ locked evaluation,14,719,0.6321635356847058,3.344321791822849,0.19482641601496153,0.5792712710885747,0.19939213651446278,0.19537642117660908,0.16527643800350764,0.12173122367920808,,,,,,,,,,,,
hier_source_strong,CEC other,2022-2024 tuning,6,306,0.4987867073896662,3.426977068711473,0.22247861542684955,0.6383085264143402,0.23294766659070545,0.2261933144481291,0.2000151773341846,0.14223407029907068,,,,,,,,,,,,
hier_source_strong,CEC other,2025+ locked evaluation,4,231,0.5706693409092665,3.540045564441711,0.2019393229735287,0.60010112056974,0.21019589408522155,0.1963416245182582,0.14259989178499569,0.10712824846285046,,,,,,,,,,,,
hier_source_strong,CEC provincial / local,2022-2024 tuning,124,2868,0.5520095732176428,2.8151694839330452,0.22877963247533448,0.654807274873287,0.0973208352889177,0.17208266771815622,0.22212234504163858,0.2131357400470684,,,,,,,,,,,,
hier_source_strong,CEC provincial / local,2025+ locked evaluation,233,5930,0.6230265221131833,2.7794430732006683,0.2135375919725066,0.6227248963184829,0.10921612754001357,0.17386196969419462,0.21160815333742358,0.18888248135782593,,,,,,,,,,,,
hier_source_strong,Open WC+,2022-2024 tuning,69,2883,0.7410018369242236,3.001252462762892,0.16176594898357458,0.5010361661077612,0.16278986848506466,0.16845364418296735,0.14013401523526797,0.09016503546931087,,,,,,,,,,,,
hier_source_strong,Open WC+,2025+ locked evaluation,45,1831,0.7893755659701418,2.8719764798541267,0.1519775610076028,0.48001766540955626,0.16246869820488893,0.16340419985827398,0.1298224562246599,0.08669267566591156,,,,,,,,,,,,
hier_source_strong,Other,2022-2024 tuning,736,23350,0.6402708386313087,2.8761705530355894,0.20996136990121753,0.6189191779489523,0.1206233784138078,0.1674555322654231,0.19833847400638585,0.17972672010048915,,,,,,,,,,,,
hier_source_strong,Other,2025+ locked evaluation,1922,47515,0.7014613279536596,2.817530055473081,0.22426990904587224,0.6478610120885938,0.0864930084558607,0.1475458155352839,0.21625838593491378,0.21276847749776936,,,,,,,,,,,,
quality_a0.35_transfer_1.00,CEC national,2022-2024 tuning,24,1306,0.53050903001675,3.6367311012947936,0.22590058665096044,0.6472658593536385,0.2213478612201123,0.22738965836775013,0.20984919535696092,0.17764288274798876,,,,,,,,,,,,
quality_a0.35_transfer_1.00,CEC national,2025+ locked evaluation,14,719,0.6310072819380744,3.4075636820419777,0.20188486278087245,0.5957921457735755,0.2071213648724987,0.20414505986120554,0.17770920743895188,0.13989512725757774,,,,,,,,,,,,
quality_a0.35_transfer_1.00,CEC other,2022-2024 tuning,6,306,0.5188033610432402,3.3727576302184623,0.2212123313425655,0.6357587510857613,0.231830590338973,0.22566678174085464,0.1997767015930669,0.14706069618084291,,,,,,,,,,,,
quality_a0.35_transfer_1.00,CEC other,2025+ locked evaluation,4,231,0.6031156296254241,3.531022015251886,0.19821370501533958,0.5933094583689905,0.20835212883260049,0.19628030426544596,0.14985829217315355,0.11631536907089354,,,,,,,,,,,,
quality_a0.35_transfer_1.00,CEC provincial / local,2022-2024 tuning,124,2868,0.5363012987381763,2.8402917703060755,0.23180248326369923,0.6611469666084592,0.09875078498955786,0.17403465115880584,0.22483163165768444,0.21938594574608825,,,,,,,,,,,,
quality_a0.35_transfer_1.00,CEC provincial / local,2025+ locked evaluation,233,5930,0.6131142245927376,2.8287263553896214,0.21991697056668502,0.6367564681743731,0.11254993834116923,0.17848748586627572,0.218231890960495,0.19960298363759021,,,,,,,,,,,,
quality_a0.35_transfer_1.00,Open WC+,2022-2024 tuning,69,2883,0.7303493464191227,2.993371030693082,0.15954605773063407,0.49364399815080257,0.15753012953499484,0.16414838277083807,0.13670410940463398,0.08936962558675488,,,,,,,,,,,,
quality_a0.35_transfer_1.00,Open WC+,2025+ locked evaluation,45,1831,0.7608209374296973,2.8771458305102504,0.15253866334845703,0.4782720671165303,0.1590312396770538,0.16178664654522143,0.12938001016351902,0.08620653910442264,,,,,,,,,,,,
quality_a0.35_transfer_1.00,Other,2022-2024 tuning,736,23350,0.6335024054863627,2.9221646201782825,0.21392559815416845,0.6277019487895535,0.12256124512345791,0.17060475911389658,0.20165517698308852,0.18538927251989334,,,,,,,,,,,,
quality_a0.35_transfer_1.00,Other,2025+ locked evaluation,1922,47515,0.6976085307325193,2.837622184405588,0.22741406947789214,0.6544979333900703,0.08791236635657766,0.14936492810427676,0.2189765028225633,0.2174221369632393,,,,,,,,,,,,
quality_a0.50_transfer_0.20,CEC national,2022-2024 tuning,24,1306,0.5274927406918628,3.645699060817714,0.22822710699572057,0.6521069691270504,0.22357604580320312,0.22991177429379675,0.21453959385969465,0.1844774066033944,0.21999704071425874,0.6340481284952777,0.22332782452102673,0.6415101944584,0.22602256341021856,0.6473874318293472,0.2300545679235929,0.655967454008468,0.23158922292026907,0.6591776676274556,0.23401426963610059,0.6641994383303155
quality_a0.50_transfer_0.20,CEC national,2025+ locked evaluation,14,719,0.6257234554888017,3.3997597128614103,0.2047852012183152,0.6018213456687623,0.21014592250229583,0.20701736541276522,0.18169200548385178,0.14159884101497502,0.19090575446635086,0.5684053478161822,0.19615998035995544,0.5815588744067393,0.20077969298099865,0.5925859004198183,0.20825063184795373,0.6096083624792131,0.2112572867709758,0.6162335671289095,0.2161780223959918,0.6268541205666949
quality_a0.50_transfer_0.20,CEC other,2022-2024 tuning,6,306,0.5197210595093954,3.4159047156654,0.22401908007277446,0.6418126011737063,0.23394618396460465,0.22890875084906911,0.20716877020198918,0.1534199355632255,0.2168806341697426,0.625059194514935,0.21951767219355908,0.6314063899524816,0.2219073209937625,0.6369949695392946,0.22587108284129886,0.6459531374655455,0.22749473852905364,0.6495244215070283,0.2301829806835262,0.6553302323295669
quality_a0.50_transfer_0.20,CEC other,2025+ locked evaluation,4,231,0.5753221545804625,3.508703457751759,0.20285085876612405,0.6028778898336776,0.2136315122434782,0.20155189544483804,0.14877014721366374,0.1142186268023563,0.1957252647116195,0.5841019094302191,0.19773620162589933,0.5897532791360409,0.2002434939562292,0.5963635858896619,0.20537606889571808,0.60893302211954,0.20774199750919314,0.6144313395817163,0.21191733163531948,0.6238180853427119
quality_a0.50_transfer_0.20,CEC provincial / local,2022-2024 tuning,124,2868,0.5308620652772428,2.8581796204356014,0.2343809227670309,0.666446024299007,0.09988024043834613,0.1755632998479229,0.2270460225171762,0.22461484054714612,0.22864987495333838,0.6542700285799314,0.23101609209134646,0.6593527771100578,0.23288079817637208,0.663302180563862,0.2356104304281206,0.6690020896171592,0.23663467605389454,0.671118219885711,0.23824029263933463,0.6744133876662688
quality_a0.50_transfer_0.20,CEC provincial / local,2025+ locked evaluation,233,5930,0.6012904431242142,2.8503608741345676,0.22365729093236772,0.6445448654543253,0.11464259628687103,0.18125226309144266,0.22199694725970195,0.20604746597264084,0.21426224962698112,0.6234817675726521,0.2180497141597491,0.6321707438752944,0.2211270711697441,0.6390267231923147,0.2257646050998003,0.649068547520553,0.2275415805275496,0.6528376371101448,0.2303633781506353,0.6587477507359865
quality_a0.50_transfer_0.20,Open WC+,2022-2024 tuning,69,2883,0.7450415827125845,2.977064075274189,0.15958952880884053,0.4952690716184332,0.1604081105819087,0.1651729487910364,0.13664273872283678,0.0885847309740866,0.15010374130992396,0.46376145859916906,0.1525022227977023,0.4725752033865378,0.15583640901240728,0.48370988594803105,0.1634630674385358,0.5064514483596595,0.1672881821914108,0.5169359311362115,0.17447126043196923,0.5355039416125897
quality_a0.50_transfer_0.20,Open WC+,2025+ locked evaluation,45,1831,0.794795933027447,2.841664509040925,0.14968536135335758,0.4737087740267847,0.16024250154688702,0.15959133430904113,0.12447320674637039,0.08377462163643488,0.1367718126956788,0.43128060487203157,0.1405256689679856,0.44483328911415637,0.14498709799846726,0.4594581052053668,0.15435995480364603,0.4870367824008555,0.15887128161414363,0.4992750764919265,0.16716574993186192,0.5205429738061176
quality_a0.50_transfer_0.20,Other,2022-2024 tuning,736,23350,0.6236753111479271,2.935436775167564,0.21721831702856934,0.6345977729397138,0.12488807938454886,0.17318515521677658,0.2068846697111684,0.1932144477260737,0.2082717055988524,0.613850870530847,0.21172813267509188,0.6220018426275793,0.21468597787550192,0.6288459353219217,0.2193971482905219,0.6394663342590629,0.22128412976414588,0.6436242183942495,0.2243747069491922,0.6503228558993126
quality_a0.50_transfer_0.20,Other,2025+ locked evaluation,1922,47515,0.6924500272459868,2.8521376546835775,0.23047196710205786,0.6606954895066592,0.08948728370507353,0.15150461374047144,0.222183604202261,0.22210441364194217,0.22412067630811258,0.646815863940163,0.2267330818852829,0.6525639268921226,0.2287981036908884,0.6570723707097846,0.2318562515880567,0.6636671008692039,0.23301997219342366,0.6661464711119526,0.23486684674605782,0.6700444774287028
quality_a0.50_transfer_0.35,CEC national,2022-2024 tuning,24,1306,0.5278186437664668,3.646722749633369,0.2282416625439382,0.6521470295388417,0.22352144905260354,0.22994322542836268,0.21458843732432034,0.18445097318376436,,,,,,,,,,,,
quality_a0.50_transfer_0.35,CEC national,2025+ locked evaluation,14,719,0.6252304490287084,3.408613493774285,0.20489334541166535,0.6021583284344134,0.2101307214684014,0.20713418551431365,0.18232293040010297,0.14227351271161204,,,,,,,,,,,,
quality_a0.50_transfer_0.35,CEC other,2022-2024 tuning,6,306,0.5214262802372049,3.4124648924310956,0.2236844578394678,0.6411111323764228,0.23372462208046182,0.22865271479220997,0.20638506003948043,0.1531321891942927,,,,,,,,,,,,
quality_a0.50_transfer_0.35,CEC other,2025+ locked evaluation,4,231,0.5867524582602405,3.5196970041863747,0.20221393635853455,0.6017220940747104,0.21318226679208513,0.20097718716012736,0.15094165921338326,0.11642135143296158,,,,,,,,,,,,
quality_a0.50_transfer_0.35,CEC provincial / local,2022-2024 tuning,124,2868,0.530708761592746,2.8585643030511783,0.23438916906098364,0.6664641460719228,0.09988077595470797,0.17558247388357484,0.22704544426999895,0.22461929574974343,,,,,,,,,,,,
quality_a0.50_transfer_0.35,CEC provincial / local,2025+ locked evaluation,233,5930,0.6019149281456222,2.8508091146512986,0.22366061269813076,0.6445740328779326,0.11465440888126532,0.18126575775233217,0.2220128857053692,0.20610929505139722,,,,,,,,,,,,
quality_a0.50_transfer_0.35,Open WC+,2022-2024 tuning,69,2883,0.7435435856495914,2.981255015138733,0.1595645504393936,0.49512240916477807,0.1601374229678502,0.16515055162996334,0.13678790732978174,0.08878346796615046,,,,,,,,,,,,
quality_a0.50_transfer_0.35,Open WC+,2025+ locked evaluation,45,1831,0.7914514154008621,2.8486800569942994,0.1498593523562172,0.4740674381334768,0.1600968021036564,0.15997988524385537,0.12552451234238773,0.08425520157827811,,,,,,,,,,,,
quality_a0.50_transfer_0.35,Other,2022-2024 tuning,736,23350,0.6243143239201864,2.937685181138777,0.21707589967998792,0.6343661708244348,0.12473383040443924,0.17301222369083508,0.20650925649686544,0.19295355255503396,,,,,,,,,,,,
quality_a0.50_transfer_0.35,Other,2025+ locked evaluation,1922,47515,0.6931751516293443,2.852970598515973,0.23043865039566225,0.6606653759936522,0.08944182498323658,0.15142887845924383,0.222156730177776,0.22213300016558185,,,,,,,,,,,,
quality_a0.50_transfer_0.50,CEC national,2022-2024 tuning,24,1306,0.5284917694961054,3.6473218331056043,0.22828781209004068,0.6522572279164633,0.22358773604139215,0.22984028039697293,0.21451473901968024,0.18466233521351852,,,,,,,,,,,,
quality_a0.50_transfer_0.50,CEC national,2025+ locked evaluation,14,719,0.6254503064869006,3.4155671824373015,0.2052446936622201,0.603024299252082,0.2104461206364985,0.20760216181991203,0.18308123551928104,0.1432737734127239,,,,,,,,,,,,
quality_a0.50_transfer_0.50,CEC other,2022-2024 tuning,6,306,0.5224197102820692,3.4077453866665075,0.22343672819775376,0.6406017886759395,0.2335434967189345,0.22853265228519007,0.20561193231843633,0.15391236246925857,,,,,,,,,,,,
quality_a0.50_transfer_0.50,CEC other,2025+ locked evaluation,4,231,0.6032505351411556,3.5263298090470387,0.20154632076521106,0.6004799674964532,0.21240676042500362,0.2012517302429827,0.1532267696485709,0.11688302492432986,,,,,,,,,,,,
quality_a0.50_transfer_0.50,CEC provincial / local,2022-2024 tuning,124,2868,0.5308552402361189,2.8587619600486014,0.2344002396829167,0.6664906347484344,0.09988090975515355,0.17560028184569337,0.22704816446809864,0.2246410347829209,,,,,,,,,,,,
quality_a0.50_transfer_0.50,CEC provincial / local,2025+ locked evaluation,233,5930,0.6035389934169395,2.8523677831972414,0.223733342280391,0.644759428708575,0.11467840240823275,0.18130578772113093,0.22209371925880508,0.20622467531652985,,,,,,,,,,,,
quality_a0.50_transfer_0.50,Open WC+,2022-2024 tuning,69,2883,0.7416495727153268,2.9854037443823658,0.15964014337803076,0.49516861274204543,0.1599016789842514,0.16513599041757288,0.13691334379504894,0.08905258477620903,,,,,,,,,,,,
quality_a0.50_transfer_0.50,Open WC+,2025+ locked evaluation,45,1831,0.7873940642829717,2.855742267350368,0.1502219714672661,0.4747578988628551,0.160163031223741,0.16028950068387213,0.1266434105708901,0.08474698069954216,,,,,,,,,,,,
quality_a0.50_transfer_0.50,Other,2022-2024 tuning,736,23350,0.6243863616647376,2.94020490129235,0.21700277445052074,0.634261540123842,0.12461383890243995,0.17295776979832497,0.20616534852201576,0.19265612501623863,,,,,,,,,,,,
quality_a0.50_transfer_0.50,Other,2025+ locked evaluation,1922,47515,0.693710671417853,2.853880993403728,0.23043765204325245,0.6606959072025133,0.0894054820890121,0.15138369306429056,0.22209029329319016,0.22217530547345718,,,,,,,,,,,,
quality_a0.50_transfer_0.70,CEC national,2022-2024 tuning,24,1306,0.5282178744498786,3.650131954554597,0.22844221290752253,0.6525995690667027,0.22369721353619199,0.23007121130348976,0.21488472228395497,0.18564087806126553,,,,,,,,,,,,
quality_a0.50_transfer_0.70,CEC national,2025+ locked evaluation,14,719,0.6237600701256454,3.4268435904100265,0.20587756230743254,0.6045020072578016,0.2110780381065558,0.20818074115779409,0.18403379025592814,0.14539105148491097,,,,,,,,,,,,
quality_a0.50_transfer_0.70,CEC other,2022-2024 tuning,6,306,0.5258455481908902,3.400604720683612,0.22312483667458285,0.6399587790331077,0.23329956326958365,0.22831785756091424,0.20492669698509222,0.1543415015395148,,,,,,,,,,,,
quality_a0.50_transfer_0.70,CEC other,2025+ locked evaluation,4,231,0.6055851513170467,3.529040533650489,0.20069709518057127,0.5988872998064916,0.21153195533505753,0.20036095771604145,0.15578162987380578,0.11872096319869954,,,,,,,,,,,,
quality_a0.50_transfer_0.70,CEC provincial / local,2022-2024 tuning,124,2868,0.5316315802844958,2.859783040863554,0.2344303208000395,0.6665603803526259,0.09988187381396454,0.17562231114449212,0.22705669760350067,0.22467734137735104,,,,,,,,,,,,
quality_a0.50_transfer_0.70,CEC provincial / local,2025+ locked evaluation,233,5930,0.6045451557568319,2.854687378529956,0.223907742094092,0.6451677252346498,0.11473286409237522,0.18139062681786705,0.2222601368972394,0.2065699006764719,,,,,,,,,,,,
quality_a0.50_transfer_0.70,Open WC+,2022-2024 tuning,69,2883,0.7380327619129827,2.9913916784756585,0.1599371170869237,0.4956265826650846,0.15958757094986126,0.16520348686488473,0.13714919836594322,0.08947907956073345,,,,,,,,,,,,
quality_a0.50_transfer_0.70,Open WC+,2025+ locked evaluation,45,1831,0.7800863473055222,2.8657862874426954,0.15111068992649546,0.47646949056562504,0.1600534100213778,0.16106261725703938,0.12793989361720154,0.08544032678724817,,,,,,,,,,,,
quality_a0.50_transfer_0.70,Other,2022-2024 tuning,736,23350,0.6253358276189636,2.94384275463293,0.21702757957534424,0.6343567106382395,0.12451666147640708,0.1729390711099861,0.20581729494609152,0.19234413967521197,,,,,,,,,,,,
quality_a0.50_transfer_0.70,Other,2025+ locked evaluation,1922,47515,0.693543800279583,2.8548675989933123,0.23045942002712883,0.6607717574760207,0.08939153620296651,0.15133753711972758,0.22198199983196085,0.22218273938001953,,,,,,,,,,,,
quality_a0.50_transfer_1.00,CEC national,2022-2024 tuning,24,1306,0.5278843422275146,3.6551520839639573,0.22869594818663253,0.6531528300253931,0.22384873530497404,0.2303905654888311,0.2150632629426714,0.18663253001897626,,,,,,,,,,,,
quality_a0.50_transfer_1.00,CEC national,2025+ locked evaluation,14,719,0.6266643900957395,3.44351237912571,0.20674827422260972,0.6065263448284804,0.21193825044816453,0.20943069671122358,0.1855227919046101,0.1485013838674149,,,,,,,,,,,,
quality_a0.50_transfer_1.00,CEC other,2022-2024 tuning,6,306,0.5236133903578154,3.389127524262553,0.22282656030855139,0.6393266296675657,0.23302732386533986,0.22803317250981003,0.20395906401644417,0.1548899175224727,,,,,,,,,,,,
quality_a0.50_transfer_1.00,CEC other,2025+ locked evaluation,4,231,0.6150772065786965,3.539085738346228,0.19967269525577735,0.597016375164018,0.21084106244225387,0.19905961867168784,0.1552050542940558,0.12218018390570051,,,,,,,,,,,,
quality_a0.50_transfer_1.00,CEC provincial / local,2022-2024 tuning,124,2868,0.5318473336370486,2.8614355934278097,0.23449580403208287,0.6667055724777428,0.09989309994924772,0.17566635704768754,0.2271006318440817,0.22481575667956868,,,,,,,,,,,,
quality_a0.50_transfer_1.00,CEC provincial / local,2025+ locked evaluation,233,5930,0.6047545353036254,2.8590328713554363,0.22424118072688418,0.6459200089033322,0.11484598361302573,0.1815702799065374,0.22258271492012413,0.20726196349631587,,,,,,,,,,,,
quality_a0.50_transfer_1.00,Open WC+,2022-2024 tuning,69,2883,0.7307754815438883,3.001036352412011,0.16073616813560174,0.4970474601853566,0.15937446423391224,0.16548870542656996,0.13795722509535693,0.0900619892557242,,,,,,,,,,,,
quality_a0.50_transfer_1.00,Open WC+,2025+ locked evaluation,45,1831,0.763430255231945,2.882711050481188,0.15311988104991045,0.48039975580519145,0.1603774688080654,0.16274717054843377,0.13016603070268443,0.08671782060924858,,,,,,,,,,,,
quality_a0.50_transfer_1.00,Other,2022-2024 tuning,736,23350,0.6247628427066657,2.949523378316768,0.21723733143097884,0.6348248999242064,0.12445210464385967,0.17309411027339242,0.20546887492257,0.19164697633505362,,,,,,,,,,,,
quality_a0.50_transfer_1.00,Other,2025+ locked evaluation,1922,47515,0.694180735109168,2.8563222799046737,0.2305308726903716,0.6609501162204862,0.0893839402943457,0.15132503979837508,0.22189346239099556,0.22222975478845464,,,,,,,,,,,,
quality_a0.75_transfer_1.00,CEC national,2022-2024 tuning,24,1306,0.5207038996495912,3.6825532913383463,0.2328658933624752,0.6618063558535333,0.2275274714692823,0.23482183802616263,0.2228454277333133,0.2002657708603708,,,,,,,,,,,,
quality_a0.75_transfer_1.00,CEC national,2025+ locked evaluation,14,719,0.6206130137727659,3.5025485772579246,0.21463000278428196,0.6234684673142075,0.220036803402671,0.21749902523099465,0.1979883400371163,0.16342898481202142,,,,,,,,,,,,
quality_a0.75_transfer_1.00,CEC other,2022-2024 tuning,6,306,0.5388709634325473,3.4149585196232835,0.22576740304203083,0.645670699125634,0.23516897316252097,0.23206683879513076,0.2117151603066096,0.1693133213476837,,,,,,,,,,,,
quality_a0.75_transfer_1.00,CEC other,2025+ locked evaluation,4,231,0.6328581066350866,3.5565648456193646,0.20281151385840424,0.6044436302092892,0.21457478148773995,0.20555702748256316,0.16468779545901932,0.1312085094606899,,,,,,,,,,,,
quality_a0.75_transfer_1.00,CEC provincial / local,2022-2024 tuning,124,2868,0.5214271727972947,2.8886575370209444,0.23809236015368057,0.6740531135346366,0.10141461717609393,0.17774141866102047,0.23010454776446992,0.23192141106865097,,,,,,,,,,,,
quality_a0.75_transfer_1.00,CEC provincial / local,2025+ locked evaluation,233,5930,0.5866879920704601,2.901620528650839,0.23044911908098456,0.658857165566068,0.11794169659577795,0.18584337913435023,0.22857672445400565,0.21824923633361723,,,,,,,,,,,,
quality_a0.75_transfer_1.00,Open WC+,2022-2024 tuning,69,2883,0.7291506821816004,3.0137363754437727,0.16288379735741296,0.5029882491125283,0.16274199622864166,0.1679378615878212,0.14017986435030486,0.09130348220285787,,,,,,,,,,,,
quality_a0.75_transfer_1.00,Open WC+,2025+ locked evaluation,45,1831,0.7684334098129101,2.8944771339141604,0.15448559262917505,0.48476779356096716,0.16279333800803159,0.16454859487830067,0.13126258941645313,0.087730848505228,,,,,,,,,,,,
quality_a0.75_transfer_1.00,Other,2022-2024 tuning,736,23350,0.6102268145033969,2.9895494913107616,0.2222080311216064,0.6453785353016885,0.1272438432954753,0.1767362126484991,0.21121019043015407,0.20106421659518858,,,,,,,,,,,,
quality_a0.75_transfer_1.00,Other,2025+ locked evaluation,1922,47515,0.6874477731753809,2.8811369587022013,0.23460818976742603,0.6693458874392234,0.09134517615121229,0.15389796534242448,0.22576481094045686,0.22856589241845468,,,,,,,,,,,,
quality_a1.00_transfer_1.00,CEC national,2022-2024 tuning,24,1306,0.5061694643818847,3.7063660171217365,0.23632448453662136,0.6688931496116318,0.2304568015665608,0.23858288384794077,0.2286612333168113,0.21044764224723467,,,,,,,,,,,,
quality_a1.00_transfer_1.00,CEC national,2025+ locked evaluation,14,719,0.6094391760960889,3.557718055825579,0.2217214521348942,0.6383547007379915,0.2272139622077789,0.22488224540671412,0.20917057906143047,0.1776354277011077,,,,,,,,,,,,
quality_a1.00_transfer_1.00,CEC other,2022-2024 tuning,6,306,0.5336106116290317,3.440764225237043,0.22876227492470477,0.652003685146407,0.2373208526960436,0.23522917933155296,0.21850115606393353,0.18210315498394922,,,,,,,,,,,,
quality_a1.00_transfer_1.00,CEC other,2025+ locked evaluation,4,231,0.6416106823757866,3.582571037945626,0.20679695608883358,0.6133816051605203,0.21917077373475763,0.21178811770536002,0.17434596229596772,0.14305327998776174,,,,,,,,,,,,
quality_a1.00_transfer_1.00,CEC provincial / local,2022-2024 tuning,124,2868,0.5071015204776702,2.909392797282395,0.24071960666140466,0.6793817149098917,0.10248324269114788,0.17924679536199048,0.23228628972535165,0.2370773633460319,,,,,,,,,,,,
quality_a1.00_transfer_1.00,CEC provincial / local,2025+ locked evaluation,233,5930,0.5681325433442695,2.934847820619724,0.23525888943365006,0.6687364398379035,0.12021946881854544,0.18901626312529948,0.2329278484460775,0.2269422201136322,,,,,,,,,,,,
quality_a1.00_transfer_1.00,Open WC+,2022-2024 tuning,69,2883,0.7280585203159612,3.0265707992350523,0.16525511491344264,0.5093099418385618,0.1661750249859744,0.17063231086179134,0.14248801458774923,0.09248251970742444,,,,,,,,,,,,
quality_a1.00_transfer_1.00,Open WC+,2025+ locked evaluation,45,1831,0.7710560488648183,2.9051785268257535,0.15623970633022186,0.48989371262222886,0.16545279531366772,0.16670083536641278,0.13267776984795324,0.08876003135352681,,,,,,,,,,,,
quality_a1.00_transfer_1.00,Other,2022-2024 tuning,736,23350,0.5946504669449669,3.02316037219221,0.22645496051061964,0.6542902328289913,0.12958966733374222,0.17978728417260034,0.21607129303236366,0.20915529701334992,,,,,,,,,,,,
quality_a1.00_transfer_1.00,Other,2025+ locked evaluation,1922,47515,0.6806120369437565,2.899697645302163,0.23755804134888328,0.6754016181343389,0.0928268012764602,0.1557749069905507,0.2286252714871198,0.23327333734582478,,,,,,,,,,,,
unweighted_full_transfer,CEC national,2022-2024 tuning,24,1306,0.5357988090514022,3.5961960196747706,0.21932987592259676,0.633010634056112,0.21514565226270968,0.22008587394069312,0.1965336969816329,0.15505879811065895,,,,,,,,,,,,
unweighted_full_transfer,CEC national,2025+ locked evaluation,14,719,0.6391939404994115,3.3224253012635323,0.19124209493615457,0.5711901773325122,0.19440748481829126,0.19175044376116826,0.15981985142540364,0.12011916773615698,,,,,,,,,,,,
unweighted_full_transfer,CEC other,2022-2024 tuning,6,306,0.5186431225041331,3.3382348912071493,0.2179249267976926,0.6282543156359961,0.22909133962129138,0.22046072560839733,0.18981018034995392,0.1295716007399574,,,,,,,,,,,,
unweighted_full_transfer,CEC other,2025+ locked evaluation,4,231,0.5833893682696002,3.5238169226164304,0.19682794149363647,0.5888363491963076,0.2041232432333846,0.18888073321927287,0.13868647702922052,0.10617996570781038,,,,,,,,,,,,
unweighted_full_transfer,CEC provincial / local,2022-2024 tuning,124,2868,0.5581528098299163,2.777114552103321,0.22406475722613847,0.6448333061354475,0.09511945570512229,0.16898908287255393,0.21770823565932107,0.20342964713650744,,,,,,,,,,,,
unweighted_full_transfer,CEC provincial / local,2025+ locked evaluation,233,5930,0.6340624513806324,2.746118161228958,0.20842807408197253,0.6116890373713575,0.1061433755892162,0.16995687235906248,0.2062550626405532,0.1797222407209683,,,,,,,,,,,,
unweighted_full_transfer,Open WC+,2022-2024 tuning,69,2883,0.7298402052342904,2.978573116334929,0.1574828875224735,0.4872826908951334,0.15396812541436783,0.16175101832783795,0.1347229959829067,0.08769772042921235,,,,,,,,,,,,
unweighted_full_transfer,Open WC+,2025+ locked evaluation,45,1831,0.7522072233281125,2.8671802678895655,0.15196005723670752,0.47509941216883417,0.1563767627126827,0.16031089706632748,0.12795717502836698,0.0852763981069102,,,,,,,,,,,,
unweighted_full_transfer,Other,2022-2024 tuning,736,23350,0.6533550423405375,2.8520994035419376,0.20572336332150412,0.6096724378867401,0.11777904125167381,0.1642969868654054,0.19194644465453078,0.17008918923596503,,,,,,,,,,,,
unweighted_full_transfer,Other,2025+ locked evaluation,1922,47515,0.7046295784276361,2.780197328541688,0.21797926549307134,0.6346759595607604,0.08355828393266129,0.14340683431613774,0.21009677934858098,0.203087106151792,,,,,,,,,,,,
