pool,country,rating_family,athletes,median_entry_elo,mean_entry_elo,median_change_first_3,mean_change_first_3,median_observed_events
Boulder_Men,AIN,Global-ELO,8,1795.4294210703156,1800.4319647792765,15.775454778377366,17.408961048331378,2.0
Boulder_Men,AIN,IFSC-ELO,14,1795.4294210703156,1796.91152671481,10.73182448047362,11.243744951322324,1.0
Boulder_Men,AIN,WC+-ELO,4,1804.550076301477,1808.6187185571143,33.802108305495494,34.43395831085394,3.0
Boulder_Men,AND,Global-ELO,1,1795.4294210703156,1795.4294210703156,-20.922127652200516,-20.922127652200516,1.0
Boulder_Men,AND,IFSC-ELO,2,1795.4294210703156,1795.4294210703156,-8.980059640737636,-8.980059640737636,1.0
Boulder_Men,AND,WC+-ELO,1,1795.4294210703156,1795.4294210703156,-20.922127652200516,-20.922127652200516,1.0
Boulder_Men,ARG,Global-ELO,40,1795.4294210703156,1793.1731268721483,-18.51272302319444,-18.02965194109588,2.0
Boulder_Men,ARG,IFSC-ELO,57,1795.4294210703156,1795.9505825380324,-14.404631684710694,-15.272171811632676,1.0
Boulder_Men,ARG,WC+-ELO,22,1795.4294210703156,1786.0234761591964,-15.407447106875566,-20.28529305168602,1.5
Boulder_Men,AUS,Global-ELO,79,1795.4294210703156,1795.9798628170195,-8.034666397554702,-6.157717055687427,1.0
Boulder_Men,AUS,IFSC-ELO,96,1795.4294210703156,1795.9052970457806,-8.210001002653598,-7.307235379387296,2.0
Boulder_Men,AUS,WC+-ELO,43,1795.4294210703156,1797.8579623236542,-5.4031148402632425,-5.2682514291037625,2.0
Boulder_Men,AUT,Global-ELO,77,1795.4294210703156,1809.7560641411003,-0.21377389937856606,-0.3672671270269702,3.0
Boulder_Men,AUT,IFSC-ELO,125,1795.4294210703156,1797.2802165270145,-3.52487405594502,-1.5912948270716023,3.0
Boulder_Men,AUT,WC+-ELO,42,1821.3915567457334,1834.180403810269,18.75083971062145,40.32802188328283,3.0
Boulder_Men,AZE,Global-ELO,8,1795.4294210703156,1795.4294210703156,-18.86935410267347,-27.572216091419904,1.0
Boulder_Men,AZE,IFSC-ELO,9,1795.4294210703156,1795.4294210703156,-18.19491585089463,-26.530293842472652,1.0
Boulder_Men,AZE,WC+-ELO,4,1786.2484449359558,1785.8774857921449,-21.244767425057262,-21.347772644941415,1.0
Boulder_Men,BEL,Global-ELO,39,1795.4294210703156,1796.404337501165,-6.135388029261094,2.845981434540666,2.0
Boulder_Men,BEL,IFSC-ELO,78,1795.4294210703156,1795.851788553535,-14.014976820560832,-11.418655405385275,3.0
Boulder_Men,BEL,WC+-ELO,22,1798.0791527136498,1801.6851028896904,13.695399191683691,30.177608065077298,2.0
Boulder_Men,BIH,Global-ELO,2,1795.4294210703156,1795.4294210703156,-21.640423660176907,-21.640423660176907,1.0
Boulder_Men,BIH,IFSC-ELO,2,1795.4294210703156,1795.4294210703156,-21.640423660176907,-21.640423660176907,1.0
Boulder_Men,BIH,WC+-ELO,2,1795.4294210703156,1795.4294210703156,-21.640423660176907,-21.640423660176907,1.0
Boulder_Men,BLR,Global-ELO,12,1795.4294210703156,1795.4294210703156,-14.988665785491548,-13.025418604513808,1.5
Boulder_Men,BLR,IFSC-ELO,20,1795.4294210703156,1795.4294210703156,-15.99139449270558,-16.113342035469053,1.5
Boulder_Men,BLR,WC+-ELO,12,1795.4294210703156,1791.7220675247336,-13.59448826755829,-10.139296610771188,1.0
Boulder_Men,BOL,Global-ELO,6,1795.4294210703156,1795.4294210703156,-42.45233745083124,-42.32283263005369,2.0
Boulder_Men,BOL,IFSC-ELO,6,1795.4294210703156,1795.4294210703156,-42.45233745083124,-42.32283263005369,2.5
Boulder_Men,BOL,WC+-ELO,3,1776.7781511044275,1781.4686996130824,-18.774650789255475,-20.464275176753137,1.0
Boulder_Men,BRA,Global-ELO,30,1795.4294210703156,1790.5380872156443,-16.42673061900325,-13.829127772826018,3.0
Boulder_Men,BRA,IFSC-ELO,39,1795.4294210703156,1795.9522402808316,-18.83899316120346,-16.104860970739693,3.0
Boulder_Men,BRA,WC+-ELO,27,1795.4294210703156,1793.5078295877772,-16.481839577965957,-14.033418341380168,2.0
Boulder_Men,BRN,Global-ELO,1,1795.4294210703156,1795.4294210703156,-20.44381472066698,-20.44381472066698,1.0
Boulder_Men,BRN,IFSC-ELO,1,1795.4294210703156,1795.4294210703156,-20.44381472066698,-20.44381472066698,1.0
Boulder_Men,BUL,Global-ELO,35,1795.4294210703156,1799.4883636866912,-13.588687007068074,-13.724885066635332,3.0
Boulder_Men,BUL,IFSC-ELO,60,1795.4294210703156,1795.9649537829605,-18.14213090327428,-17.499904383737054,3.0
Boulder_Men,BUL,WC+-ELO,31,1795.4294210703156,1791.591564290601,-6.672335755417635,2.0800573803417506,2.0
Boulder_Men,BWA,Global-ELO,1,1795.4294210703156,1795.4294210703156,-4.287140110578775,-4.287140110578775,3.0
Boulder_Men,BWA,IFSC-ELO,1,1795.4294210703156,1795.4294210703156,-4.287140110578775,-4.287140110578775,3.0
Boulder_Men,BWA,WC+-ELO,1,1794.6637642286014,1794.6637642286014,-3.5214832688645856,-3.5214832688645856,1.0
Boulder_Men,CAM,Global-ELO,4,1795.4294210703156,1793.4349139540436,-19.891934033714165,-18.21365233392936,1.5
Boulder_Men,CAM,IFSC-ELO,6,1795.4294210703156,1795.4294210703156,-27.8920992181595,-25.750323150674564,2.0
Boulder_Men,CAM,WC+-ELO,3,1795.4294210703156,1795.4294210703156,-20.3239529727623,-21.34965725402905,1.0
Boulder_Men,CAN,Global-ELO,662,1795.4294210703156,1795.8538208697623,-1.3396262556581178,-1.5938568657210426,2.0
Boulder_Men,CAN,IFSC-ELO,124,1795.4294210703156,1800.2367681127696,-5.71786827525807,-4.508290434923083,2.0
Boulder_Men,CAN,WC+-ELO,52,1798.774453842222,1801.2601504583183,3.0985390435696445,11.343703687715728,1.0
Boulder_Men,CHI,Global-ELO,23,1795.4294210703156,1792.2495979064327,-3.770426169086022,-2.6216010476244502,1.0
Boulder_Men,CHI,IFSC-ELO,58,1795.4294210703156,1796.1866980504706,-15.085009270876071,-13.690794818003958,1.0
Boulder_Men,CHI,WC+-ELO,31,1795.4294210703156,1795.5003097255033,-15.089570199412492,-15.058015244942219,1.0
Boulder_Men,CHN,Global-ELO,49,1795.4294210703156,1797.7638924900998,-18.462782187880293,-13.217336358852672,3.0
Boulder_Men,CHN,IFSC-ELO,83,1795.4294210703156,1796.9175237716408,-8.705280258912808,-9.513755347486034,2.0
Boulder_Men,CHN,WC+-ELO,31,1795.4294210703156,1792.5811834979029,-4.638890079570956,2.5032834712365224,1.0
Boulder_Men,COD,Global-ELO,1,1795.4294210703156,1795.4294210703156,-13.396050372414493,-13.396050372414493,1.0
Boulder_Men,COD,IFSC-ELO,1,1795.4294210703156,1795.4294210703156,-13.396050372414493,-13.396050372414493,1.0
Boulder_Men,COD,WC+-ELO,1,1795.4294210703156,1795.4294210703156,-13.396050372414493,-13.396050372414493,1.0
Boulder_Men,COL,Global-ELO,27,1795.4294210703156,1795.2998922669462,-18.69363667212474,-18.731761795299757,1.0
Boulder_Men,COL,IFSC-ELO,46,1795.4294210703156,1796.101481203438,-18.6977367759348,-19.308941781613992,1.0
Boulder_Men,COL,WC+-ELO,18,1795.4294210703156,1792.8809156757698,-16.466549857994778,-16.86852671441036,1.0
Boulder_Men,CRC,Global-ELO,10,1795.4294210703156,1795.4294210703156,-11.37905878708284,-16.92220784032793,1.0
Boulder_Men,CRC,IFSC-ELO,16,1795.4294210703156,1795.4294210703156,-12.035169078282024,-16.09864787355218,1.0
Boulder_Men,CRC,WC+-ELO,11,1795.4294210703156,1794.2630671738298,-15.465017682410007,-17.451621380014434,1.0
Boulder_Men,CRO,Global-ELO,19,1795.4294210703156,1794.9707317540615,-18.719239020699206,-22.116798996657614,3.0
Boulder_Men,CRO,IFSC-ELO,44,1795.4294210703156,1795.4294210703156,-28.641897006738304,-27.095330071049748,3.0
Boulder_Men,CRO,WC+-ELO,16,1795.4294210703156,1780.321403622323,-11.499168371616975,-17.51548993532633,1.0
Boulder_Men,CYP,Global-ELO,6,1795.4294210703156,1792.908622067291,-21.487571867464567,-23.513802145297706,1.5
Boulder_Men,CYP,IFSC-ELO,6,1795.4294210703156,1795.4294210703156,-26.626977052096322,-28.270314763144786,2.0
Boulder_Men,CYP,WC+-ELO,4,1791.0789439235373,1790.0218030152391,-17.37089916752643,-19.032012068895142,1.5
Boulder_Men,CZE,Global-ELO,52,1795.4294210703156,1795.6287780416894,-9.851439481253806,-6.462650723180939,3.0
Boulder_Men,CZE,IFSC-ELO,108,1795.4294210703156,1796.4570112522654,-18.08640118078256,-16.242235882225586,3.0
Boulder_Men,CZE,WC+-ELO,47,1786.0304508534562,1790.713874603679,-1.552642744390596,9.115359826205625,1.0
Boulder_Men,DEN,Global-ELO,26,1795.4294210703156,1787.6644313488964,-22.660856894408425,-22.188526615282715,3.0
Boulder_Men,DEN,IFSC-ELO,51,1795.4294210703156,1795.1759011109677,-20.349494449107397,-21.87956049256039,3.0
Boulder_Men,DEN,WC+-ELO,19,1782.220289049905,1781.8254309482738,-14.340784171687346,-12.358680451270235,1.0
Boulder_Men,ECU,Global-ELO,24,1795.4294210703156,1791.1418011196458,-18.806237943624524,-15.71440024423749,3.0
Boulder_Men,ECU,IFSC-ELO,57,1795.4294210703156,1796.884421052227,-16.635356727294038,-17.389703969920767,1.0
Boulder_Men,ECU,WC+-ELO,22,1795.4294210703156,1791.5480356650498,-18.645587542796193,-19.625401571702312,2.0
Boulder_Men,ESA,Global-ELO,6,1795.4294210703156,1795.4294210703156,-20.410871086656925,-15.791267394016662,1.0
Boulder_Men,ESA,IFSC-ELO,7,1795.4294210703156,1795.4294210703156,-18.72287750372925,-15.757238685932407,1.0
Boulder_Men,ESA,WC+-ELO,2,1795.4294210703156,1795.4294210703156,-27.211673838455454,-27.211673838455454,1.5
Boulder_Men,ESP,Global-ELO,255,1795.4294210703156,1796.7365875828516,-2.005483740094405,-1.3227039920310844,2.0
Boulder_Men,ESP,IFSC-ELO,89,1795.4294210703156,1796.686289678862,-7.538927773186515,-4.493482260174912,3.0
Boulder_Men,ESP,WC+-ELO,38,1796.3043057559353,1810.0888678263755,8.950863587814297,21.199940095955366,2.0
Boulder_Men,EST,Global-ELO,16,1795.4294210703156,1787.1362701567425,-1.2058802109282851,-6.132363015109718,2.0
Boulder_Men,EST,IFSC-ELO,19,1795.4294210703156,1795.530092303917,-18.623834445271996,-24.475699483745277,1.0
Boulder_Men,EST,WC+-ELO,8,1795.4294210703156,1783.3406969877665,-14.72982741168596,-12.425280283499092,1.0
Boulder_Men,FIN,Global-ELO,28,1795.4294210703156,1783.5588021824117,-7.540221460747034,-4.538603334760962,2.0
Boulder_Men,FIN,IFSC-ELO,43,1795.4294210703156,1795.5237534508478,-12.451388586373014,-15.745030611454593,3.0
Boulder_Men,FIN,WC+-ELO,17,1777.1157951526645,1778.5339917339388,-8.722095051848328,1.254787334613799,2.0
Boulder_Men,FRA,Global-ELO,283,1795.4294210703156,1804.638639929829,-5.531686078309804,0.4405867730387296,3.0
Boulder_Men,FRA,IFSC-ELO,345,1795.4294210703156,1797.7729378531576,0.9367335286799516,3.3993020559220737,3.0
Boulder_Men,FRA,WC+-ELO,53,1887.9004979985539,1898.1530607300217,30.02791767644544,50.83517841675125,2.0
Boulder_Men,GBR,Global-ELO,117,1795.4294210703156,1805.2793702197612,-5.694318871894438,-3.159349378051677,2.0
Boulder_Men,GBR,IFSC-ELO,161,1795.4294210703156,1797.0877276254614,-8.632994394709613,-5.734940626267462,3.0
Boulder_Men,GBR,WC+-ELO,55,1803.8241513808987,1819.8941007466922,7.581518818729137,27.496468786679497,2.0
Boulder_Men,GEO,Global-ELO,10,1795.4294210703156,1795.4294210703156,-20.604471030171453,-23.869305458587633,1.0
Boulder_Men,GEO,IFSC-ELO,12,1795.4294210703156,1795.4294210703156,-20.179893271813057,-21.3615959664927,1.0
Boulder_Men,GEO,WC+-ELO,8,1795.4294210703156,1790.4773414077138,-16.8866488600288,-17.074090167594022,1.0
Boulder_Men,GER,Global-ELO,91,1795.4294210703156,1816.221340655184,0.22596375931993862,6.4030564599622775,3.0
Boulder_Men,GER,IFSC-ELO,131,1798.2290896781444,1803.3192825069968,1.489396555560461,3.600536258179153,3.0
Boulder_Men,GER,WC+-ELO,45,1843.72676662714,1849.4630376789642,12.361232552246065,31.76560157043875,2.0
Boulder_Men,GRE,Global-ELO,24,1795.4294210703156,1789.750455939142,-24.620372924006006,-28.016059281675325,2.0
Boulder_Men,GRE,IFSC-ELO,52,1795.4294210703156,1795.407910797934,-30.569958631506097,-29.831822290541147,2.0
Boulder_Men,GRE,WC+-ELO,18,1780.3845636008982,1776.2162960073788,-20.98282349700105,-26.24813727840972,1.0
Boulder_Men,GTM,Global-ELO,2,1795.4294210703156,1795.4294210703156,-30.08491828664512,-30.08491828664512,1.5
Boulder_Men,GTM,IFSC-ELO,2,1795.4294210703156,1795.4294210703156,-30.08491828664512,-30.08491828664512,1.5
Boulder_Men,GUA,Global-ELO,7,1795.4294210703156,1793.102496691407,-31.262605967903937,-24.539518072281453,2.0
Boulder_Men,GUA,IFSC-ELO,11,1795.4294210703156,1795.4294210703156,-15.90068013200289,-20.90458775852717,1.0
Boulder_Men,GUA,WC+-ELO,2,1795.4294210703156,1795.4294210703156,-39.60190701724753,-39.60190701724753,2.0
Boulder_Men,GUM,Global-ELO,7,1795.4294210703156,1792.408111459008,-12.361313792514238,-15.453190373607965,1.0
Boulder_Men,GUM,IFSC-ELO,8,1795.4294210703156,1795.4294210703156,-16.56476532884608,-21.802352780082344,1.0
Boulder_Men,GUM,WC+-ELO,5,1795.4294210703156,1795.4294210703156,-20.76821686517792,-30.024111478221858,1.0
Boulder_Men,HKG,Global-ELO,33,1795.4294210703156,1794.7994659609615,-17.155272501566287,-15.766166240915592,2.0
Boulder_Men,HKG,IFSC-ELO,48,1795.4294210703156,1795.6424477236542,-16.593353076920607,-15.23736361398034,2.0
Boulder_Men,HKG,WC+-ELO,22,1795.4294210703156,1791.1239448789327,-2.1794859974313567,3.6928628211226995,2.0
Boulder_Men,HON,Global-ELO,3,1795.4294210703156,1795.4294210703156,-30.6632215127172,-34.2164396679644,2.0
Boulder_Men,HON,IFSC-ELO,5,1795.4294210703156,1795.4294210703156,-30.6632215127172,-32.009953987139035,2.0
Boulder_Men,HON,WC+-ELO,4,1795.4294210703156,1795.4294210703156,-25.71571918894756,-27.441560287449875,1.5
Boulder_Men,HUN,Global-ELO,29,1795.4294210703156,1796.5529001323125,-16.19088891771935,-14.838421801779022,2.0
Boulder_Men,HUN,IFSC-ELO,57,1795.4294210703156,1795.4294210703158,-20.15583416110462,-21.39298288895259,2.0
Boulder_Men,HUN,WC+-ELO,15,1795.4294210703156,1794.4219395494983,-3.958193662571148,-2.1328634144188223,1.0
Boulder_Men,IDN,Global-ELO,1,1795.4294210703156,1795.4294210703156,-31.23318220537203,-31.23318220537203,3.0
Boulder_Men,IDN,IFSC-ELO,1,1795.4294210703156,1795.4294210703156,-31.23318220537203,-31.23318220537203,3.0
Boulder_Men,INA,Global-ELO,39,1795.4294210703156,1795.567341451016,-11.452466034336794,-8.957794327313627,1.0
Boulder_Men,INA,IFSC-ELO,63,1795.4294210703156,1796.3900363332466,-9.638193021349707,-7.583702642331218,1.0
Boulder_Men,INA,WC+-ELO,18,1795.4294210703156,1795.2997012872684,-10.290792265315986,-6.5733219405751315,1.0
Boulder_Men,IND,Global-ELO,21,1795.4294210703156,1796.2724262773904,-18.80979427775719,-19.261043486629713,3.0
Boulder_Men,IND,IFSC-ELO,46,1795.4294210703156,1795.4294210703156,-15.762402266081153,-16.115307683169203,1.5
Boulder_Men,IND,WC+-ELO,18,1795.4294210703156,1789.6181776195335,-18.607325075284848,-19.70050310851395,2.0
Boulder_Men,IRI,Global-ELO,34,1795.4294210703156,1798.2009600500314,-13.574631833716012,-10.105509626553498,2.0
Boulder_Men,IRI,IFSC-ELO,55,1795.4294210703156,1797.3366779116043,-6.952930091419603,-5.255249947392593,2.0
Boulder_Men,IRI,WC+-ELO,16,1795.4294210703156,1789.0214044202226,-8.116593688516218,4.7495495939841845,1.5
Boulder_Men,IRL,Global-ELO,17,1793.0484083534993,1782.8421562747983,-8.348584154733317,-7.1249962003427,3.0
Boulder_Men,IRL,IFSC-ELO,30,1795.4294210703156,1795.8153590420218,-20.797991365273333,-20.662207714443102,3.0
Boulder_Men,IRL,WC+-ELO,9,1789.0263314023541,1795.1689193026298,-6.956224044706005,-10.085884522261596,1.0
Boulder_Men,ISL,Global-ELO,7,1755.673583905744,1765.3860441947747,-25.78022415057194,-29.929344657139673,3.0
Boulder_Men,ISL,IFSC-ELO,11,1795.4294210703156,1795.4294210703156,-34.20364122561136,-33.03790608476697,3.0
Boulder_Men,ISL,WC+-ELO,8,1764.9675616681193,1765.993569194111,-17.16079216926437,-19.494580265917506,1.0
Boulder_Men,ISR,Global-ELO,39,1795.4294210703156,1822.1467599936143,-4.791809700663407,-0.21922527642958556,2.0
Boulder_Men,ISR,IFSC-ELO,94,1795.4294210703156,1797.1406572204526,-5.927875081439538,-2.427374181751806,3.0
Boulder_Men,ISR,WC+-ELO,38,1801.647022942535,1813.6731380833887,2.924650512658218,14.463214938957567,2.0
Boulder_Men,ITA,Global-ELO,2483,1795.4294210703156,1795.9410245686754,-1.570588911210507,-1.2755619438563701,2.0
Boulder_Men,ITA,IFSC-ELO,162,1795.4294210703156,1798.38703764864,1.176726050989373,3.079331862368529,3.0
Boulder_Men,ITA,WC+-ELO,57,1820.5907738640553,1836.1254078148925,8.733233637625744,28.87749736348376,1.0
Boulder_Men,JOR,Global-ELO,3,1795.4294210703156,1795.4294210703156,-13.206146174194146,-15.812567123716462,1.0
Boulder_Men,JOR,IFSC-ELO,6,1795.4294210703156,1795.4294210703156,-13.406295293652533,-14.842280917766706,1.0
Boulder_Men,JPN,Global-ELO,95,1795.4294210703156,1814.2471514334566,12.935470601430097,18.644801672280256,3.0
Boulder_Men,JPN,IFSC-ELO,133,1795.4294210703156,1805.1386209125844,19.263515546881308,22.97713305682527,3.0
Boulder_Men,JPN,WC+-ELO,67,1836.0720244805445,1848.7764874302827,33.422091419253775,58.104790254605376,2.0
Boulder_Men,KAZ,Global-ELO,23,1795.4294210703156,1788.6931173643445,-21.63448179854163,-25.626851055777013,2.0
Boulder_Men,KAZ,IFSC-ELO,60,1795.4294210703156,1795.4294210703156,-24.2025665401095,-26.62343697319496,3.0
Boulder_Men,KAZ,WC+-ELO,38,1795.4294210703156,1782.7406109968636,-18.49548885700051,-24.148586307846085,1.0
Boulder_Men,KGZ,Global-ELO,5,1795.4294210703156,1795.4294210703156,-15.615761906437001,-23.700440773074707,1.0
Boulder_Men,KGZ,IFSC-ELO,15,1795.4294210703156,1796.0378675074999,-23.62550544474152,-24.919034461536498,1.0
Boulder_Men,KGZ,WC+-ELO,9,1784.0000494532858,1782.6061408482815,-18.69602365089827,-19.320253581767574,1.0
Boulder_Men,KOR,Global-ELO,62,1795.4294210703156,1798.975034604153,-4.188806065182007,-4.375743138462381,3.0
Boulder_Men,KOR,IFSC-ELO,120,1795.4294210703156,1796.768858554972,-4.027203513779114,-1.6188769202611013,2.0
Boulder_Men,KOR,WC+-ELO,68,1795.4294210703156,1801.2901489583196,-1.3295037596161592,9.083509558265147,1.0
Boulder_Men,KSA,Global-ELO,7,1795.4294210703156,1792.4580585047358,-18.3390371927444,-19.16034293595781,2.0
Boulder_Men,KSA,IFSC-ELO,10,1795.4294210703156,1795.4294210703156,-19.65175400975511,-26.930465795025338,2.5
Boulder_Men,KSA,WC+-ELO,4,1781.307040212815,1783.168346151801,-28.44996229516073,-24.154753100044218,2.0
Boulder_Men,KUW,Global-ELO,1,1795.4294210703156,1795.4294210703156,-4.666475727075067,-4.666475727075067,1.0
Boulder_Men,KUW,IFSC-ELO,1,1795.4294210703156,1795.4294210703156,-4.666475727075067,-4.666475727075067,1.0
Boulder_Men,LAT,Global-ELO,11,1795.4294210703156,1803.4467631580767,-18.288999156585533,-13.430552885731935,2.0
Boulder_Men,LAT,IFSC-ELO,28,1795.4294210703156,1795.509934778803,-23.70269477479951,-24.82039007847491,2.0
Boulder_Men,LAT,WC+-ELO,10,1789.3643523830747,1788.0503804220232,-9.54029110912677,9.332125349716808,1.0
Boulder_Men,LBN,Global-ELO,3,1795.4294210703156,1795.4294210703156,-27.83645530584795,-24.894877794497386,1.0
Boulder_Men,LBN,IFSC-ELO,4,1795.4294210703156,1795.4294210703156,-22.23226441287113,-22.902252353024608,1.0
Boulder_Men,LBN,WC+-ELO,1,1795.4294210703156,1795.4294210703156,-30.22010455774989,-30.22010455774989,2.0
Boulder_Men,LIE,Global-ELO,1,1795.9053037338024,1795.9053037338024,-0.4622686462598722,-0.4622686462598722,1.0
Boulder_Men,LIE,IFSC-ELO,1,1795.4294210703156,1795.4294210703156,1.0997265070129743,1.0997265070129743,3.0
Boulder_Men,LIE,WC+-ELO,1,1795.4430350875425,1795.4430350875425,0.1999229180223665,0.1999229180223665,1.0
Boulder_Men,LKA,Global-ELO,1,1795.4294210703156,1795.4294210703156,-17.081446100911535,-17.081446100911535,1.0
Boulder_Men,LKA,IFSC-ELO,1,1795.4294210703156,1795.4294210703156,-17.081446100911535,-17.081446100911535,1.0
Boulder_Men,LKA,WC+-ELO,1,1795.4294210703156,1795.4294210703156,-17.081446100911535,-17.081446100911535,1.0
Boulder_Men,LTU,Global-ELO,24,1795.4294210703156,1784.7942161290857,-19.037241745258257,-21.089251786069088,3.0
Boulder_Men,LTU,IFSC-ELO,55,1795.4294210703156,1795.4294210703154,-20.37622435776393,-24.79883244066271,3.0
Boulder_Men,LTU,WC+-ELO,28,1777.7987738713045,1776.3200879751766,-8.713925546004702,-13.306881581402097,1.0
Boulder_Men,LUX,Global-ELO,5,1795.4294210703156,1841.4810031238114,0.0,-14.213202290108347,3.0
Boulder_Men,LUX,IFSC-ELO,7,1795.4294210703156,1798.231816150048,-12.471276295263351,-4.694611768402248,3.0
Boulder_Men,LUX,WC+-ELO,3,1835.2338231332499,1859.7956097061149,-3.6533635228063304,14.264743360124234,3.0
Boulder_Men,LVA,Global-ELO,3,1782.499903143566,1785.1576531145117,-24.6348778179256,-25.343060426301616,3.0
Boulder_Men,LVA,IFSC-ELO,3,1782.499903143566,1785.1576531145117,-24.6348778179256,-26.340925448183725,3.0
Boulder_Men,LVA,WC+-ELO,2,1748.4254016455002,1748.4254016455002,-5.485940512437196,-5.485940512437196,1.5
Boulder_Men,MAC,Global-ELO,5,1795.4294210703156,1791.3635235326317,-34.732374139943886,-38.75856003367922,3.0
Boulder_Men,MAC,IFSC-ELO,5,1795.4294210703156,1795.4294210703156,-41.31235255198112,-42.82445757136297,3.0
Boulder_Men,MAC,WC+-ELO,4,1786.812190235599,1779.3461987454943,-29.329277147524863,-28.43368238432504,2.0
Boulder_Men,MAS,Global-ELO,11,1795.4294210703156,1791.9596218253014,-9.064564983965283,-9.585523834434298,2.0
Boulder_Men,MAS,IFSC-ELO,23,1795.4294210703156,1795.4294210703156,-12.707235658914442,-13.66565648633829,1.0
Boulder_Men,MAS,WC+-ELO,9,1795.4294210703156,1794.9017377878768,-13.658690824500127,-13.849048582426198,1.0
Boulder_Men,MEX,Global-ELO,50,1795.4294210703156,1792.8608800719167,-17.032501862983963,-19.456002730795557,1.0
Boulder_Men,MEX,IFSC-ELO,94,1795.4294210703156,1795.8773608772317,-17.280933655194758,-18.673520409213864,1.0
Boulder_Men,MEX,WC+-ELO,50,1795.4294210703156,1792.8385746152046,-17.299401220957634,-19.664263730219027,1.0
Boulder_Men,MGL,Global-ELO,7,1795.4294210703156,1795.4294210703156,-20.832393372145816,-25.830715100092352,1.0
Boulder_Men,MGL,IFSC-ELO,15,1795.4294210703156,1795.4294210703156,-20.832393372145816,-24.4251429036576,1.0
Boulder_Men,MGL,WC+-ELO,10,1795.4294210703156,1793.6035233445702,-20.828623367865248,-21.971670390531358,1.0
Boulder_Men,MKD,Global-ELO,12,1795.4294210703156,1788.5906765176896,-36.22978171195632,-33.20742974148936,2.0
Boulder_Men,MKD,IFSC-ELO,15,1795.4294210703156,1795.2508166469138,-36.60142300299117,-33.177664900383434,2.0
Boulder_Men,MKD,WC+-ELO,7,1795.4294210703156,1773.193051881339,-36.60142300299117,-32.49575746768518,2.0
Boulder_Men,MRI,Global-ELO,3,1795.4294210703156,1795.4294210703156,0.24874274306239386,-5.307271148056543,1.0
Boulder_Men,MRI,IFSC-ELO,3,1795.4294210703156,1795.4294210703156,0.24874274306239386,-5.307271148056543,1.0
Boulder_Men,MRI,WC+-ELO,1,1795.4294210703156,1795.4294210703156,-16.419298930294417,-16.419298930294417,1.0
Boulder_Men,MYS,Global-ELO,2,1795.4294210703156,1795.4294210703156,-16.602618180867353,-16.602618180867353,1.0
Boulder_Men,MYS,IFSC-ELO,2,1795.4294210703156,1795.4294210703156,-16.602618180867353,-16.602618180867353,1.0
Boulder_Men,NED,Global-ELO,42,1795.4294210703156,1796.1732064428568,-12.694380873845148,-2.9749204197275634,3.0
Boulder_Men,NED,IFSC-ELO,57,1795.4294210703156,1796.0454007648332,-12.917809007069309,-8.883322094774712,3.0
Boulder_Men,NED,WC+-ELO,19,1794.9993542319924,1797.7951059061227,13.05749644655225,35.57061074425258,2.0
Boulder_Men,NEP,Global-ELO,7,1795.4294210703156,1793.5888109970751,-31.330761429236418,-26.70106829936562,2.0
Boulder_Men,NEP,IFSC-ELO,8,1795.4294210703156,1795.4294210703156,-32.48130166325416,-28.760941505626533,2.0
Boulder_Men,NEP,WC+-ELO,2,1774.1491513388557,1774.1491513388557,-13.738329262929938,-13.738329262929938,1.0
Boulder_Men,NEW CALEDONIA,Global-ELO,3,1795.4294210703156,1795.4294210703156,-11.872056710335073,-11.872056710335073,1.0
Boulder_Men,NEW CALEDONIA,IFSC-ELO,6,1795.4294210703156,1795.4294210703156,-14.509988718957175,-14.555872596181038,1.0
Boulder_Men,NGR,Global-ELO,1,1795.4294210703156,1795.4294210703156,-14.781110302069237,-14.781110302069237,1.0
Boulder_Men,NGR,IFSC-ELO,1,1795.4294210703156,1795.4294210703156,-14.781110302069237,-14.781110302069237,1.0
Boulder_Men,NGR,WC+-ELO,1,1795.4294210703156,1795.4294210703156,-14.781110302069237,-14.781110302069237,1.0
Boulder_Men,NOR,Global-ELO,44,1795.4294210703156,1793.444426028635,-9.309287512211313,-9.807623930049937,1.0
Boulder_Men,NOR,IFSC-ELO,76,1795.4294210703156,1795.6783204779326,-13.105872656821589,-11.214327523453314,1.5
Boulder_Men,NOR,WC+-ELO,17,1783.662514500369,1784.1800616663947,-5.561635961987804,3.5152238953857893,1.0
Boulder_Men,NZL,Global-ELO,18,1795.4294210703156,1792.116260869334,-21.910899217027463,-17.304733423271777,2.0
Boulder_Men,NZL,IFSC-ELO,37,1795.4294210703156,1795.6451053389776,-15.888133603666574,-17.46696550141804,1.0
Boulder_Men,NZL,WC+-ELO,27,1795.4294210703156,1788.513896120164,-16.674040279496012,-16.989500345461053,1.0
Boulder_Men,PAK,Global-ELO,3,1795.4294210703156,1795.4294210703156,-11.495182501344061,-14.222404304705455,1.0
Boulder_Men,PAK,IFSC-ELO,3,1795.4294210703156,1795.4294210703156,-11.495182501344061,-14.222404304705455,1.0
Boulder_Men,PAK,WC+-ELO,1,1795.4294210703156,1795.4294210703156,-11.12202954717759,-11.12202954717759,1.0
Boulder_Men,PER,Global-ELO,17,1795.4294210703156,1795.004554598411,-20.532911810259748,-28.845993516821636,2.0
Boulder_Men,PER,IFSC-ELO,20,1795.4294210703156,1795.4294210703156,-20.355361628061132,-25.385103999834257,1.0
Boulder_Men,PER,WC+-ELO,7,1795.4294210703156,1789.2297321975707,-19.935033383405653,-26.616267235331406,1.0
Boulder_Men,PHI,Global-ELO,18,1795.4294210703156,1795.4351665680915,-19.496848130467015,-18.688159770686084,2.0
Boulder_Men,PHI,IFSC-ELO,23,1795.4294210703156,1795.4294210703156,-18.315191170930575,-18.916051296015606,2.0
Boulder_Men,PHI,WC+-ELO,4,1786.1980299763754,1781.8753581642109,-23.339270311830205,-19.98495276833097,2.0
Boulder_Men,POL,Global-ELO,48,1795.4294210703156,1795.6546730403809,-9.675419959550482,-8.176291819174262,1.0
Boulder_Men,POL,IFSC-ELO,94,1795.4294210703156,1796.1217838858922,-11.11579325416892,-12.382757453957838,2.0
Boulder_Men,POL,WC+-ELO,27,1787.3942764628353,1792.0836385866442,-1.4482018797605178,0.9692066020013163,1.0
Boulder_Men,POR,Global-ELO,24,1795.4294210703156,1777.783920006903,-17.047384476999127,-19.12460778462838,2.0
Boulder_Men,POR,IFSC-ELO,66,1795.4294210703156,1795.3729003728808,-28.726468668135794,-30.656207906764255,2.0
Boulder_Men,POR,WC+-ELO,12,1765.4955967315336,1756.0277650488813,-11.121551844474993,-20.883462379552572,1.0
Boulder_Men,PUR,Global-ELO,1,1795.4294210703156,1795.4294210703156,-31.523360441307204,-31.523360441307204,2.0
Boulder_Men,PUR,IFSC-ELO,1,1795.4294210703156,1795.4294210703156,-31.523360441307204,-31.523360441307204,2.0
Boulder_Men,PUR,WC+-ELO,1,1795.4294210703156,1795.4294210703156,-31.523360441307204,-31.523360441307204,2.0
Boulder_Men,ROU,Global-ELO,31,1795.4294210703156,1793.5807514122207,-21.49238379944927,-20.565359781988864,3.0
Boulder_Men,ROU,IFSC-ELO,49,1795.4294210703156,1795.8754813893886,-22.30213143015112,-22.677001064904996,3.0
Boulder_Men,ROU,WC+-ELO,19,1776.2274887625852,1777.3823521376842,-8.412585421264112,-6.9631992226838495,1.0
Boulder_Men,RSA,Global-ELO,27,1795.4294210703156,1793.3958099523577,-12.492351372145095,-11.370565852069173,1.0
Boulder_Men,RSA,IFSC-ELO,63,1795.4294210703156,1795.8657360267798,-17.84311345200922,-18.349678227150275,1.0
Boulder_Men,RSA,WC+-ELO,46,1795.4294210703156,1792.3553188607716,-18.129553218211413,-18.782150691435582,1.0
Boulder_Men,RUS,Global-ELO,102,1795.4294210703156,1799.1622140297955,-7.540806193953699,-3.4186692570817696,2.0
Boulder_Men,RUS,IFSC-ELO,157,1795.4294210703156,1796.4254691028052,-7.587579144302481,-4.452858194457792,2.0
Boulder_Men,RUS,WC+-ELO,48,1795.4294210703156,1812.6854962080115,8.267368278826439,31.74246880512612,1.0
Boulder_Men,SGP,Global-ELO,34,1795.4294210703156,1797.2521615644685,-13.157570018772049,-11.621466272455296,2.0
Boulder_Men,SGP,IFSC-ELO,58,1795.4294210703156,1795.6836045084137,-7.771307288584353,-8.178039860657021,1.0
Boulder_Men,SGP,WC+-ELO,13,1795.4294210703156,1805.5515418002162,-10.272924335876269,-10.04518921394641,2.0
Boulder_Men,SLO,Global-ELO,39,1798.6127539840888,1821.76595435034,1.5287541221437095,4.042015800240622,3.0
Boulder_Men,SLO,IFSC-ELO,69,1795.4294210703156,1798.2810892292257,0.4268205473117632,2.8256236617765227,3.0
Boulder_Men,SLO,WC+-ELO,35,1820.3045898509095,1828.9035112468111,11.969900368849494,30.992859934844482,2.0
Boulder_Men,SRB,Global-ELO,7,1795.4294210703156,1789.3247514112688,-20.349494449107397,-21.95121417478848,1.0
Boulder_Men,SRB,IFSC-ELO,16,1795.4294210703156,1795.410336673544,-19.941824829664256,-23.336709239755464,1.0
Boulder_Men,SRB,WC+-ELO,3,1795.4294210703156,1788.6462562539464,-15.619698261071562,-16.2093364292986,1.0
Boulder_Men,SUI,Global-ELO,1249,1795.4294210703156,1795.5416620286592,-1.7754223713081956,-1.4793185419347825,2.0
Boulder_Men,SUI,IFSC-ELO,103,1802.4725404631392,1805.927318062637,-6.259886222605701,-3.8855703290790795,3.0
Boulder_Men,SUI,WC+-ELO,38,1821.4954174680734,1822.6062641808549,13.708922051235845,27.54965412872225,2.0
Boulder_Men,SVK,Global-ELO,36,1795.4294210703156,1792.7528303259692,-17.122064302620743,-16.99261795931688,3.0
Boulder_Men,SVK,IFSC-ELO,55,1795.4294210703156,1795.4294210703154,-20.713118768729828,-19.087729487300866,3.0
Boulder_Men,SVK,WC+-ELO,25,1777.069848171627,1779.447072167024,-10.166989376373067,-16.529819267479425,2.0
Boulder_Men,SWE,Global-ELO,43,1795.4294210703156,1796.7266423876272,-5.477617811973914,-6.270110448037967,2.0
Boulder_Men,SWE,IFSC-ELO,59,1795.4294210703156,1795.4662715882118,-12.912152709436896,-10.088812441574692,2.0
Boulder_Men,SWE,WC+-ELO,29,1795.4294210703156,1797.2810182440373,-4.387837246442359,-2.2402500756595285,1.0
Boulder_Men,THA,Global-ELO,28,1795.4294210703156,1796.123400587665,-16.575036508818357,-13.989385594052676,1.0
Boulder_Men,THA,IFSC-ELO,35,1795.4294210703156,1795.5742085960264,-16.575036508818357,-15.620511080627246,1.0
Boulder_Men,THA,WC+-ELO,13,1795.4294210703156,1790.3798369995516,-16.022119359851786,-8.077597757850771,2.0
Boulder_Men,TPE,Global-ELO,33,1795.4294210703156,1794.8651124329783,-15.541404594751612,-17.496868222176378,2.0
Boulder_Men,TPE,IFSC-ELO,45,1795.4294210703156,1795.6815417253006,-15.541404594751612,-17.304994216955922,2.0
Boulder_Men,TPE,WC+-ELO,14,1795.4294210703156,1787.1437581836183,-14.527783799080794,-13.68684517779931,1.0
Boulder_Men,TUR,Global-ELO,32,1795.4294210703156,1789.8158583036666,-15.4327722941523,-16.31995975006118,2.0
Boulder_Men,TUR,IFSC-ELO,45,1795.4294210703156,1796.16908752643,-18.36502515578286,-21.821057546235174,1.0
Boulder_Men,TUR,WC+-ELO,18,1795.4294210703156,1787.3351605890487,-17.42424268191462,-23.234852585366284,1.0
Boulder_Men,UGA,Global-ELO,3,1795.4294210703156,1795.4294210703156,-15.416364043416252,-15.416364043416252,1.0
Boulder_Men,UGA,IFSC-ELO,3,1795.4294210703156,1795.4294210703156,-15.416364043416252,-15.416364043416252,1.0
Boulder_Men,UKR,Global-ELO,61,1795.4294210703156,1792.8146992150625,-9.908622030560537,-8.943663092428924,3.0
Boulder_Men,UKR,IFSC-ELO,86,1795.4294210703156,1795.570545434056,-16.034224301061727,-12.381936360088233,3.0
Boulder_Men,UKR,WC+-ELO,47,1795.4294210703156,1795.5484414349282,-8.428500699003962,-1.1352694445080769,2.0
Boulder_Men,UNK,Global-ELO,5657,1795.4294210703156,1795.5107388728982,-0.291089470129009,-0.19342344105285156,1.0
Boulder_Men,UNK,IFSC-ELO,2,1795.4294210703156,1795.4294210703156,-17.99815225632085,-17.99815225632085,2.0
Boulder_Men,UNK,WC+-ELO,1,1800.7196608412398,1800.7196608412398,4.94228812687561,4.94228812687561,1.0
Boulder_Men,USA,Global-ELO,677,1795.4294210703156,1797.7468211060682,-0.9098480164525427,-0.042333431153283016,1.0
Boulder_Men,USA,IFSC-ELO,287,1795.4294210703156,1799.1454761066516,0.09652562718224544,4.877586446895189,1.0
Boulder_Men,USA,WC+-ELO,88,1795.4294210703156,1806.4052903820082,6.463904995886423,17.694149020714335,1.0
Boulder_Men,UZB,Global-ELO,1,1795.4294210703156,1795.4294210703156,-11.12202954717759,-11.12202954717759,1.0
Boulder_Men,UZB,IFSC-ELO,3,1795.4294210703156,1795.4294210703156,-17.061576530650427,-16.36377381102405,1.0
Boulder_Men,UZB,WC+-ELO,3,1795.4294210703156,1795.4294210703156,-17.061576530650427,-16.36377381102405,1.0
Boulder_Men,VEN,Global-ELO,22,1795.4294210703156,1795.6291188822195,-9.132187533368779,-6.317533508707201,2.0
Boulder_Men,VEN,IFSC-ELO,31,1795.4294210703156,1797.664477775165,-9.871010567239637,-8.4274936094147,2.0
Boulder_Men,VEN,WC+-ELO,12,1795.4294210703156,1798.013716769405,-9.213816588237023,-8.435618988508281,1.0
Boulder_Men,ZAF,Global-ELO,4,1795.4294210703156,1795.4294210703156,-9.649410326235397,-8.848134603462597,1.0
Boulder_Men,ZAF,IFSC-ELO,4,1795.4294210703156,1795.4294210703156,-9.649410326235397,-8.848134603462597,1.0
Boulder_Men,ZAF,WC+-ELO,1,1786.406388320995,1786.406388320995,-12.835954031828578,-12.835954031828578,1.0
Boulder_Women,AIN,Global-ELO,4,1820.7481835320866,1857.5253981872524,2.0343738330059296,12.190528659604979,3.0
Boulder_Women,AIN,IFSC-ELO,9,1813.5157815619693,1819.6111377445995,4.204079310467478,13.672154679317751,1.0
Boulder_Women,AIN,WC+-ELO,3,1813.5157815619693,1866.165460713534,1.3569186797733437,35.37096296266441,3.0
Boulder_Women,AND,IFSC-ELO,1,1813.5157815619693,1813.5157815619693,-31.572550061754555,-31.572550061754555,3.0
Boulder_Women,AND,WC+-ELO,1,1797.0871588958291,1797.0871588958291,5.1680538454972975,5.1680538454972975,1.0
Boulder_Women,ARG,Global-ELO,16,1813.5157815619693,1814.6198570650163,-16.297129686044627,-9.060259285021232,2.0
Boulder_Women,ARG,IFSC-ELO,28,1813.5157815619693,1814.3973797798785,-15.59510391619699,-13.023957520929457,1.0
Boulder_Women,ARG,WC+-ELO,10,1812.0102241443387,1810.5194435870949,-15.630405403167288,-3.035712870479574,1.0
Boulder_Women,AUS,Global-ELO,66,1813.5157815619693,1814.4143861289308,-15.12937115467264,-11.365268474322002,1.5
Boulder_Women,AUS,IFSC-ELO,89,1813.5157815619693,1814.0696698154518,-12.880452333265339,-11.850164364853692,1.0
Boulder_Women,AUS,WC+-ELO,42,1813.5157815619693,1809.6942942676071,-14.268085069815129,-12.418790518223561,1.5
Boulder_Women,AUT,Global-ELO,68,1813.5157815619693,1844.709110639986,4.332287025622804,5.972474093831011,3.0
Boulder_Women,AUT,IFSC-ELO,110,1813.5157815619693,1815.948694624461,-0.23439082013408097,2.293271146353523,3.0
Boulder_Women,AUT,WC+-ELO,42,1845.9251893862336,1870.1539294966842,31.431108599433742,46.422106983175695,3.0
Boulder_Women,AZE,Global-ELO,5,1813.5157815619693,1813.515781561969,-39.407463903321286,-36.24791053003719,2.0
Boulder_Women,AZE,IFSC-ELO,8,1813.5157815619693,1813.5157815619693,-19.651603264039636,-29.20505597467877,1.0
Boulder_Women,AZE,WC+-ELO,4,1803.3499858663167,1803.3499858663167,-19.6841115416579,-18.4937435563682,1.0
Boulder_Women,BEL,Global-ELO,22,1805.7649158262868,1801.1996013973637,-3.0615927669540497,-0.9534017542219793,3.0
Boulder_Women,BEL,IFSC-ELO,49,1813.5157815619693,1813.5157815619693,-15.987736662846373,-13.406885080346196,3.0
Boulder_Women,BEL,WC+-ELO,15,1802.0175572807486,1801.8305137179123,9.244717147262463,28.12453802460991,2.0
Boulder_Women,BLR,Global-ELO,11,1813.5157815619693,1812.9653503666734,-18.358030064081504,-18.049127154193684,1.0
Boulder_Women,BLR,IFSC-ELO,14,1813.5157815619693,1813.5157815619693,-21.46527005721805,-21.728267041521445,2.0
Boulder_Women,BLR,WC+-ELO,7,1813.5157815619693,1810.448843935245,-17.66191671575507,-17.74183056941011,1.0
Boulder_Women,BOL,Global-ELO,5,1813.5157815619693,1813.515781561969,-17.423450760494916,-26.47740379005909,2.0
Boulder_Women,BOL,IFSC-ELO,5,1813.5157815619693,1813.515781561969,-17.423450760494916,-26.47740379005909,2.0
Boulder_Women,BOL,WC+-ELO,1,1813.5157815619693,1813.5157815619693,-16.505099022861714,-16.505099022861714,1.0
Boulder_Women,BRA,Global-ELO,18,1813.5157815619693,1807.2525928578457,-16.612070864190287,-11.286727882052876,3.0
Boulder_Women,BRA,IFSC-ELO,23,1813.5157815619693,1815.0608604929853,-22.951245012100344,-21.999162875876358,3.0
Boulder_Women,BRA,WC+-ELO,17,1813.5157815619693,1810.733917059151,-27.051459467491895,-28.26145791673084,2.0
Boulder_Women,BUL,Global-ELO,14,1813.5157815619693,1814.9083350194608,-25.260261165465863,-25.985042721503437,2.5
Boulder_Women,BUL,IFSC-ELO,31,1813.5157815619693,1814.00571998974,-25.409509939891677,-22.668562613237885,3.0
Boulder_Women,BUL,WC+-ELO,11,1813.5157815619693,1814.7715477326165,-10.246931892719886,-13.200212635587853,1.0
Boulder_Women,CAM,Global-ELO,2,1813.5157815619693,1813.5157815619693,-34.317736440232125,-34.317736440232125,2.0
Boulder_Women,CAM,IFSC-ELO,5,1813.5157815619693,1813.515781561969,-28.033118362199275,-26.238257858629368,2.0
Boulder_Women,CAM,WC+-ELO,3,1813.5157815619693,1813.5157815619693,-22.44805115575832,-23.42101880573341,1.0
Boulder_Women,CAN,Global-ELO,415,1813.5157815619693,1814.0594196116806,-1.7910899754929233,-2.878270817744007,2.0
Boulder_Women,CAN,IFSC-ELO,116,1813.5157815619693,1818.7597306132723,-10.009137701119244,-8.48910443977879,2.0
Boulder_Women,CAN,WC+-ELO,55,1816.0381438546488,1817.798696461171,-2.283396058510334,1.3497692845512286,1.0
Boulder_Women,CHI,Global-ELO,19,1813.5157815619693,1812.7045268374804,-9.86860326791816,-3.6447935369969855,2.0
Boulder_Women,CHI,IFSC-ELO,37,1813.5157815619693,1814.4519162667307,-15.663212667133166,-13.917004756199743,2.0
Boulder_Women,CHI,WC+-ELO,23,1813.5157815619693,1813.5083033389294,-15.742075508405833,-14.539172489857759,2.0
Boulder_Women,CHN,Global-ELO,44,1813.5157815619693,1817.6089631676134,-10.206601747160676,-6.138815750254139,2.0
Boulder_Women,CHN,IFSC-ELO,65,1813.5157815619693,1816.7915131784307,-4.302140238756692,-1.5136383074629556,2.0
Boulder_Women,CHN,WC+-ELO,29,1813.5157815619693,1821.202870297953,-1.242586686059667,10.626138519678408,2.0
Boulder_Women,COL,Global-ELO,15,1813.5157815619693,1813.8014237198117,-17.48981478155315,-16.71676029967763,1.0
Boulder_Women,COL,IFSC-ELO,24,1813.5157815619693,1814.10195626786,-18.085460482785038,-19.740353377890717,1.0
Boulder_Women,COL,WC+-ELO,8,1813.5157815619693,1814.7587140949852,-20.14653336499157,-19.525388694365574,1.0
Boulder_Women,CRC,Global-ELO,1,1813.5157815619693,1813.5157815619693,-18.703955916488667,-18.703955916488667,1.0
Boulder_Women,CRC,IFSC-ELO,4,1813.5157815619693,1813.5157815619693,-14.387852360025704,-14.046770318274525,1.0
Boulder_Women,CRO,Global-ELO,12,1813.5157815619693,1812.6645088186176,-13.83558693714599,-18.756029729724144,3.0
Boulder_Women,CRO,IFSC-ELO,35,1813.5157815619693,1813.9258961088913,-16.832681483112083,-18.489059319336484,3.0
Boulder_Women,CRO,WC+-ELO,17,1813.5157815619693,1810.2149798357361,-5.674666355183717,-7.06558111204655,2.0
Boulder_Women,CRT,Global-ELO,1,1813.5157815619693,1813.5157815619693,-12.15275015108864,-12.15275015108864,1.0
Boulder_Women,CRT,IFSC-ELO,1,1813.5157815619693,1813.5157815619693,-12.15275015108864,-12.15275015108864,1.0
Boulder_Women,CYP,Global-ELO,1,1845.7061274060893,1845.7061274060893,0.0,0.0,1.0
Boulder_Women,CYP,IFSC-ELO,3,1813.5157815619693,1824.2458968433427,-31.643811135255874,-23.411198470888774,2.0
Boulder_Women,CYP,WC+-ELO,1,1794.1537748621543,1794.1537748621543,-19.22777757759536,-19.22777757759536,1.0
Boulder_Women,CZE,Global-ELO,34,1813.5157815619693,1816.7835449543518,-12.663476578916402,-11.463339124961253,3.0
Boulder_Women,CZE,IFSC-ELO,78,1813.5157815619693,1813.981390868997,-16.263634130375976,-13.285245943053956,3.0
Boulder_Women,CZE,WC+-ELO,43,1803.2594504711083,1811.0825202684646,-10.233061748961063,-8.410710274319728,2.0
Boulder_Women,DEN,Global-ELO,16,1808.3176964185504,1799.5976179368984,-11.105799356796638,-9.355433186504555,2.5
Boulder_Women,DEN,IFSC-ELO,43,1813.5157815619693,1813.3775109127482,-18.185071769638625,-20.618653246021925,3.0
Boulder_Women,DEN,WC+-ELO,16,1799.85745077911,1794.6740560802518,-8.80164297621593,-4.97227654632313,1.0
Boulder_Women,ECU,Global-ELO,15,1813.5157815619693,1806.1856520712088,-14.666283919870239,-14.587037630167242,2.0
Boulder_Women,ECU,IFSC-ELO,28,1813.5157815619693,1814.377676881603,-22.002376806228426,-20.36011716411159,2.0
Boulder_Women,ECU,WC+-ELO,11,1813.5157815619693,1809.7025604730698,-17.85152331575091,-22.70610544765501,1.0
Boulder_Women,ESA,Global-ELO,2,1813.5157815619693,1813.5157815619693,-13.158643447721147,-13.158643447721147,1.5
Boulder_Women,ESA,IFSC-ELO,4,1813.5157815619693,1813.5157815619693,-15.952578031182838,-14.555610739451993,1.0
Boulder_Women,ESA,WC+-ELO,1,1813.5157815619693,1813.5157815619693,-28.033118362199275,-28.033118362199275,2.0
Boulder_Women,ESP,Global-ELO,118,1813.5157815619693,1815.5911040659064,-2.231640339843352,-3.4701349165513893,3.0
Boulder_Women,ESP,IFSC-ELO,63,1813.5157815619693,1815.10661439809,-10.182452732720094,-6.685722908213533,3.0
Boulder_Women,ESP,WC+-ELO,26,1817.1059995193405,1824.823054305471,-4.084646244734927,6.068087970076485,2.0
Boulder_Women,EST,Global-ELO,9,1813.5157815619693,1801.9756051073884,-9.201980941694046,-11.468544537050143,2.0
Boulder_Women,EST,IFSC-ELO,9,1813.5157815619693,1813.0409851195004,-15.763950874279544,-23.473839544844118,1.0
Boulder_Women,EST,WC+-ELO,4,1803.6665135066698,1791.753398741223,-13.112382181861676,-12.700421336101215,1.0
Boulder_Women,FIN,Global-ELO,18,1813.5157815619693,1803.7965703384796,-9.75233202872164,-12.66204539424349,1.0
Boulder_Women,FIN,IFSC-ELO,31,1813.5157815619693,1813.7928728566567,-21.97294946642228,-21.371862548383,3.0
Boulder_Women,FIN,WC+-ELO,16,1803.4055786889953,1800.3514348731483,-8.903125461739933,-10.848960689908267,1.0
Boulder_Women,FRA,Global-ELO,143,1813.5157815619693,1829.0278127292527,-1.1795012429599865,0.8094945975786874,3.0
Boulder_Women,FRA,IFSC-ELO,196,1813.5157815619693,1816.8864180571418,1.468318367531424,3.6814700588339693,3.0
Boulder_Women,FRA,WC+-ELO,52,1883.2251198287076,1896.5316700519468,21.61659765680099,46.90485338523305,2.0
Boulder_Women,GBR,Global-ELO,81,1813.5157815619693,1819.5042041456866,-10.939642448363657,-8.079282362523953,3.0
Boulder_Women,GBR,IFSC-ELO,118,1813.5157815619693,1814.3585897489743,-12.824070408759326,-13.745322890004784,3.0
Boulder_Women,GBR,WC+-ELO,45,1813.5157815619693,1817.3179058425478,5.4019261136566,28.747103980399455,3.0
Boulder_Women,GEO,Global-ELO,5,1813.5157815619693,1811.9758014923216,-11.651826522899,-14.183998444893906,1.0
Boulder_Women,GEO,IFSC-ELO,7,1813.5157815619693,1813.5157815619693,-15.458555464591655,-15.709409396492122,1.0
Boulder_Women,GEO,WC+-ELO,3,1813.5157815619693,1813.5157815619693,-18.293716721763303,-16.604767121226434,1.0
Boulder_Women,GER,Global-ELO,63,1817.975157117997,1833.7615734190877,1.289743558379996,0.6131844289830763,3.0
Boulder_Women,GER,IFSC-ELO,102,1821.9815227735712,1823.8547808611622,-0.24782819085055507,1.2138451326200685,3.0
Boulder_Women,GER,WC+-ELO,30,1844.8904913526203,1858.892546949219,15.335416013941995,37.79111915638586,2.0
Boulder_Women,GRE,Global-ELO,9,1813.5157815619693,1800.1293311559868,-16.60678597292599,-17.844646435362215,1.0
Boulder_Women,GRE,IFSC-ELO,28,1813.5157815619693,1813.5157815619693,-28.983054978786868,-26.896981710973574,2.0
Boulder_Women,GRE,WC+-ELO,9,1806.6490155183606,1797.6663417959926,-23.359518472881973,-23.112398364796846,1.0
Boulder_Women,GTM,Global-ELO,4,1813.5157815619693,1813.5157815619693,-17.113613446693307,-16.670234964693122,1.0
Boulder_Women,GTM,IFSC-ELO,4,1813.5157815619693,1813.5157815619693,-17.113613446693307,-16.670234964693122,1.0
Boulder_Women,GUA,Global-ELO,2,1813.5157815619693,1813.5157815619693,-21.578605954761883,-21.578605954761883,1.5
Boulder_Women,GUA,IFSC-ELO,3,1813.5157815619693,1813.5157815619693,-20.94759858190173,-19.267673569147746,1.0
Boulder_Women,GUA,WC+-ELO,1,1813.5157815619693,1813.5157815619693,-20.94759858190173,-20.94759858190173,2.0
Boulder_Women,GUM,Global-ELO,1,1791.6184919349503,1791.6184919349503,-33.61862484632661,-33.61862484632661,2.0
Boulder_Women,GUM,IFSC-ELO,1,1813.5157815619693,1813.5157815619693,-55.515914473345674,-55.515914473345674,3.0
Boulder_Women,GUM,WC+-ELO,1,1813.5157815619693,1813.5157815619693,-33.05583623746634,-33.05583623746634,2.0
Boulder_Women,HKG,Global-ELO,27,1813.5157815619693,1811.2699552253273,-32.58065637416644,-27.34865442044845,3.0
Boulder_Women,HKG,IFSC-ELO,38,1813.5157815619693,1814.2293118693449,-15.163678327772573,-16.677299735801714,3.0
Boulder_Women,HKG,WC+-ELO,14,1811.7370216339302,1798.5531479480119,-15.51171225310486,-9.217878422288566,3.0
Boulder_Women,HON,Global-ELO,3,1813.5157815619693,1813.5157815619693,-19.506284855964168,-21.344687156468353,1.0
Boulder_Women,HON,IFSC-ELO,4,1813.5157815619693,1813.5157815619693,-21.417797668512208,-21.840842987616327,1.0
Boulder_Women,HON,WC+-ELO,4,1813.5157815619693,1813.5157815619693,-21.417797668512208,-21.840842987616327,1.0
Boulder_Women,HUN,Global-ELO,14,1813.5157815619693,1797.2146832456915,-11.314222018733176,-11.214278955056459,1.0
Boulder_Women,HUN,IFSC-ELO,36,1813.5157815619693,1813.5157815619693,-20.24863318118389,-19.522516500111116,3.0
Boulder_Women,HUN,WC+-ELO,14,1809.039387058548,1794.3328652003543,-5.012620766836562,-9.756805707000208,1.0
Boulder_Women,IDN,Global-ELO,1,1813.5157815619693,1813.5157815619693,-22.886383281187136,-22.886383281187136,3.0
Boulder_Women,IDN,IFSC-ELO,1,1813.5157815619693,1813.5157815619693,-22.886383281187136,-22.886383281187136,3.0
Boulder_Women,INA,Global-ELO,30,1813.5157815619693,1815.2885361703557,-5.61472616050753,-7.03277062102458,1.0
Boulder_Women,INA,IFSC-ELO,46,1813.5157815619693,1815.4731187429447,-8.751759110534522,-7.09824669048673,1.0
Boulder_Women,INA,WC+-ELO,11,1813.5157815619693,1809.7724158497274,-12.898148133839413,-13.335990241446945,1.0
Boulder_Women,IND,Global-ELO,16,1813.5157815619693,1810.644863177703,-20.166962612035945,-21.181189083840252,1.0
Boulder_Women,IND,IFSC-ELO,39,1813.5157815619693,1813.2038591525127,-18.725555586327346,-18.22114119437587,1.0
Boulder_Women,IND,WC+-ELO,12,1813.5157815619693,1806.5185268128523,-15.55270578469947,-16.844759520766747,1.0
Boulder_Women,IRI,Global-ELO,18,1813.5157815619693,1817.2315438169005,-14.865938373525069,-4.539405724174799,3.0
Boulder_Women,IRI,IFSC-ELO,35,1813.5157815619693,1815.781668607233,-3.681384446644188,-2.830945902418021,1.0
Boulder_Women,IRI,WC+-ELO,7,1813.5157815619693,1840.0532004448871,19.857234882377497,24.829330510281515,3.0
Boulder_Women,IRL,Global-ELO,12,1801.43029485412,1788.2812829263023,1.1560911558700582,0.44140190257581935,2.0
Boulder_Women,IRL,IFSC-ELO,16,1813.5157815619693,1814.5585772367267,-27.863654281089566,-24.52765941813672,3.0
Boulder_Women,IRL,WC+-ELO,2,1827.5295988641121,1827.5295988641121,-6.734150646119701,-6.734150646119701,1.0
Boulder_Women,ISL,Global-ELO,7,1796.295307337478,1792.7162361762907,-14.562090851030462,-19.870944108794024,3.0
Boulder_Women,ISL,IFSC-ELO,15,1813.5157815619693,1813.5857432051548,-34.086880061041256,-30.60216683156885,3.0
Boulder_Women,ISL,WC+-ELO,5,1770.4114301524796,1782.469531241688,-12.534301538976933,-21.245913156068763,2.0
Boulder_Women,ISR,Global-ELO,19,1813.5157815619693,1814.798467072717,8.028481272756608,6.4028103302415085,3.0
Boulder_Women,ISR,IFSC-ELO,47,1813.5157815619693,1813.5157815619693,-13.761448691508576,-12.418225165716997,3.0
Boulder_Women,ISR,WC+-ELO,23,1807.6666349868035,1813.382910443579,4.900802105487628,7.74383669801607,2.0
Boulder_Women,ITA,Global-ELO,1206,1813.5157815619693,1814.3547485896704,-1.9648778174577046,-1.9624633606678548,3.0
Boulder_Women,ITA,IFSC-ELO,124,1813.5157815619693,1817.6617763338197,-1.2526135032210277,-2.441672981338073,3.0
Boulder_Women,ITA,WC+-ELO,45,1834.654496367154,1847.2375970743717,6.843940481660866,18.273112355086294,2.0
Boulder_Women,JOR,Global-ELO,2,1813.5157815619693,1813.5157815619693,-9.850311822872754,-9.850311822872754,1.0
Boulder_Women,JOR,IFSC-ELO,4,1813.5157815619693,1813.5157815619693,-13.655798673237086,-11.75305524805492,1.0
Boulder_Women,JPN,Global-ELO,81,1813.5157815619693,1831.247267517255,3.7388430545242954,9.200357621218817,3.0
Boulder_Women,JPN,IFSC-ELO,109,1813.5157815619693,1820.4092691428411,9.708590538837825,16.772913491173252,3.0
Boulder_Women,JPN,WC+-ELO,54,1838.7049247876855,1850.104858117404,18.253748927138986,47.60006786649065,2.0
Boulder_Women,KAZ,Global-ELO,19,1813.5157815619693,1805.2832143799935,-21.668238016194664,-23.36832727812084,2.0
Boulder_Women,KAZ,IFSC-ELO,54,1813.5157815619693,1813.5157815619693,-20.125692420593396,-24.60524937557177,2.0
Boulder_Women,KAZ,WC+-ELO,30,1813.5157815619693,1806.0437907904427,-18.98796757656487,-27.163920166724907,2.0
Boulder_Women,KGZ,Global-ELO,3,1813.5157815619693,1811.135949744368,-17.97509500724027,-13.167697880762185,1.0
Boulder_Women,KGZ,IFSC-ELO,5,1813.5157815619693,1813.515781561969,-17.97509500724027,-15.983513894049702,1.0
Boulder_Women,KGZ,WC+-ELO,1,1813.5157815619693,1813.5157815619693,-19.05498200576949,-19.05498200576949,1.0
Boulder_Women,KOR,Global-ELO,42,1813.5157815619693,1814.7940186648848,-3.500346355421698,0.28745893148400875,2.0
Boulder_Women,KOR,IFSC-ELO,73,1813.5157815619693,1814.8424341755888,0.0,-0.28158683714240373,3.0
Boulder_Women,KOR,WC+-ELO,43,1813.5157815619693,1815.0111908969395,-3.1662929916883513,9.176673727211828,2.0
Boulder_Women,KSA,Global-ELO,6,1813.5157815619693,1813.5157815619693,-13.658805549713975,-13.333903739104281,1.0
Boulder_Women,KSA,IFSC-ELO,6,1813.5157815619693,1813.5157815619693,-13.658805549713975,-13.333903739104281,1.0
Boulder_Women,KSA,WC+-ELO,1,1803.440304475337,1803.440304475337,-25.183492571516126,-25.183492571516126,2.0
Boulder_Women,LAT,Global-ELO,12,1798.1971632641846,1790.7215968245598,-11.610121457759533,-10.283766278925308,1.5
Boulder_Women,LAT,IFSC-ELO,22,1813.5157815619693,1813.6129179643858,-20.096796248793908,-24.946275174102933,2.5
Boulder_Women,LAT,WC+-ELO,9,1798.4041540855062,1794.235929593241,-16.01015359879966,-23.349881518912678,1.0
Boulder_Women,LBN,Global-ELO,2,1813.5157815619693,1813.5157815619693,-28.429144303878502,-28.429144303878502,1.0
Boulder_Women,LBN,IFSC-ELO,4,1813.5157815619693,1813.5157815619693,-16.05244680749297,-20.78810692168406,1.0
Boulder_Women,LTU,Global-ELO,12,1794.061529846497,1790.5650832535846,-24.704112781979234,-26.817852724471113,1.5
Boulder_Women,LTU,IFSC-ELO,33,1813.5157815619693,1813.5157815619693,-21.17755667486972,-27.866394437698794,2.0
Boulder_Women,LTU,WC+-ELO,8,1791.2711324796273,1784.9659806133623,-26.62484202564451,-32.96671085552882,2.5
Boulder_Women,LUX,Global-ELO,2,1812.5342166363953,1812.5342166363953,0.0,0.0,1.0
Boulder_Women,LUX,IFSC-ELO,3,1813.5157815619693,1813.5157815619693,-5.792960474268057,-7.282883314791206,3.0
Boulder_Women,LUX,WC+-ELO,2,1814.6770383278713,1814.6770383278713,0.9391518548441127,0.9391518548441127,1.0
Boulder_Women,LVA,Global-ELO,4,1813.5157815619693,1810.242291154055,-27.7489831054354,-26.48468530267047,3.0
Boulder_Women,LVA,IFSC-ELO,4,1813.5157815619693,1810.242291154055,-27.7489831054354,-26.48468530267047,3.0
Boulder_Women,LVA,WC+-ELO,3,1813.5157815619693,1792.4484599790312,2.0592798875507015,-14.626999279550242,1.0
Boulder_Women,MAC,Global-ELO,5,1813.5157815619693,1813.515781561969,-42.49161606477833,-39.798618905977534,3.0
Boulder_Women,MAC,IFSC-ELO,6,1813.5157815619693,1813.5157815619693,-35.331065750302855,-32.26436176785668,2.5
Boulder_Women,MAC,WC+-ELO,3,1813.5157815619693,1799.6342546948708,-33.163271387437135,-30.82247023074554,2.0
Boulder_Women,MAS,Global-ELO,4,1813.5157815619693,1807.174193607481,-25.11374492461391,-27.997951129801265,2.5
Boulder_Women,MAS,IFSC-ELO,8,1813.5157815619693,1813.5157815619693,-19.784360714492664,-21.935252349986428,1.0
Boulder_Women,MAS,WC+-ELO,3,1813.5157815619693,1813.5157815619693,-28.50815813006716,-28.044477074758333,2.0
Boulder_Women,MEX,Global-ELO,26,1813.5157815619693,1808.479958289582,-19.832187020373226,-22.098147000371736,2.0
Boulder_Women,MEX,IFSC-ELO,58,1813.5157815619693,1813.6977035157333,-21.236865906877597,-24.058602254337824,2.0
Boulder_Women,MEX,WC+-ELO,25,1813.5157815619693,1809.9676761461583,-21.577432662492356,-24.713070677545037,2.0
Boulder_Women,MGL,Global-ELO,4,1813.5157815619693,1813.5157815619693,-11.595041062801215,-11.671146198041583,1.0
Boulder_Women,MGL,IFSC-ELO,7,1813.5157815619693,1813.5157815619693,-21.104197957069573,-14.60294464858524,1.0
Boulder_Women,MGL,WC+-ELO,3,1813.5157815619693,1813.5157815619693,-21.104197957069573,-18.512009249310115,1.0
Boulder_Women,MKD,Global-ELO,2,1797.8287574412377,1797.8287574412377,-36.18588747687329,-36.18588747687329,2.5
Boulder_Women,MKD,IFSC-ELO,6,1813.5157815619693,1813.3671962430192,-34.27583323815895,-32.62212299469953,2.0
Boulder_Women,MKD,WC+-ELO,6,1813.5157815619693,1804.5115776300943,-17.725802105959588,-22.786060258567773,1.0
Boulder_Women,MRI,Global-ELO,1,1813.5157815619693,1813.5157815619693,-45.193809612888344,-45.193809612888344,3.0
Boulder_Women,MRI,IFSC-ELO,1,1813.5157815619693,1813.5157815619693,-45.193809612888344,-45.193809612888344,3.0
Boulder_Women,MRI,WC+-ELO,1,1813.5157815619693,1813.5157815619693,-45.193809612888344,-45.193809612888344,3.0
Boulder_Women,NED,Global-ELO,29,1813.5157815619693,1812.1494759976408,-14.748002502279178,-12.42399421642329,3.0
Boulder_Women,NED,IFSC-ELO,43,1813.5157815619693,1814.563842307799,-14.748002502279178,-15.407805266100949,3.0
Boulder_Women,NED,WC+-ELO,17,1814.1641359797654,1809.4679662181447,1.5687787167785245,13.740949379844457,1.0
Boulder_Women,NEP,Global-ELO,2,1798.9876327812217,1798.9876327812217,-35.82076887833125,-35.82076887833125,3.0
Boulder_Women,NEP,IFSC-ELO,4,1813.5157815619693,1813.5157815619693,-17.200037840820073,-26.038888422722152,2.0
Boulder_Women,NEP,WC+-ELO,1,1739.3460413649238,1739.3460413649238,-9.002046688803148,-9.002046688803148,1.0
Boulder_Women,NEW CALEDONIA,IFSC-ELO,3,1813.5157815619693,1813.5157815619693,-11.36287151268948,-9.207810950882125,1.0
Boulder_Women,NOR,Global-ELO,24,1813.5157815619693,1807.3686845479554,-11.203229838473248,-6.729740135915506,3.0
Boulder_Women,NOR,IFSC-ELO,55,1813.5157815619693,1813.7278164295394,-15.644184959650602,-12.142475945678449,2.0
Boulder_Women,NOR,WC+-ELO,17,1813.5157815619693,1803.5419529882593,-10.316969033937994,-12.044144713201497,3.0
Boulder_Women,NZL,Global-ELO,12,1813.5157815619693,1811.8087807895245,-13.205772140451018,-19.4745907841308,2.0
Boulder_Women,NZL,IFSC-ELO,36,1813.5157815619693,1813.6251368941812,-14.916315772567032,-14.882388976025956,1.0
Boulder_Women,NZL,WC+-ELO,25,1813.5157815619693,1811.4870245318918,-15.947757026923227,-22.576132776645665,1.0
Boulder_Women,PAK,Global-ELO,1,1813.5157815619693,1813.5157815619693,-15.317668694394115,-15.317668694394115,1.0
Boulder_Women,PAK,IFSC-ELO,1,1813.5157815619693,1813.5157815619693,-15.317668694394115,-15.317668694394115,1.0
Boulder_Women,PER,Global-ELO,15,1813.5157815619693,1811.5526216305675,-32.30378495176092,-35.11443059844528,3.0
Boulder_Women,PER,IFSC-ELO,17,1813.5157815619693,1813.5157815619693,-37.330621534872535,-34.248796945997384,2.0
Boulder_Women,PER,WC+-ELO,6,1813.5157815619693,1807.3939796290317,-48.65579939637905,-42.13868023264498,2.5
Boulder_Women,PHI,Global-ELO,17,1813.5157815619693,1813.5157815619693,-24.245112890681185,-25.12475445410298,1.0
Boulder_Women,PHI,IFSC-ELO,26,1813.5157815619693,1813.5696297430345,-16.915813336295173,-20.201399498197343,1.0
Boulder_Women,PHI,WC+-ELO,3,1789.5947398030976,1791.9460503538658,-10.099930229591564,-10.483421364300435,1.0
Boulder_Women,POL,Global-ELO,40,1813.5157815619693,1814.0722383877378,-13.56277933133208,-12.706540428102858,3.0
Boulder_Women,POL,IFSC-ELO,63,1813.5157815619693,1814.1339705037992,-11.855126557136373,-13.251276278866614,3.0
Boulder_Women,POL,WC+-ELO,28,1809.0396660837962,1809.2770272408504,-3.1659615181411027,-7.975542234746172,2.0
Boulder_Women,POR,Global-ELO,13,1813.5157815619693,1783.781473295299,-21.47780073205604,-26.707897196581126,2.0
Boulder_Women,POR,IFSC-ELO,37,1813.5157815619693,1813.5157815619696,-32.79274896172524,-35.386353635554684,3.0
Boulder_Women,POR,WC+-ELO,8,1789.0836214809488,1783.890721857662,-18.031904392311844,-28.39403036850939,1.0
Boulder_Women,PUR,Global-ELO,1,1813.5157815619693,1813.5157815619693,-31.1993074242057,-31.1993074242057,3.0
Boulder_Women,PUR,IFSC-ELO,1,1810.6352441094482,1810.6352441094482,-38.31150164857286,-38.31150164857286,3.0
Boulder_Women,PUR,WC+-ELO,1,1810.6352441094482,1810.6352441094482,-38.31150164857286,-38.31150164857286,3.0
Boulder_Women,ROU,Global-ELO,12,1813.5157815619693,1798.6301191606765,-24.384715297685148,-28.15220974575243,2.5
Boulder_Women,ROU,IFSC-ELO,22,1813.5157815619693,1813.5157815619693,-24.55955064398222,-25.633983322434492,3.0
Boulder_Women,ROU,WC+-ELO,7,1796.5844959024676,1794.6523378890417,-8.012983326528683,-13.718816664712806,1.0
Boulder_Women,RSA,Global-ELO,13,1809.9926538559696,1807.2582882262466,-11.66564762522421,-14.544691172070333,1.0
Boulder_Women,RSA,IFSC-ELO,42,1813.5157815619693,1813.7971614212015,-17.332249773617946,-20.157734150423888,1.0
Boulder_Women,RSA,WC+-ELO,34,1813.5157815619693,1812.9670409658845,-18.657521787572705,-21.786770232917405,1.0
Boulder_Women,RUS,Global-ELO,70,1813.5157815619693,1814.8929506814404,-5.687132249672118,-0.11479302227860769,2.0
Boulder_Women,RUS,IFSC-ELO,119,1813.5157815619693,1814.1326705496058,-9.36036948862693,-5.169109882757076,2.0
Boulder_Women,RUS,WC+-ELO,50,1813.5157815619693,1836.5235841850017,1.5908265461423525,21.90974614750533,1.0
Boulder_Women,SGP,Global-ELO,21,1813.5157815619693,1812.1249286043133,-13.383847972004787,-12.490377671730714,3.0
Boulder_Women,SGP,IFSC-ELO,46,1813.5157815619693,1813.595164648618,-12.882017378049682,-12.31125201234096,1.5
Boulder_Women,SGP,WC+-ELO,12,1813.5157815619693,1817.4550211013548,-13.81632629925366,-15.426880709209266,2.0
Boulder_Women,SLO,Global-ELO,39,1820.0529839189967,1851.2523675478099,8.72263051994878,20.522301158290166,3.0
Boulder_Women,SLO,IFSC-ELO,68,1813.5157815619693,1818.5926608649443,9.102848655195544,10.64400128190349,3.0
Boulder_Women,SLO,WC+-ELO,33,1849.976802321985,1883.5167438942883,39.31150247436153,51.13157706929452,2.0
Boulder_Women,SRB,Global-ELO,4,1813.5157815619693,1814.031175145537,3.0102383856127517,18.46586063052007,3.0
Boulder_Women,SRB,IFSC-ELO,13,1813.5157815619693,1814.5416988511959,-18.596153726816965,-16.97472087838948,2.0
Boulder_Women,SRB,WC+-ELO,2,1865.608621298003,1865.608621298003,125.5256738966608,125.5256738966608,2.0
Boulder_Women,SUI,Global-ELO,716,1813.5157815619693,1813.6816966938302,-2.1059976405316547,-1.807793741375679,3.0
Boulder_Women,SUI,IFSC-ELO,78,1825.2605593776595,1827.2212033621968,-9.791016102893195,-6.809953521722223,3.0
Boulder_Women,SUI,WC+-ELO,30,1832.9214360219871,1838.9300769916129,5.391056096347029,19.969757565642414,2.0
Boulder_Women,SVK,Global-ELO,18,1813.5157815619693,1820.0263980337836,-10.935702158259119,-2.9242074408718457,3.0
Boulder_Women,SVK,IFSC-ELO,34,1813.5157815619693,1813.0393089187774,-21.034105756505937,-18.344341030493993,3.0
Boulder_Women,SVK,WC+-ELO,16,1803.4617066659207,1812.2633222015854,-1.4591051337175713,13.631074925937781,1.0
Boulder_Women,SWE,Global-ELO,31,1813.5157815619693,1810.1525514490434,-10.276079437717044,-11.421917752003854,1.0
Boulder_Women,SWE,IFSC-ELO,58,1813.5157815619693,1813.895385789207,-16.297531288107507,-17.407586735570174,2.0
Boulder_Women,SWE,WC+-ELO,17,1805.0025488129907,1799.4694070759804,-11.984101185166764,-9.635961292501767,1.0
Boulder_Women,THA,Global-ELO,13,1813.5157815619693,1806.840923957178,-17.45931440943241,-17.055022953560883,1.0
Boulder_Women,THA,IFSC-ELO,26,1813.5157815619693,1814.1067795508095,-17.87687053857269,-19.621477928550078,2.0
Boulder_Women,THA,WC+-ELO,12,1813.5157815619693,1809.1568288738827,-9.775337490287484,-6.323477526675276,1.0
Boulder_Women,TPE,Global-ELO,20,1813.5157815619693,1809.9647060571856,-23.35424984333929,-26.64454913198316,2.0
Boulder_Women,TPE,IFSC-ELO,28,1813.5157815619693,1813.9711687849654,-20.889277699670174,-21.911154710481224,1.0
Boulder_Women,TPE,WC+-ELO,6,1796.7093101945234,1800.0045858861702,-6.172207213542379,-9.306529818009343,2.5
Boulder_Women,TUR,Global-ELO,21,1813.5157815619693,1810.450671134193,-21.449320905369404,-23.45642770869107,2.0
Boulder_Women,TUR,IFSC-ELO,29,1813.5157815619693,1815.1412608922747,-21.80769279957167,-25.895387830047607,2.0
Boulder_Women,TUR,WC+-ELO,15,1805.2462450795201,1804.3683069154952,-16.170118826013095,-20.91570964318136,1.0
Boulder_Women,UGA,Global-ELO,2,1813.5157815619693,1813.5157815619693,-19.717168275847825,-19.717168275847825,1.0
Boulder_Women,UGA,IFSC-ELO,2,1813.5157815619693,1813.5157815619693,-19.717168275847825,-19.717168275847825,1.0
Boulder_Women,UKR,Global-ELO,43,1813.5157815619693,1816.5222234449277,-13.158327809942648,-10.052649347390279,2.0
Boulder_Women,UKR,IFSC-ELO,72,1813.5157815619693,1814.772513269625,-19.272643321345868,-14.784510250603716,3.0
Boulder_Women,UKR,WC+-ELO,35,1813.5157815619693,1815.6422944389208,-8.927606764969596,9.129832413881468,2.0
Boulder_Women,UNK,Global-ELO,2330,1813.5157815619693,1813.6609213349814,-0.32246770100061894,-0.31581497506015443,1.0
Boulder_Women,UNK,IFSC-ELO,1,1813.5157815619693,1813.5157815619693,-40.41124581999452,-40.41124581999452,3.0
Boulder_Women,USA,Global-ELO,441,1813.5157815619693,1817.2419627001932,-1.240471642794546,0.97926873622612,2.0
Boulder_Women,USA,IFSC-ELO,212,1813.5157815619693,1818.137297787412,0.0,6.64459847267962,2.0
Boulder_Women,USA,WC+-ELO,87,1814.3173967981672,1840.8337378331066,7.981719351835636,21.453739885879333,1.0
Boulder_Women,UZB,Global-ELO,1,1813.5157815619693,1813.5157815619693,-17.13740485827566,-17.13740485827566,1.0
Boulder_Women,UZB,IFSC-ELO,2,1813.5157815619693,1813.5157815619693,-17.494464087013284,-17.494464087013284,1.0
Boulder_Women,UZB,WC+-ELO,2,1813.5157815619693,1813.5157815619693,-17.494464087013284,-17.494464087013284,1.0
Boulder_Women,VEN,Global-ELO,13,1813.5157815619693,1818.1810129409473,-3.93269451855258,-4.861096881707419,2.0
Boulder_Women,VEN,IFSC-ELO,22,1813.5157815619693,1816.9511190930389,-8.799309564055307,-7.902168773463441,1.0
Boulder_Women,VEN,WC+-ELO,10,1813.5157815619693,1824.100570823642,-7.069876586524174,-2.5507443976792503,1.0
Boulder_Women,ZAF,Global-ELO,2,1813.5157815619693,1813.5157815619693,-16.604311301916596,-16.604311301916596,1.5
Boulder_Women,ZAF,IFSC-ELO,2,1813.5157815619693,1813.5157815619693,-16.604311301916596,-16.604311301916596,1.5
Boulder_Women,ZAF,WC+-ELO,1,1801.6707138335046,1801.6707138335046,-8.26959324371137,-8.26959324371137,1.0
