athlete_id,athlete_name,pool,country,cnr_rank,cnr_value,identity_uncertainty_score,snapshot_at_utc,base_calibration_intercept,calibration_slope_per_100,zero_prior_calibration_intercept,zero_prior_calibration_slope_per_100,one_prior_calibration_intercept,one_prior_calibration_slope_per_100,calibration_lineage,conditionality_label,uncertainty_label,projection_status,wc_projection_score,wc_projection_score_sd,wc_projection_score_sd_source,score_route,evidence_class,governing_calibration_intercept,governing_calibration_slope_per_100,stable_component_mean,form_adjustment_100d,wc_target_adjustment,model_provisional,model_gate_anchored_events,model_gate_anchored_comparisons,model_gate_unique_anchored_opponents,model_gate_anchored_effective_weight,direct_wc_competitions,direct_senior_open_wc_plus_competitions,direct_youth_world_competitions,youth_world_projection_score,youth_world_projection_score_sd,youth_world_target_adjustment,youth_world_minus_wc_target_adjustment,bridge_source_domain,bridge_source_score,bridge_source_direct_competitions,bridge_wc_minus_source_median,bridge_paired_athletes,bridge_robust_sd,bridge_projection_score,bridge_projection_score_sd,raw_wc_parent_score,raw_wc_parent_probability_sensitivity,bridge_probability_base_calibration_sensitivity,bridge_probability_evidence_class_sensitivity,reference_field_events,reference_field_size_min,reference_field_size_median,reference_field_size_max,reference_field_cutoff_min,reference_field_cutoff_mean,reference_field_cutoff_max,semifinal_probability_central,semifinal_probability_easiest_observed_field,semifinal_probability_hardest_observed_field,semifinal_probability_rating_state_low,semifinal_probability_rating_state_high
IFSC:11847,BAUDRAND Oscar,Boulder_Men,CAN,1.0,250.6,0.0,2026-08-08T00:00:00Z,-0.052360778875031704,0.7893047959112836,-1.827564084754898,0.7893047959112836,-0.09337618286197209,0.7893047959112836,event_clean_2025_refit,conditional on entering a 2026-like WCS field; attendance and exact future field are not forecast,central estimate plus observed-field and latent-state sensitivities; not a confidence interval,exploratory_current_reference_available,2484.3646184399577,132.08988633167527,wc_latent_readiness_sd,wc_target_score_standard_link,two_or_more_prior_senior_open_wc_plus,-0.052360778875031704,0.7893047959112836,2414.2815041223307,61.52930226304211,8.553812054584993,False,20.0,664.0,195.0,97.86682223542097,27.0,27.0,1.0,2475.810806385373,162.62909818721087,0.0,-8.553812054584993,nacs,2501.2646613332536,1.0,-40.402806895243884,18.0,45.0223391093418,2460.8618544380097,161.6527893754818,2484.3646184399577,0.5781168634753507,0.532339600661994,0.532339600661994,5.0,74.0,81.0,103.0,2425.3356956986863,2437.816255001705,2450.489369126898,0.5781168634753507,0.6019405545539857,0.5535483981459625,0.3257338842242049,0.7953757857780788
IFSC:14842,RODRIGUEZ Matthew,Boulder_Men,CAN,2.0,185.7,0.0,2026-08-08T00:00:00Z,-0.052360778875031704,0.7893047959112836,-1.827564084754898,0.7893047959112836,-0.09337618286197209,0.7893047959112836,event_clean_2025_refit,conditional on entering a 2026-like WCS field; attendance and exact future field are not forecast,central estimate plus observed-field and latent-state sensitivities; not a confidence interval,exploratory_current_reference_available,2218.265727404052,121.4384629876576,wc_latent_readiness_sd,wc_target_score_standard_link,two_or_more_prior_senior_open_wc_plus,-0.052360778875031704,0.7893047959112836,2308.1760593960607,18.817236450653652,-108.72756844266216,False,25.0,679.0,196.0,115.41590268230743,12.0,12.0,1.0,2326.9932958467143,153.44645873943543,0.0,108.72756844266216,nacs,2328.885283020861,6.0,-40.402806895243884,18.0,45.0223391093418,2288.4824761256173,155.41169820095075,2218.265727404052,0.14365193909140692,0.22599604969089468,0.22599604969089468,5.0,74.0,81.0,103.0,2425.3356956986863,2437.816255001705,2450.489369126898,0.14365193909140692,0.15620056579436717,0.13177978868291707,0.06043757569874701,0.30432973764305427
IFSC:1682,DORVAL Hugo,Boulder_Men,CAN,3.0,152.3,0.0,2026-08-08T00:00:00Z,-0.052360778875031704,0.7893047959112836,-1.827564084754898,0.7893047959112836,-0.09337618286197209,0.7893047959112836,event_clean_2025_refit,conditional on entering a 2026-like WCS field; attendance and exact future field are not forecast,central estimate plus observed-field and latent-state sensitivities; not a confidence interval,exploratory_current_reference_available,2110.2338593717277,127.03675817707271,wc_latent_readiness_sd,wc_target_score_standard_link,two_or_more_prior_senior_open_wc_plus,-0.052360778875031704,0.7893047959112836,2201.8349920978712,-0.4977263351261015,-91.10340639101737,False,21.0,586.0,179.0,97.85097372603643,9.0,9.0,0.0,2201.337265762745,158.43852920831438,0.0,91.10340639101737,nacs,2211.8142895135684,6.0,-40.402806895243884,18.0,45.0223391093418,2171.4114826183245,158.50469048816552,2110.2338593717277,0.06673346163124057,0.10385501031925426,0.10385501031925426,5.0,74.0,81.0,103.0,2425.3356956986863,2437.816255001705,2450.489369126898,0.06673346163124057,0.0731367753792747,0.060767163835204495,0.025563555782422157,0.1631087314619483
IFSC:1646,MCNAMEE Guy,Boulder_Men,CAN,4.0,122.3,0.0,2026-08-08T00:00:00Z,-0.052360778875031704,0.7893047959112836,-1.827564084754898,0.7893047959112836,-0.09337618286197209,0.7893047959112836,event_clean_2025_refit,conditional on entering a 2026-like WCS field; attendance and exact future field are not forecast,central estimate plus observed-field and latent-state sensitivities; not a confidence interval,exploratory_current_reference_available,2153.086465823906,170.79562940502862,wc_latent_readiness_sd,wc_target_score_standard_link,two_or_more_prior_senior_open_wc_plus,-0.052360778875031704,0.7893047959112836,2249.160549867188,8.877453841490478,-104.95153788477221,False,17.0,388.0,144.0,75.13262182966541,16.0,16.0,0.0,2258.0380037086784,179.79300600985292,0.0,104.95153788477221,nacs,2298.2265801851163,5.0,-40.402806895243884,18.0,45.0223391093418,2257.8237732898724,171.80673731770347,2153.086465823906,0.09114394467726866,0.18647946106012345,0.18647946106012345,5.0,74.0,81.0,103.0,2425.3356956986863,2437.816255001705,2450.489369126898,0.09114394467726866,0.09963946046006625,0.0831897671714522,0.025385972780934487,0.27855340289357466
IFSC:1644,BAUDRAND Victor,Boulder_Men,CAN,5.0,108.6,0.0,2026-08-08T00:00:00Z,-0.052360778875031704,0.7893047959112836,-1.827564084754898,0.7893047959112836,-0.09337618286197209,0.7893047959112836,event_clean_2025_refit,conditional on entering a 2026-like WCS field; attendance and exact future field are not forecast,central estimate plus observed-field and latent-state sensitivities; not a confidence interval,exploratory_current_reference_available,2281.552795027298,173.8355295945965,wc_latent_readiness_sd,wc_target_score_standard_link,two_or_more_prior_senior_open_wc_plus,-0.052360778875031704,0.7893047959112836,2298.3246890924875,3.298157188031316,-20.070051253220882,False,8.0,188.0,84.0,37.333043985244686,12.0,12.0,0.0,2301.622846280519,175.75081362713988,0.0,20.070051253220882,nacs,2308.253500373713,1.0,-40.402806895243884,18.0,45.0223391093418,2267.850693478469,172.27206991499162,2281.552795027298,0.21657205834158458,0.19878474190363687,0.19878474190363687,5.0,74.0,81.0,103.0,2425.3356956986863,2437.816255001705,2450.489369126898,0.21657205834158458,0.23375182863933527,0.20008146857351544,0.06550695067676758,0.5215707050497307
,TJ FOLEY,Boulder_Men,CAN,6.0,103.2,0.0,2026-08-08T00:00:00Z,-0.052360778875031704,0.7893047959112836,-1.827564084754898,0.7893047959112836,-0.09337618286197209,0.7893047959112836,event_clean_2025_refit,conditional on entering a 2026-like WCS field; attendance and exact future field are not forecast,central estimate plus observed-field and latent-state sensitivities; not a confidence interval,unavailable_no_event_clean_current_state,,,,,,,,,,,,,,,,,,,,,,,,,,,,,,,,,,,,,,,,,,,,,,
IFSC:16471,SMITH Dylan,Boulder_Men,CAN,7.0,94.0,0.0,2026-08-08T00:00:00Z,-0.052360778875031704,0.7893047959112836,-1.827564084754898,0.7893047959112836,-0.09337618286197209,0.7893047959112836,event_clean_2025_refit,conditional on entering a 2026-like WCS field; attendance and exact future field are not forecast,central estimate plus observed-field and latent-state sensitivities; not a confidence interval,exploratory_current_reference_available,1923.014986295484,155.91521119939762,wc_latent_readiness_sd,wc_target_score_standard_link,two_or_more_prior_senior_open_wc_plus,-0.052360778875031704,0.7893047959112836,1970.9032773457504,-6.678159938814286,-41.21013111145208,False,18.0,362.0,133.0,76.64071585317443,3.0,3.0,0.0,1964.225117406936,161.8502516362265,0.0,41.21013111145208,nacs,1990.8690525910126,7.0,-40.402806895243884,18.0,45.0223391093418,1950.4662456957687,155.10275993838442,1923.014986295484,0.016052437754306474,0.019859026448219075,0.019859026448219075,5.0,74.0,81.0,103.0,2425.3356956986863,2437.816255001705,2450.489369126898,0.016052437754306474,0.017684878032355304,0.014546645452491869,0.004742872673808446,0.05289677869736999
IFSC:1647,MCNAMEE Kindar,Boulder_Men,CAN,8.0,92.4,0.0,2026-08-08T00:00:00Z,-0.052360778875031704,0.7893047959112836,-1.827564084754898,0.7893047959112836,-0.09337618286197209,0.7893047959112836,event_clean_2025_refit,conditional on entering a 2026-like WCS field; attendance and exact future field are not forecast,central estimate plus observed-field and latent-state sensitivities; not a confidence interval,exploratory_current_reference_available,2265.721599753664,182.4978281569737,wc_latent_readiness_sd,wc_target_score_standard_link,two_or_more_prior_senior_open_wc_plus,-0.052360778875031704,0.7893047959112836,2258.6617411405446,7.059858613119573,0.0,False,12.0,257.0,58.0,52.33668928042886,3.0,3.0,0.0,2265.721599753664,182.4978281569737,0.0,0.0,nacs,2276.247744015453,5.0,-40.402806895243884,18.0,45.0223391093418,2235.844937120209,173.604346368545,2265.721599753664,0.1961217565045981,0.16157847119370441,0.16157847119370441,5.0,74.0,81.0,103.0,2425.3356956986863,2437.816255001705,2450.489369126898,0.1961217565045981,0.21211852071411974,0.18082890758267942,0.05462054687046555,0.5074374423410912
IFSC:16007,THERIEN Maxime,Boulder_Men,CAN,9.0,82.5,0.0,2026-08-08T00:00:00Z,-0.052360778875031704,0.7893047959112836,-1.827564084754898,0.7893047959112836,-0.09337618286197209,0.7893047959112836,event_clean_2025_refit,conditional on entering a 2026-like WCS field; attendance and exact future field are not forecast,central estimate plus observed-field and latent-state sensitivities; not a confidence interval,exploratory_current_reference_available,2088.7851912772803,158.54935288462636,wc_latent_readiness_sd,wc_target_score_zero_prior_intercept_adjusted_link,zero_prior_senior_open_wc_plus,-1.827564084754898,0.7893047959112836,2106.6829236234025,-17.89773234612224,0.0,False,21.0,431.0,111.0,88.73329563484232,0.0,0.0,2.0,2038.3846492296304,154.38529423926235,-50.400542047649985,-50.400542047649985,nacs,2068.5474234564545,4.0,-40.402806895243884,18.0,45.0223391093418,2028.1446165612106,153.85835052675202,2088.7851912772803,0.05693205975995171,0.03605743363015467,0.00629852112659834,5.0,74.0,81.0,103.0,2425.3356956986863,2437.816255001705,2450.489369126898,0.010125882513665295,0.011162463660231013,0.00917084668134498,0.002918040462674094,0.0345213717231825
IFSC:14850,TAN Ian,Boulder_Men,CAN,10.0,79.1,0.0,2026-08-08T00:00:00Z,-0.052360778875031704,0.7893047959112836,-1.827564084754898,0.7893047959112836,-0.09337618286197209,0.7893047959112836,event_clean_2025_refit,conditional on entering a 2026-like WCS field; attendance and exact future field are not forecast,central estimate plus observed-field and latent-state sensitivities; not a confidence interval,exploratory_current_reference_available,1974.8210362739758,162.62743103331013,wc_latent_readiness_sd,wc_target_score_zero_prior_intercept_adjusted_link,zero_prior_senior_open_wc_plus,-1.827564084754898,0.7893047959112836,2014.9875377012097,-40.166501427233925,0.0,False,15.0,286.0,105.0,62.95321010273203,0.0,0.0,2.0,1974.5233590617208,160.72211833997392,-0.29767721225504434,-0.29767721225504434,nacs,1951.974612701645,7.0,-40.402806895243884,18.0,45.0223391093418,1911.571805806401,150.6593925892809,1974.8210362739758,0.0239673337680132,0.014686466797852224,0.0025193375804316237,5.0,74.0,81.0,103.0,2425.3356956986863,2437.816255001705,2450.489369126898,0.004143726040713318,0.0045707447588415944,0.0037507672212918983,0.0011513896019105733,0.014797609599145726
IFSC:17178,BOIVIN Louka,Boulder_Men,CAN,11.0,69.0,0.0,2026-08-08T00:00:00Z,-0.052360778875031704,0.7893047959112836,-1.827564084754898,0.7893047959112836,-0.09337618286197209,0.7893047959112836,event_clean_2025_refit,conditional on entering a 2026-like WCS field; attendance and exact future field are not forecast,central estimate plus observed-field and latent-state sensitivities; not a confidence interval,exploratory_current_reference_available,2080.5113245839375,157.62573866915804,wc_latent_readiness_sd,wc_target_score_zero_prior_intercept_adjusted_link,zero_prior_senior_open_wc_plus,-1.827564084754898,0.7893047959112836,2070.948939825532,9.562384758405674,0.0,False,15.0,314.0,86.0,64.87376582604716,0.0,0.0,0.0,2080.5113245839375,157.62573866915804,0.0,0.0,nacs,2079.941124827072,2.0,-40.402806895243884,18.0,45.0223391093418,2039.5383179318283,153.69493646754248,2080.5113245839375,0.0535255061994416,0.03931699460953521,0.006887122665204757,5.0,74.0,81.0,103.0,2425.3356956986863,2437.816255001705,2450.489369126898,0.009491807899365236,0.010464165344535124,0.008596056308697439,0.0027540179285612883,0.032181851786516634
CEC:3253,SANTOPRETE Leonardo,Boulder_Men,CAN,12.0,68.3,0.0,2026-08-08T00:00:00Z,-0.052360778875031704,0.7893047959112836,-1.827564084754898,0.7893047959112836,-0.09337618286197209,0.7893047959112836,event_clean_2025_refit,conditional on entering a 2026-like WCS field; attendance and exact future field are not forecast,central estimate plus observed-field and latent-state sensitivities; not a confidence interval,exploratory_current_reference_available,2362.739082473547,281.876946662704,wc_latent_readiness_sd,wc_target_score_zero_prior_intercept_adjusted_link,zero_prior_senior_open_wc_plus,-1.827564084754898,0.7893047959112836,2357.061208753647,5.677873719899959,0.0,True,2.0,75.0,40.0,9.485416430099646,0.0,0.0,0.0,2362.739082473547,281.876946662704,0.0,0.0,canada_senior_national,2363.65529405299,1.0,-38.975782812016405,11.0,43.742701737292194,2324.6795112409736,270.3266313676139,2362.739082473547,0.3441287819499638,0.27982002380843474,0.06177112911354998,5.0,74.0,81.0,103.0,2425.3356956986863,2437.816255001705,2450.489369126898,0.08164887180899555,0.08934635757984549,0.07445545009088955,0.009517876350004104,0.4513336746160885
IFSC:13940,LAU Evan,Boulder_Men,CAN,13.0,52.9,0.0,2026-08-08T00:00:00Z,-0.052360778875031704,0.7893047959112836,-1.827564084754898,0.7893047959112836,-0.09337618286197209,0.7893047959112836,event_clean_2025_refit,conditional on entering a 2026-like WCS field; attendance and exact future field are not forecast,central estimate plus observed-field and latent-state sensitivities; not a confidence interval,exploratory_current_reference_available,1986.2753521207746,168.79947427905358,wc_latent_readiness_sd,wc_target_score_zero_prior_intercept_adjusted_link,zero_prior_senior_open_wc_plus,-1.827564084754898,0.7893047959112836,2054.539616769934,-68.2642646491595,0.0,False,19.0,381.0,103.0,80.26218783845647,0.0,0.0,3.0,1988.2144115635033,164.90668511233324,1.9390594427286023,1.9390594427286023,nacs,1940.6850437213332,3.0,-40.402806895243884,18.0,45.0223391093418,1900.2822368260893,164.26419139381971,1986.2753521207746,0.026175817688434747,0.013451225301986905,0.002305048459655004,5.0,74.0,81.0,103.0,2425.3356956986863,2437.816255001705,2450.489369126898,0.004534037599159976,0.005001076661364678,0.0041042172067262675,0.0012003507126295237,0.016968946037471164
IFSC:18544,SHINDO Elliot,Boulder_Men,CAN,14.0,39.5,0.0,2026-08-08T00:00:00Z,-0.052360778875031704,0.7893047959112836,-1.827564084754898,0.7893047959112836,-0.09337618286197209,0.7893047959112836,event_clean_2025_refit,conditional on entering a 2026-like WCS field; attendance and exact future field are not forecast,central estimate plus observed-field and latent-state sensitivities; not a confidence interval,exploratory_current_reference_available,1921.9620642649365,218.28668118848887,wc_latent_readiness_sd,wc_target_score_zero_prior_intercept_adjusted_link,zero_prior_senior_open_wc_plus,-1.827564084754898,0.7893047959112836,1892.9891054870122,28.972958777924337,0.0,True,5.0,92.0,51.0,19.365956276668523,0.0,0.0,0.0,1921.9620642649365,218.28668118848887,0.0,0.0,nacs,1951.6353493703605,3.0,-40.402806895243884,18.0,45.0223391093418,1911.2325424751166,206.7721197424916,1921.9620642649365,0.015921697840180923,0.014647766960041423,0.002512617196450028,5.0,74.0,81.0,103.0,2425.3356956986863,2437.816255001705,2450.489369126898,0.002734070466115121,0.0030162615293261876,0.0024744602772384487,0.0004892374748180941,0.015123317070289008
CEC:972,Shintani Dylan,Boulder_Men,CAN,15.0,38.4,0.05,2026-08-08T00:00:00Z,-0.052360778875031704,0.7893047959112836,-1.827564084754898,0.7893047959112836,-0.09337618286197209,0.7893047959112836,event_clean_2025_refit,conditional on entering a 2026-like WCS field; attendance and exact future field are not forecast,central estimate plus observed-field and latent-state sensitivities; not a confidence interval,exploratory_current_reference_available,1986.4772369745956,179.95014285241643,wc_latent_readiness_sd,wc_target_score_zero_prior_intercept_adjusted_link,zero_prior_senior_open_wc_plus,-1.827564084754898,0.7893047959112836,1983.4022771355837,3.074959839011853,0.0,False,12.0,264.0,65.0,48.96278078875406,0.0,0.0,0.0,1986.4772369745956,179.95014285241643,0.0,0.0,nacs,1964.4946248201309,2.0,-40.402806895243884,18.0,45.0223391093418,1924.091817924887,172.66163584793983,1986.4772369745956,0.0262164673776724,0.016187238699669794,0.0027802904813659423,5.0,74.0,81.0,103.0,2425.3356956986863,2437.816255001705,2450.489369126898,0.004541235451590282,0.005009012214529352,0.004110735530582583,0.0011010826049132763,0.018530198515713737
CEC:311,Robert Eliott,Boulder_Men,CAN,16.0,30.7,0.0,2026-08-08T00:00:00Z,-0.052360778875031704,0.7893047959112836,-1.827564084754898,0.7893047959112836,-0.09337618286197209,0.7893047959112836,event_clean_2025_refit,conditional on entering a 2026-like WCS field; attendance and exact future field are not forecast,central estimate plus observed-field and latent-state sensitivities; not a confidence interval,exploratory_current_reference_available,1992.7992290695518,174.02697361981825,wc_latent_readiness_sd,wc_target_score_zero_prior_intercept_adjusted_link,zero_prior_senior_open_wc_plus,-1.827564084754898,0.7893047959112836,1995.5193641559254,-2.7201350863736034,0.0,False,14.0,282.0,68.0,59.93869591264461,0.0,0.0,0.0,1992.7992290695518,174.02697361981825,0.0,0.0,nacs,1980.1356048852178,2.0,-40.402806895243884,18.0,45.0223391093418,1939.732797989974,168.011684652446,1992.7992290695518,0.027520936426780926,0.01827535577494097,0.0031444693783194747,5.0,74.0,81.0,103.0,2425.3356956986863,2437.816255001705,2450.489369126898,0.004772482257740341,0.0052639529855124205,0.004320155745301375,0.0012126812289560845,0.018587536203048458
IFSC:6330,TIUKUVAARA Samuel,Boulder_Men,CAN,17.0,30.6,0.0,2026-08-08T00:00:00Z,-0.052360778875031704,0.7893047959112836,-1.827564084754898,0.7893047959112836,-0.09337618286197209,0.7893047959112836,event_clean_2025_refit,conditional on entering a 2026-like WCS field; attendance and exact future field are not forecast,central estimate plus observed-field and latent-state sensitivities; not a confidence interval,exploratory_current_reference_available,2199.747397637193,201.61561151280995,wc_latent_readiness_sd,wc_target_score_standard_link,two_or_more_prior_senior_open_wc_plus,-0.052360778875031704,0.7893047959112836,2198.5663111647264,1.1810864724665437,0.0,False,7.0,135.0,45.0,32.02438711642063,0.0,3.0,0.0,2199.747397637193,201.61561151280995,0.0,0.0,nacs,2206.241384225062,4.0,-40.402806895243884,18.0,45.0223391093418,2165.8385773298182,199.92620999858354,2199.747397637193,0.12659020843950183,0.09983191074716746,0.09983191074716746,5.0,74.0,81.0,103.0,2425.3356956986863,2437.816255001705,2450.489369126898,0.12659020843950183,0.13788840378232495,0.11593722566855491,0.02867010047241652,0.41578810178512854
IFSC:1681,ELLIOTT Jakob,Boulder_Men,CAN,18.0,28.5,0.0,2026-08-08T00:00:00Z,-0.052360778875031704,0.7893047959112836,-1.827564084754898,0.7893047959112836,-0.09337618286197209,0.7893047959112836,event_clean_2025_refit,conditional on entering a 2026-like WCS field; attendance and exact future field are not forecast,central estimate plus observed-field and latent-state sensitivities; not a confidence interval,exploratory_current_reference_available,2133.3750352786433,201.95195502002124,wc_latent_readiness_sd,wc_target_score_standard_link,two_or_more_prior_senior_open_wc_plus,-0.052360778875031704,0.7893047959112836,2122.388364001021,10.986671277622582,0.0,False,5.0,96.0,43.0,23.193358567658677,0.0,2.0,0.0,2133.3750352786433,201.95195502002124,0.0,0.0,nacs,2140.087699926856,2.0,-40.402806895243884,18.0,45.0223391093418,2099.6848930316123,201.8918052775646,2133.3750352786433,0.07904965459076227,0.06173115157974941,0.06173115157974941,5.0,74.0,81.0,103.0,2425.3356956986863,2437.816255001705,2450.489369126898,0.07904965459076227,0.08652518533807087,0.07206725850398607,0.0171350375127249,0.2970649991871518
CEC:1002,Mattina Anthony,Boulder_Men,CAN,19.0,28.0,0.0,2026-08-08T00:00:00Z,-0.052360778875031704,0.7893047959112836,-1.827564084754898,0.7893047959112836,-0.09337618286197209,0.7893047959112836,event_clean_2025_refit,conditional on entering a 2026-like WCS field; attendance and exact future field are not forecast,central estimate plus observed-field and latent-state sensitivities; not a confidence interval,exploratory_current_reference_available,1811.615436700694,202.63417917256447,wc_latent_readiness_sd,wc_target_score_zero_prior_intercept_adjusted_link,zero_prior_senior_open_wc_plus,-1.827564084754898,0.7893047959112836,1826.946520705375,-15.331084004680962,0.0,False,7.0,157.0,50.0,29.61117450940585,0.0,0.0,0.0,1811.615436700694,202.63417917256447,0.0,0.0,nacs,1816.52107071721,3.0,-40.402806895243884,18.0,45.0223391093418,1776.1182638219661,190.40951937083233,1811.615436700694,0.006726214284955658,0.005091011361315868,0.000866329905276261,5.0,74.0,81.0,103.0,2425.3356956986863,2437.816255001705,2450.489369126898,0.0011461532012300504,0.0012646587177037119,0.001037164868537526,0.00023175489038531548,0.00564796567029231
IFSC:1571,LAZURE Sébastien,Boulder_Men,CAN,20.0,27.3,0.0,2026-08-08T00:00:00Z,-0.052360778875031704,0.7893047959112836,-1.827564084754898,0.7893047959112836,-0.09337618286197209,0.7893047959112836,event_clean_2025_refit,conditional on entering a 2026-like WCS field; attendance and exact future field are not forecast,central estimate plus observed-field and latent-state sensitivities; not a confidence interval,exploratory_current_reference_available,2066.1383701177215,179.07327144309215,wc_latent_readiness_sd,wc_target_score_standard_link,two_or_more_prior_senior_open_wc_plus,-0.052360778875031704,0.7893047959112836,2086.5314461765015,-20.393076058779812,0.0,False,7.0,158.0,60.0,32.91221095791146,0.0,30.0,0.0,2066.1383701177215,179.07327144309215,0.0,0.0,nacs,2062.383633896471,3.0,-40.402806895243884,18.0,45.0223391093418,2021.9808270012272,181.15088771816679,2066.1383701177215,0.04806089797900453,0.03440409751527252,0.03440409751527252,5.0,74.0,81.0,103.0,2425.3356956986863,2437.816255001705,2450.489369126898,0.04806089797900453,0.05277382860917951,0.04368587379766999,0.012134833854087076,0.1718463089100412
IFSC:1593,Uchida Lucas,Boulder_Men,CAN,21.0,25.3,0.0,2026-08-08T00:00:00Z,-0.052360778875031704,0.7893047959112836,-1.827564084754898,0.7893047959112836,-0.09337618286197209,0.7893047959112836,event_clean_2025_refit,conditional on entering a 2026-like WCS field; attendance and exact future field are not forecast,central estimate plus observed-field and latent-state sensitivities; not a confidence interval,exploratory_current_reference_available,2285.6602392229374,218.7007811789539,wc_latent_readiness_sd,wc_target_score_standard_link,two_or_more_prior_senior_open_wc_plus,-0.052360778875031704,0.7893047959112836,2287.609726089076,-1.949486866138527,0.0,False,4.0,61.0,35.0,18.464692831119745,2.0,15.0,0.0,2285.6602392229374,218.7007811789539,0.0,0.0,nacs,2260.8647988594753,2.0,-40.402806895243884,18.0,45.0223391093418,2220.4619919642314,218.35596463536245,2285.6602392229374,0.2221232803969963,0.1457976508585158,0.1457976508585158,5.0,74.0,81.0,103.0,2425.3356956986863,2437.816255001705,2450.489369126898,0.2221232803969963,0.23960872506174097,0.20532077893511289,0.0483582752904644,0.6160652450050823
CEC:20,shepherd dawson,Boulder_Men,CAN,22.0,23.0,0.05,2026-08-08T00:00:00Z,-0.052360778875031704,0.7893047959112836,-1.827564084754898,0.7893047959112836,-0.09337618286197209,0.7893047959112836,event_clean_2025_refit,conditional on entering a 2026-like WCS field; attendance and exact future field are not forecast,central estimate plus observed-field and latent-state sensitivities; not a confidence interval,exploratory_current_reference_available,1900.4737157638067,188.62303966548671,wc_latent_readiness_sd,wc_target_score_zero_prior_intercept_adjusted_link,zero_prior_senior_open_wc_plus,-1.827564084754898,0.7893047959112836,1904.4768842078547,-4.003168444047921,0.0,False,9.0,183.0,56.0,40.240853662361815,0.0,0.0,0.0,1900.4737157638067,188.62303966548671,0.0,0.0,nacs,1892.3781742436734,4.0,-40.402806895243884,18.0,45.0223391093418,1851.9753673484295,178.03366636182702,1900.4737157638067,0.013471296142101961,0.009226273034644027,0.0015754552434810477,5.0,74.0,81.0,103.0,2425.3356956986863,2437.816255001705,2450.489369126898,0.0023085267857832405,0.0025469084658629676,0.0020892389054028813,0.0005218307884481147,0.01015056155955378
CEC:339,Baudin Fernand,Boulder_Men,CAN,23.0,22.0,0.0,2026-08-08T00:00:00Z,-0.052360778875031704,0.7893047959112836,-1.827564084754898,0.7893047959112836,-0.09337618286197209,0.7893047959112836,event_clean_2025_refit,conditional on entering a 2026-like WCS field; attendance and exact future field are not forecast,central estimate plus observed-field and latent-state sensitivities; not a confidence interval,exploratory_current_reference_available,1908.2010936120876,175.6660105210037,wc_latent_readiness_sd,wc_target_score_zero_prior_intercept_adjusted_link,zero_prior_senior_open_wc_plus,-1.827564084754898,0.7893047959112836,1912.5815461821992,-4.3804525701116575,0.0,False,13.0,247.0,71.0,55.524122532283,0.0,0.0,0.0,1908.2010936120876,175.6660105210037,0.0,0.0,nacs,1875.4618344218954,3.0,-40.402806895243884,18.0,45.0223391093418,1835.0590275266516,168.43787361155347,1908.2010936120876,0.014306398852321645,0.008082389562976215,0.0013788085133713073,5.0,74.0,81.0,103.0,2425.3356956986863,2437.816255001705,2450.489369126898,0.002453356176052023,0.002706652567570649,0.0022203415109190864,0.0006143187014301155,0.009744097233461734
IFSC:17187,SKORYNA Miles,Boulder_Men,CAN,24.0,21.9,0.0,2026-08-08T00:00:00Z,-0.052360778875031704,0.7893047959112836,-1.827564084754898,0.7893047959112836,-0.09337618286197209,0.7893047959112836,event_clean_2025_refit,conditional on entering a 2026-like WCS field; attendance and exact future field are not forecast,central estimate plus observed-field and latent-state sensitivities; not a confidence interval,exploratory_current_reference_available,1941.7251282152092,174.73773101576683,wc_latent_readiness_sd,wc_target_score_zero_prior_intercept_adjusted_link,zero_prior_senior_open_wc_plus,-1.827564084754898,0.7893047959112836,1941.2326087077524,0.4925195074567575,0.0,False,11.0,185.0,70.0,41.51373870286323,0.0,0.0,1.0,1902.5035437581225,172.5368552739984,-39.22158445708671,-39.22158445708671,nacs,1945.4567901812793,1.0,-40.402806895243884,18.0,45.0223391093418,1905.0539832860354,171.07908198034343,1941.7251282152092,0.018559641501375155,0.0139603012399383,0.0023933088281380206,5.0,74.0,81.0,103.0,2425.3356956986863,2437.816255001705,2450.489369126898,0.003194149568508953,0.0035236588998794993,0.0028909797950068834,0.000806138579455094,0.012567154696659226
IFSC:18543,NUNAN Peter,Boulder_Men,CAN,25.0,21.5,0.0,2026-08-08T00:00:00Z,-0.052360778875031704,0.7893047959112836,-1.827564084754898,0.7893047959112836,-0.09337618286197209,0.7893047959112836,event_clean_2025_refit,conditional on entering a 2026-like WCS field; attendance and exact future field are not forecast,central estimate plus observed-field and latent-state sensitivities; not a confidence interval,exploratory_current_reference_available,1746.9254082385323,166.7624154245786,wc_latent_readiness_sd,wc_target_score_zero_prior_intercept_adjusted_link,zero_prior_senior_open_wc_plus,-1.827564084754898,0.7893047959112836,1775.6557274394202,-28.730319200887948,0.0,False,15.0,252.0,79.0,59.90406945798725,0.0,0.0,0.0,1746.9254082385323,166.7624154245786,0.0,0.0,nacs,1724.7949348775476,5.0,-40.402806895243884,18.0,45.0223391093418,1684.3921279823037,155.28325907989384,1746.9254082385323,0.004047519318072455,0.0024746624490644582,0.0004201927035728731,5.0,74.0,81.0,103.0,2425.3356956986863,2437.816255001705,2450.489369126898,0.0006881614573943433,0.000759349313843305,0.0006226966592983888,0.00018461332676115774,0.0025616597864586386
IFSC:18289,KENNY Grayson,Boulder_Men,CAN,26.0,19.8,0.0,2026-08-08T00:00:00Z,-0.052360778875031704,0.7893047959112836,-1.827564084754898,0.7893047959112836,-0.09337618286197209,0.7893047959112836,event_clean_2025_refit,conditional on entering a 2026-like WCS field; attendance and exact future field are not forecast,central estimate plus observed-field and latent-state sensitivities; not a confidence interval,exploratory_current_reference_available,2048.1972028721907,173.6222245723188,wc_latent_readiness_sd,wc_target_score_zero_prior_intercept_adjusted_link,zero_prior_senior_open_wc_plus,-1.827564084754898,0.7893047959112836,2023.9541092501408,24.243093622049752,0.0,False,10.0,144.0,68.0,34.32854455647399,0.0,0.0,1.0,2041.45486959862,158.37548245328568,-6.74233327357066,-6.74233327357066,ifsc_youth_world,2041.45486959862,1.0,-15.705409292109607,77.0,27.713207306031855,2025.7494603065104,160.81290250274594,2048.1972028721907,0.04198131501997082,0.035406076445323585,0.006181294671961356,5.0,74.0,81.0,103.0,2425.3356956986863,2437.816255001705,2450.489369126898,0.0073706901288931375,0.008127539515202356,0.006673761883020336,0.0018825297438213589,0.028403246500898715
IFSC:1611,SAFFERY Dylan,Boulder_Men,CAN,27.0,18.8,0.0,2026-08-08T00:00:00Z,-0.052360778875031704,0.7893047959112836,-1.827564084754898,0.7893047959112836,-0.09337618286197209,0.7893047959112836,event_clean_2025_refit,conditional on entering a 2026-like WCS field; attendance and exact future field are not forecast,central estimate plus observed-field and latent-state sensitivities; not a confidence interval,exploratory_current_reference_available,2057.5067642097315,215.93674391202245,wc_latent_readiness_sd,wc_target_score_zero_prior_intercept_adjusted_link,zero_prior_senior_open_wc_plus,-1.827564084754898,0.7893047959112836,2046.7050782340532,10.801685975678467,0.0,False,6.0,147.0,44.0,25.220334517007323,0.0,0.0,0.0,2057.5067642097315,215.93674391202245,0.0,0.0,nacs,2060.999427581976,2.0,-40.402806895243884,18.0,45.0223391093418,2020.596620686732,216.4564515159916,2057.5067642097315,0.04503813514657436,0.03404298442366895,0.005936397825937155,5.0,74.0,81.0,103.0,2425.3356956986863,2437.816255001705,2450.489369126898,0.007928234018181443,0.008741829856033655,0.007178969037699379,0.0014514145018546694,0.04208909631216377
IFSC:18284,ARTEAU Nicolas,Boulder_Men,CAN,28.0,18.0,0.0,2026-08-08T00:00:00Z,-0.052360778875031704,0.7893047959112836,-1.827564084754898,0.7893047959112836,-0.09337618286197209,0.7893047959112836,event_clean_2025_refit,conditional on entering a 2026-like WCS field; attendance and exact future field are not forecast,central estimate plus observed-field and latent-state sensitivities; not a confidence interval,exploratory_current_reference_available,2372.222508481125,197.82139669442464,wc_latent_readiness_sd,wc_target_score_zero_prior_intercept_adjusted_link,zero_prior_senior_open_wc_plus,-1.827564084754898,0.7893047959112836,2398.0829299454285,-25.860421464303638,0.0,False,9.0,78.0,20.0,33.23973536535574,0.0,0.0,1.0,2322.615912801663,188.21263997537562,-49.6065956794619,-49.6065956794619,ifsc_youth_world,2322.615912801663,1.0,-15.705409292109607,77.0,27.713207306031855,2306.9105035095536,190.2682159887642,2372.222508481125,0.36121481994021265,0.25244657095891604,0.054125244678376754,5.0,74.0,81.0,103.0,2425.3356956986863,2437.816255001705,2450.489369126898,0.08744018520195543,0.09562679765075609,0.07978086307075193,0.01971019093196493,0.3134832056677111
IFSC:18290,CARON Antoine,Boulder_Men,CAN,29.0,11.1,0.0,2026-08-08T00:00:00Z,-0.052360778875031704,0.7893047959112836,-1.827564084754898,0.7893047959112836,-0.09337618286197209,0.7893047959112836,event_clean_2025_refit,conditional on entering a 2026-like WCS field; attendance and exact future field are not forecast,central estimate plus observed-field and latent-state sensitivities; not a confidence interval,exploratory_current_reference_available,1897.562736098318,169.47403068666355,wc_latent_readiness_sd,wc_target_score_zero_prior_intercept_adjusted_link,zero_prior_senior_open_wc_plus,-1.827564084754898,0.7893047959112836,1920.351483964351,-22.78874786603294,0.0,False,14.0,261.0,93.0,58.58666315425975,0.0,0.0,1.0,1849.624794721237,156.39430855260292,-47.93794137708103,-47.93794137708103,nacs,1879.2981871670531,1.0,-40.402806895243884,18.0,45.0223391093418,1838.8953802718092,172.6245074194604,1897.562736098318,0.013169331423158355,0.008328802029502926,0.0014211378558011468,5.0,74.0,81.0,103.0,2425.3356956986863,2437.816255001705,2450.489369126898,0.0022562079423800335,0.0024892005851363803,0.002041879678618228,0.0005931454012682043,0.008542313758684849
IFSC:16016,RAJAN Evan,Boulder_Men,CAN,30.0,10.6,0.0,2026-08-08T00:00:00Z,-0.052360778875031704,0.7893047959112836,-1.827564084754898,0.7893047959112836,-0.09337618286197209,0.7893047959112836,event_clean_2025_refit,conditional on entering a 2026-like WCS field; attendance and exact future field are not forecast,central estimate plus observed-field and latent-state sensitivities; not a confidence interval,exploratory_current_reference_available,1871.419816252173,181.1944142130802,wc_latent_readiness_sd,wc_target_score_zero_prior_intercept_adjusted_link,zero_prior_senior_open_wc_plus,-1.827564084754898,0.7893047959112836,1907.8467173839383,-36.42690113176535,0.0,False,10.0,99.0,58.0,32.69407847104414,0.0,0.0,2.0,1855.6659658901126,176.40837911304945,-15.753850362060453,-15.753850362060453,nacs,1871.1941037581105,1.0,-40.402806895243884,18.0,45.0223391093418,1830.7912968628666,177.37020243019242,1871.419816252173,0.010740287570714773,0.00781675826020317,0.0013331972443651,5.0,74.0,81.0,103.0,2425.3356956986863,2437.816255001705,2450.489369126898,0.001836311499272274,0.00202603059454167,0.0016618048230888337,0.0004399829328697654,0.007630197156235919
IFSC:14847,Ho Frederic,Boulder_Men,CAN,31.0,8.8,0.0,2026-08-08T00:00:00Z,-0.052360778875031704,0.7893047959112836,-1.827564084754898,0.7893047959112836,-0.09337618286197209,0.7893047959112836,event_clean_2025_refit,conditional on entering a 2026-like WCS field; attendance and exact future field are not forecast,central estimate plus observed-field and latent-state sensitivities; not a confidence interval,exploratory_current_reference_available,1802.8821187916087,162.4723304519164,wc_latent_readiness_sd,wc_target_score_zero_prior_intercept_adjusted_link,zero_prior_senior_open_wc_plus,-1.827564084754898,0.7893047959112836,1860.9804611132568,-58.09834232164804,0.0,False,17.0,306.0,85.0,64.70757641699015,0.0,0.0,2.0,1791.9675101359087,161.03371755210517,-10.914608655700107,-10.914608655700107,nacs,1746.560778954502,5.0,-40.402806895243884,18.0,45.0223391093418,1706.157972059258,151.92507538777215,1802.8821187916087,0.006280993135435549,0.0029371482072614243,0.000498913891068821,5.0,74.0,81.0,103.0,2425.3356956986863,2437.816255001705,2450.489369126898,0.0010698892562084183,0.0011805188475720464,0.0009681458745898051,0.0002969850971903263,0.0038465380942486276
IFSC:14855,Turgeon Olivier,Boulder_Men,CAN,32.0,8.5,0.0,2026-08-08T00:00:00Z,-0.052360778875031704,0.7893047959112836,-1.827564084754898,0.7893047959112836,-0.09337618286197209,0.7893047959112836,event_clean_2025_refit,conditional on entering a 2026-like WCS field; attendance and exact future field are not forecast,central estimate plus observed-field and latent-state sensitivities; not a confidence interval,exploratory_current_reference_available,1981.5435919735544,186.49579838814228,wc_latent_readiness_sd,wc_target_score_zero_prior_intercept_adjusted_link,zero_prior_senior_open_wc_plus,-1.827564084754898,0.7893047959112836,1996.7968497165955,-15.253257743041202,0.0,False,10.0,202.0,60.0,39.748385172240496,0.0,0.0,0.0,1981.5435919735544,186.49579838814228,0.0,0.0,nacs,1956.633782293608,1.0,-40.402806895243884,18.0,45.0223391093418,1916.230975398364,182.27024916876928,1981.5435919735544,0.025240454139593943,0.015228238413341958,0.002613464359839721,5.0,74.0,81.0,103.0,2425.3356956986863,2437.816255001705,2450.489369126898,0.00436854963573687,0.004818624740999352,0.0039543549510855855,0.0010057993476426709,0.018763025029305037
CEC:3752,RIVERIN Louis-Simon,Boulder_Men,CAN,33.0,7.4,0.0,2026-08-08T00:00:00Z,-0.052360778875031704,0.7893047959112836,-1.827564084754898,0.7893047959112836,-0.09337618286197209,0.7893047959112836,event_clean_2025_refit,conditional on entering a 2026-like WCS field; attendance and exact future field are not forecast,central estimate plus observed-field and latent-state sensitivities; not a confidence interval,exploratory_current_reference_available,1773.5878659532225,345.9387086021204,wc_latent_readiness_sd,wc_target_score_zero_prior_intercept_adjusted_link,zero_prior_senior_open_wc_plus,-1.827564084754898,0.7893047959112836,1774.272857253856,-0.6849913006334755,0.0,True,1.0,24.0,24.0,4.407379634890452,0.0,0.0,0.0,1773.5878659532225,345.9387086021204,0.0,0.0,nacs,1772.5704540006054,1.0,-40.402806895243884,18.0,45.0223391093418,1732.1676471053615,333.56332770555895,1773.5878659532225,0.004990841993512318,0.003604076654177034,0.0006125407313623356,5.0,74.0,81.0,103.0,2425.3356956986863,2437.816255001705,2450.489369126898,0.0008492132805302979,0.0009370457534094082,0.0007684394040740658,5.540078273355356e-05,0.012870799433883228
CEC:2041,Benavente Andrés,Boulder_Men,CAN,34.0,6.3,0.05,2026-08-08T00:00:00Z,-0.052360778875031704,0.7893047959112836,-1.827564084754898,0.7893047959112836,-0.09337618286197209,0.7893047959112836,event_clean_2025_refit,conditional on entering a 2026-like WCS field; attendance and exact future field are not forecast,central estimate plus observed-field and latent-state sensitivities; not a confidence interval,exploratory_current_reference_available,1647.9788345284405,232.19584822100728,wc_latent_readiness_sd,wc_target_score_zero_prior_intercept_adjusted_link,zero_prior_senior_open_wc_plus,-1.827564084754898,0.7893047959112836,1649.3979801449248,-1.4191456164841367,0.0,True,4.0,100.0,53.0,17.66754313310345,0.0,0.0,0.0,1647.9788345284405,232.19584822100728,0.0,0.0,nacs,1662.1998964617105,1.0,-40.402806895243884,18.0,45.0223391093418,1621.7970895664666,226.4564356286758,1647.9788345284405,0.0018576467269473841,0.0015113504638622115,0.0002564186892302431,5.0,74.0,81.0,103.0,2425.3356956986863,2437.816255001705,2450.489369126898,0.00031526278244197294,0.0003478890256454125,0.00028526170826524645,5.0447763689898334e-05,0.001967433985991518
CEC:1473,Watmough Grayson,Boulder_Men,CAN,34.0,6.3,0.05,2026-08-08T00:00:00Z,-0.052360778875031704,0.7893047959112836,-1.827564084754898,0.7893047959112836,-0.09337618286197209,0.7893047959112836,event_clean_2025_refit,conditional on entering a 2026-like WCS field; attendance and exact future field are not forecast,central estimate plus observed-field and latent-state sensitivities; not a confidence interval,exploratory_current_reference_available,1843.532958620626,204.86249882807954,wc_latent_readiness_sd,wc_target_score_zero_prior_intercept_adjusted_link,zero_prior_senior_open_wc_plus,-1.827564084754898,0.7893047959112836,1854.9074157525117,-11.37445713188579,0.0,False,7.0,125.0,57.0,27.30098089218162,0.0,0.0,0.0,1843.532958620626,204.86249882807954,0.0,0.0,nacs,1835.2955601906656,1.0,-40.402806895243884,18.0,45.0223391093418,1794.8927532954217,198.06012723061627,1843.532958620626,0.008636641457820532,0.005899405548323696,0.0010045704988141612,5.0,74.0,81.0,103.0,2425.3356956986863,2437.816255001705,2450.489369126898,0.001474043792542984,0.0016263960711200296,0.0013339178031244845,0.00029293695213434423,0.007382147844584001
IFSC:16008,Bonneville Mathieu,Boulder_Men,CAN,36.0,5.6,0.0,2026-08-08T00:00:00Z,-0.052360778875031704,0.7893047959112836,-1.827564084754898,0.7893047959112836,-0.09337618286197209,0.7893047959112836,event_clean_2025_refit,conditional on entering a 2026-like WCS field; attendance and exact future field are not forecast,central estimate plus observed-field and latent-state sensitivities; not a confidence interval,exploratory_current_reference_available,1909.0616324974274,176.59506666198436,wc_latent_readiness_sd,wc_target_score_zero_prior_intercept_adjusted_link,zero_prior_senior_open_wc_plus,-1.827564084754898,0.7893047959112836,1919.3946686675501,-10.333036170122762,0.0,False,17.0,292.0,91.0,69.68074601828579,0.0,0.0,2.0,1873.3799891489816,171.98606809605022,-35.68164334844563,-35.68164334844563,nacs,1901.7254452771688,2.0,-40.402806895243884,18.0,45.0223391093418,1861.322638381925,178.49025254507208,1909.0616324974274,0.014402498306837448,0.009925700931486203,0.001695880559272215,5.0,74.0,81.0,103.0,2425.3356956986863,2437.816255001705,2450.489369126898,0.002470035465805108,0.0027250492038858394,0.002235440186448309,0.0006139867654923883,0.009881343093219449
CEC:41,MCLEAN Jaeden,Boulder_Men,CAN,36.0,5.6,0.05,2026-08-08T00:00:00Z,-0.052360778875031704,0.7893047959112836,-1.827564084754898,0.7893047959112836,-0.09337618286197209,0.7893047959112836,event_clean_2025_refit,conditional on entering a 2026-like WCS field; attendance and exact future field are not forecast,central estimate plus observed-field and latent-state sensitivities; not a confidence interval,exploratory_current_reference_available,1782.4720852418884,196.84803477615452,wc_latent_readiness_sd,wc_target_score_zero_prior_intercept_adjusted_link,zero_prior_senior_open_wc_plus,-1.827564084754898,0.7893047959112836,1789.5796125851828,-7.107527343294413,0.0,False,11.0,134.0,51.0,41.51755547188375,0.0,0.0,0.0,1782.4720852418884,196.84803477615452,0.0,0.0,nacs,1793.4152378971473,3.0,-40.402806895243884,18.0,45.0223391093418,1753.0124310019035,200.05169377726145,1782.4720852418884,0.00535144023767688,0.0042458844576828214,0.0007220069609573861,5.0,74.0,81.0,103.0,2425.3356956986863,2437.816255001705,2450.489369126898,0.0009108445553803189,0.0010050450187743427,0.0008242133866387943,0.00019274339996828207,0.004292876813384616
IFSC:13939,Smith Nathaniel,Boulder_Men,CAN,36.0,5.6,0.0,2026-08-08T00:00:00Z,-0.052360778875031704,0.7893047959112836,-1.827564084754898,0.7893047959112836,-0.09337618286197209,0.7893047959112836,event_clean_2025_refit,conditional on entering a 2026-like WCS field; attendance and exact future field are not forecast,central estimate plus observed-field and latent-state sensitivities; not a confidence interval,exploratory_current_reference_available,1979.7724903710764,203.23079937621245,wc_latent_readiness_sd,wc_target_score_zero_prior_intercept_adjusted_link,zero_prior_senior_open_wc_plus,-1.827564084754898,0.7893047959112836,1999.1792832188064,-19.406792847729943,0.0,False,10.0,179.0,53.0,36.95232821664918,0.0,0.0,1.0,1979.7724903710764,203.23079937621245,0.0,0.0,nacs,1968.4215898832565,1.0,-40.402806895243884,18.0,45.0223391093418,1928.0187829880126,206.83851379623908,1979.7724903710764,0.024898787143572534,0.016688326426755336,0.002867566075838231,5.0,74.0,81.0,103.0,2425.3356956986863,2437.816255001705,2450.489369126898,0.004308166121070812,0.004752049834383761,0.003899674146020014,0.0008692276161101821,0.021065769403561568
IFSC:14853,CORSI Nate,Boulder_Men,CAN,39.0,5.5,0.0,2026-08-08T00:00:00Z,-0.052360778875031704,0.7893047959112836,-1.827564084754898,0.7893047959112836,-0.09337618286197209,0.7893047959112836,event_clean_2025_refit,conditional on entering a 2026-like WCS field; attendance and exact future field are not forecast,central estimate plus observed-field and latent-state sensitivities; not a confidence interval,exploratory_current_reference_available,2092.6697432031788,229.65985277299134,wc_latent_readiness_sd,wc_target_score_zero_prior_intercept_adjusted_link,zero_prior_senior_open_wc_plus,-1.827564084754898,0.7893047959112836,2091.4145034057865,1.2552397973923648,0.0,True,5.0,82.0,40.0,17.46785330514063,0.0,0.0,1.0,2092.6697432031788,229.65985277299134,0.0,0.0,canada_senior_national,2090.939054077023,1.0,-38.975782812016405,11.0,43.742701737292194,2051.9632712650064,220.47666548487098,2092.6697432031788,0.05860081000616124,0.04319326323392498,0.007591390202029625,5.0,74.0,81.0,103.0,2425.3356956986863,2437.816255001705,2450.489369126898,0.01043786957039271,0.011506017426462551,0.009453689296247753,0.0017185775373197972,0.060704869070816986
IFSC:1559,MCCOLL Sean,Boulder_Men,CAN,39.0,5.5,0.0,2026-08-08T00:00:00Z,-0.052360778875031704,0.7893047959112836,-1.827564084754898,0.7893047959112836,-0.09337618286197209,0.7893047959112836,event_clean_2025_refit,conditional on entering a 2026-like WCS field; attendance and exact future field are not forecast,central estimate plus observed-field and latent-state sensitivities; not a confidence interval,exploratory_current_reference_available,2185.602138671886,211.70940387808022,wc_latent_readiness_sd,wc_target_score_standard_link,two_or_more_prior_senior_open_wc_plus,-0.052360778875031704,0.7893047959112836,2179.221384984471,6.3807536874151864,0.0,False,3.0,58.0,39.0,15.383571521377036,11.0,83.0,0.0,2185.602138671886,211.70940387808022,0.0,0.0,canada_senior_national,2200.805147728188,2.0,-38.975782812016405,11.0,43.742701737292194,2161.8293649161715,204.2212689858943,2185.602138671886,0.11475155899689739,0.09702391817234586,0.09702391817234586,5.0,74.0,81.0,103.0,2425.3356956986863,2437.816255001705,2450.489369126898,0.11475155899689739,0.1251445457988454,0.10497509693013383,0.023796527516250807,0.4080417969371143
IFSC:14851,VANDERHEIDE Jack,Boulder_Men,CAN,39.0,5.5,0.0,2026-08-08T00:00:00Z,-0.052360778875031704,0.7893047959112836,-1.827564084754898,0.7893047959112836,-0.09337618286197209,0.7893047959112836,event_clean_2025_refit,conditional on entering a 2026-like WCS field; attendance and exact future field are not forecast,central estimate plus observed-field and latent-state sensitivities; not a confidence interval,exploratory_current_reference_available,2137.626828728933,191.74956776188495,wc_latent_readiness_sd,wc_target_score_zero_prior_intercept_adjusted_link,zero_prior_senior_open_wc_plus,-1.827564084754898,0.7893047959112836,2166.942689638636,-29.315860909702867,0.0,False,8.0,135.0,76.0,28.792229094439076,0.0,0.0,1.0,2106.641399492761,175.8919310452881,-30.985429236172187,-30.985429236172187,canada_senior_national,2128.4350016920707,1.0,-38.975782812016405,11.0,43.742701737292194,2089.4592188800543,187.64496761479947,2137.626828728933,0.0815275943630968,0.057218376139268175,0.010179347268943545,5.0,74.0,81.0,103.0,2425.3356956986863,2437.816255001705,2450.489369126898,0.014818147657076888,0.01632715057678261,0.013426557512507025,0.003300214443341412,0.0639549253207255
CEC:3750,C. MAHEU Felix,Boulder_Men,CAN,42.0,5.5,0.0,2026-08-08T00:00:00Z,-0.052360778875031704,0.7893047959112836,-1.827564084754898,0.7893047959112836,-0.09337618286197209,0.7893047959112836,event_clean_2025_refit,conditional on entering a 2026-like WCS field; attendance and exact future field are not forecast,central estimate plus observed-field and latent-state sensitivities; not a confidence interval,exploratory_current_reference_available,1695.8054505727662,345.9387086021204,wc_latent_readiness_sd,wc_target_score_zero_prior_intercept_adjusted_link,zero_prior_senior_open_wc_plus,-1.827564084754898,0.7893047959112836,1698.507707035825,-2.7022564630587897,0.0,True,1.0,24.0,24.0,4.407379634890452,0.0,0.0,0.0,1695.8054505727662,345.9387086021204,0.0,0.0,nacs,1691.7918112433174,1.0,-40.402806895243884,18.0,45.0223391093418,1651.3890043480735,333.56332770555895,1695.8054505727662,0.0027073130541817843,0.0019082306295045302,0.00032386104616703856,5.0,74.0,81.0,103.0,2425.3356956986863,2437.816255001705,2450.489369126898,0.00045978533457930685,0.0005073604874609486,0.00041603691179909147,2.9984446729231586e-05,0.007007235409956611
IFSC:16024,RAJAN Aden,Boulder_Men,CAN,43.0,5.1,0.0,2026-08-08T00:00:00Z,-0.052360778875031704,0.7893047959112836,-1.827564084754898,0.7893047959112836,-0.09337618286197209,0.7893047959112836,event_clean_2025_refit,conditional on entering a 2026-like WCS field; attendance and exact future field are not forecast,central estimate plus observed-field and latent-state sensitivities; not a confidence interval,unavailable_no_event_clean_current_state,,,,,,,,,,,,,,,,,,,,,,,,,,,,,,,,,,,,,,,,,,,,,,
IFSC:17188,Talacko Dylan,Boulder_Men,CAN,44.0,4.4,0.0,2026-08-08T00:00:00Z,-0.052360778875031704,0.7893047959112836,-1.827564084754898,0.7893047959112836,-0.09337618286197209,0.7893047959112836,event_clean_2025_refit,conditional on entering a 2026-like WCS field; attendance and exact future field are not forecast,central estimate plus observed-field and latent-state sensitivities; not a confidence interval,exploratory_current_reference_available,1984.3256352271708,219.3772824815966,wc_latent_readiness_sd,wc_target_score_zero_prior_intercept_adjusted_link,zero_prior_senior_open_wc_plus,-1.827564084754898,0.7893047959112836,2013.1436868724852,-28.81805164531445,0.0,True,5.0,96.0,53.0,19.788223931840218,0.0,0.0,0.0,1984.3256352271708,219.3772824815966,0.0,0.0,nacs,1939.0458303335138,1.0,-40.402806895243884,18.0,45.0223391093418,1898.64302343827,212.4453556963411,1984.3256352271708,0.025786384186607152,0.013280605576401152,0.0022754843753979613,5.0,74.0,81.0,103.0,2425.3356956986863,2437.816255001705,2450.489369126898,0.004465105665418443,0.004925079363635926,0.004041793391424985,0.0007932784201648361,0.024712288554744576
IFSC:13949,CHAPMAN Benjamin,Boulder_Men,CAN,45.0,4.3,0.0,2026-08-08T00:00:00Z,-0.052360778875031704,0.7893047959112836,-1.827564084754898,0.7893047959112836,-0.09337618286197209,0.7893047959112836,event_clean_2025_refit,conditional on entering a 2026-like WCS field; attendance and exact future field are not forecast,central estimate plus observed-field and latent-state sensitivities; not a confidence interval,exploratory_current_reference_available,2059.7619518226866,210.0485411745968,wc_latent_readiness_sd,wc_target_score_zero_prior_intercept_adjusted_link,zero_prior_senior_open_wc_plus,-1.827564084754898,0.7893047959112836,2059.6429832190825,0.11896860360397767,0.0,False,5.0,85.0,47.0,23.166244226810786,0.0,0.0,1.0,2059.7619518226866,210.0485411745968,0.0,0.0,nacs,2059.7619518226866,1.0,-40.402806895243884,18.0,45.0223391093418,2019.3591449274427,215.0814087542756,2059.7619518226866,0.045809951048855255,0.033723248562430384,0.0058790358078504535,5.0,74.0,81.0,103.0,2425.3356956986863,2437.816255001705,2450.489369126898,0.008069473513195315,0.008897433366235278,0.007306958878024376,0.0015476202365058592,0.04094802771931107
IFSC:11895,STREET Jonah,Boulder_Men,CAN,46.0,4.1,0.0,2026-08-08T00:00:00Z,-0.052360778875031704,0.7893047959112836,-1.827564084754898,0.7893047959112836,-0.09337618286197209,0.7893047959112836,event_clean_2025_refit,conditional on entering a 2026-like WCS field; attendance and exact future field are not forecast,central estimate plus observed-field and latent-state sensitivities; not a confidence interval,unavailable_no_event_clean_current_state,,,,,,,,,,,,,,,,,,,,,,,,,,,,,,,,,,,,,,,,,,,,,,
CEC:560,Renneberg Tyce,Boulder_Men,CAN,47.0,3.6,0.05,2026-08-08T00:00:00Z,-0.052360778875031704,0.7893047959112836,-1.827564084754898,0.7893047959112836,-0.09337618286197209,0.7893047959112836,event_clean_2025_refit,conditional on entering a 2026-like WCS field; attendance and exact future field are not forecast,central estimate plus observed-field and latent-state sensitivities; not a confidence interval,exploratory_current_reference_available,1778.7031398879403,187.92418276835645,wc_latent_readiness_sd,wc_target_score_zero_prior_intercept_adjusted_link,zero_prior_senior_open_wc_plus,-1.827564084754898,0.7893047959112836,1789.0651006882931,-10.361960800352879,0.0,False,15.0,217.0,51.0,54.49517934375561,0.0,0.0,0.0,1778.7031398879403,187.92418276835645,0.0,0.0,canada_senior_national,1775.0464964964779,1.0,-38.975782812016405,11.0,43.742701737292194,1736.0707136844615,186.0674617583327,1778.7031398879403,0.005195402637520237,0.003716416686267681,0.0006316929061031526,5.0,74.0,81.0,103.0,2425.3356956986863,2437.816255001705,2450.489369126898,0.000884171000160478,0.000975615551339874,0.0008000747434215943,0.00020074585235454104,0.0038852275702638364
IFSC:1629,RICHARDSON Madison,Boulder_Women,CAN,1.0,219.2,0.0,2026-08-08T00:00:00Z,-0.052360778875031704,0.7893047959112836,-1.827564084754898,0.7893047959112836,-0.09337618286197209,0.7893047959112836,event_clean_2025_refit,conditional on entering a 2026-like WCS field; attendance and exact future field are not forecast,central estimate plus observed-field and latent-state sensitivities; not a confidence interval,exploratory_current_reference_available,2374.4866900230472,129.78809562641953,wc_latent_readiness_sd,wc_target_score_standard_link,two_or_more_prior_senior_open_wc_plus,-0.052360778875031704,0.7893047959112836,2411.3518319741197,-11.850288427875336,-25.014853523197136,False,20.0,692.0,170.0,99.33423111798167,27.0,32.0,0.0,2399.501543546244,170.70905162875616,0.0,25.014853523197136,nacs,2410.592444466359,1.0,-83.25077783379675,13.0,54.01253278900149,2327.3416666325625,176.69054224778478,2374.4866900230472,0.3522101432731802,0.2726029207020606,0.2726029207020606,5.0,68.0,75.0,85.0,2432.3875256727556,2445.052278524709,2482.3480479305745,0.3522101432731802,0.37534008635643273,0.28828752910779365,0.16331565422779384,0.6023066116863158
IFSC:13945,KELLEY Anna,Boulder_Women,CAN,2.0,137.3,0.0,2026-08-08T00:00:00Z,-0.052360778875031704,0.7893047959112836,-1.827564084754898,0.7893047959112836,-0.09337618286197209,0.7893047959112836,event_clean_2025_refit,conditional on entering a 2026-like WCS field; attendance and exact future field are not forecast,central estimate plus observed-field and latent-state sensitivities; not a confidence interval,exploratory_current_reference_available,2261.7570440646227,135.0254390591645,wc_latent_readiness_sd,wc_target_score_standard_link,two_or_more_prior_senior_open_wc_plus,-0.052360778875031704,0.7893047959112836,2315.257811671479,42.89994192903223,-96.40070953588824,False,19.0,484.0,160.0,87.26899341980831,8.0,8.0,2.0,2378.6955739185596,154.7771260605108,20.537820318048524,116.93852985393676,nacs,2381.4387761605276,3.0,-83.25077783379675,13.0,54.01253278900149,2298.187998326731,163.85477589536194,2261.7570440646227,0.18255698021201558,0.22942380221131772,0.22942380221131772,5.0,68.0,75.0,85.0,2432.3875256727556,2445.052278524709,2482.3480479305745,0.18255698021201558,0.19795017829661762,0.14264461972550563,0.07143309742616022,0.3933250946117139
IFSC:1649,ROY Babette,Boulder_Women,CAN,3.0,118.0,0.0,2026-08-08T00:00:00Z,-0.052360778875031704,0.7893047959112836,-1.827564084754898,0.7893047959112836,-0.09337618286197209,0.7893047959112836,event_clean_2025_refit,conditional on entering a 2026-like WCS field; attendance and exact future field are not forecast,central estimate plus observed-field and latent-state sensitivities; not a confidence interval,exploratory_current_reference_available,2257.9271860152667,129.50830879661564,wc_latent_readiness_sd,wc_target_score_standard_link,two_or_more_prior_senior_open_wc_plus,-0.052360778875031704,0.7893047959112836,2329.8356924974332,13.907458676446504,-85.81596515861288,False,19.0,522.0,159.0,88.70312569489789,16.0,18.0,0.0,2343.7431511738796,159.32908090020032,0.0,85.81596515861288,nacs,2378.931469244978,6.0,-83.25077783379675,13.0,54.01253278900149,2295.680691411181,158.16538229851744,2257.9271860152667,0.17808908532818726,0.2259438533949351,0.2259438533949351,5.0,68.0,75.0,85.0,2432.3875256727556,2445.052278524709,2482.3480479305745,0.17808908532818726,0.19319458773834045,0.13898745408231458,0.0723215248864463,0.37586590054366065
IFSC:13661,BRIGGS Evangelina,Boulder_Women,CAN,4.0,95.3,0.0,2026-08-08T00:00:00Z,-0.052360778875031704,0.7893047959112836,-1.827564084754898,0.7893047959112836,-0.09337618286197209,0.7893047959112836,event_clean_2025_refit,conditional on entering a 2026-like WCS field; attendance and exact future field are not forecast,central estimate plus observed-field and latent-state sensitivities; not a confidence interval,exploratory_current_reference_available,2088.811910315923,149.28228002426374,wc_latent_readiness_sd,wc_target_score_standard_link,two_or_more_prior_senior_open_wc_plus,-0.052360778875031704,0.7893047959112836,2199.440992688216,-24.70880760281611,-85.92027476947659,False,21.0,426.0,142.0,86.87223244658452,8.0,8.0,2.0,2174.7321850853996,159.91795744573633,0.0,85.92027476947659,nacs,2188.6529004386393,4.0,-83.25077783379675,13.0,54.01253278900149,2105.4021226048426,165.19455215873936,2088.811910315923,0.053952788858333545,0.06104044383888805,0.06104044383888805,5.0,68.0,75.0,85.0,2432.3875256727556,2445.052278524709,2482.3480479305745,0.053952788858333545,0.05928858685875376,0.040755297055069674,0.017251141529966284,0.1563169921499307
IFSC:13948,CHOW Sienna,Boulder_Women,CAN,5.0,92.4,0.0,2026-08-08T00:00:00Z,-0.052360778875031704,0.7893047959112836,-1.827564084754898,0.7893047959112836,-0.09337618286197209,0.7893047959112836,event_clean_2025_refit,conditional on entering a 2026-like WCS field; attendance and exact future field are not forecast,central estimate plus observed-field and latent-state sensitivities; not a confidence interval,exploratory_current_reference_available,2370.2342123624703,170.90911159323025,wc_latent_readiness_sd,wc_target_score_zero_prior_intercept_adjusted_link,zero_prior_senior_open_wc_plus,-1.827564084754898,0.7893047959112836,2345.612055544138,24.622156818332293,0.0,False,15.0,395.0,108.0,69.38051993998737,0.0,0.0,5.0,2363.371509473271,151.1840034895584,-6.862702889199394,-6.862702889199394,nacs,2367.964919033999,2.0,-83.25077783379675,13.0,54.01253278900149,2284.7141412002024,169.07548458405108,2370.2342123624703,0.3445905253636443,0.21116499477731399,0.043391913225792535,5.0,68.0,75.0,85.0,2432.3875256727556,2445.052278524709,2482.3480479305745,0.08180235236393445,0.08963145710978913,0.06224071248469567,0.022596589560565483,0.2555718312787012
IFSC:13965,GAO Reena,Boulder_Women,CAN,6.0,90.8,0.0,2026-08-08T00:00:00Z,-0.052360778875031704,0.7893047959112836,-1.827564084754898,0.7893047959112836,-0.09337618286197209,0.7893047959112836,event_clean_2025_refit,conditional on entering a 2026-like WCS field; attendance and exact future field are not forecast,central estimate plus observed-field and latent-state sensitivities; not a confidence interval,exploratory_current_reference_available,2195.4888240366004,151.17126529868807,wc_latent_readiness_sd,wc_target_score_one_prior_intercept_adjusted_link,one_prior_senior_open_wc_plus,-0.09337618286197209,0.7893047959112836,2217.803735952298,10.651123802060026,-32.96603571775746,False,11.0,316.0,111.0,53.51707284576601,1.0,1.0,0.0,2228.454859754358,161.22183568504158,0.0,32.96603571775746,nacs,2280.7933559949593,4.0,-83.25077783379675,13.0,54.01253278900149,2197.5425781611625,158.25073675959024,2195.4888240366004,0.11689406229573134,0.1185778773292286,0.11435767680482095,5.0,68.0,75.0,85.0,2432.3875256727556,2445.052278524709,2482.3480479305745,0.11272612478768562,0.12311802076143123,0.086465962634409,0.03709778697320376,0.29525628896734757
IFSC:13936,HO Jacqueline,Boulder_Women,CAN,7.0,85.4,0.0,2026-08-08T00:00:00Z,-0.052360778875031704,0.7893047959112836,-1.827564084754898,0.7893047959112836,-0.09337618286197209,0.7893047959112836,event_clean_2025_refit,conditional on entering a 2026-like WCS field; attendance and exact future field are not forecast,central estimate plus observed-field and latent-state sensitivities; not a confidence interval,exploratory_current_reference_available,1983.431665016964,169.41215022702704,wc_latent_readiness_sd,wc_target_score_standard_link,two_or_more_prior_senior_open_wc_plus,-0.052360778875031704,0.7893047959112836,2044.8550490180023,1.0760051835331628,-62.499389184571655,False,18.0,461.0,147.0,82.97969044793633,5.0,5.0,3.0,2046.175944000937,176.75942749745008,0.24488979940157854,62.74427898397323,nacs,2050.836032429509,5.0,-83.25077783379675,13.0,54.01253278900149,1967.5852545957123,173.09903254427022,1983.431665016964,0.024222457825038953,0.02143565476432567,0.02143565476432567,5.0,68.0,75.0,85.0,2432.3875256727556,2445.052278524709,2482.3480479305745,0.024222457825038953,0.02670098429165695,0.018157776212317508,0.006476145000265873,0.08637071718535057
IFSC:13943,King Sofie,Boulder_Women,CAN,8.0,80.8,0.0,2026-08-08T00:00:00Z,-0.052360778875031704,0.7893047959112836,-1.827564084754898,0.7893047959112836,-0.09337618286197209,0.7893047959112836,event_clean_2025_refit,conditional on entering a 2026-like WCS field; attendance and exact future field are not forecast,central estimate plus observed-field and latent-state sensitivities; not a confidence interval,exploratory_current_reference_available,2180.912717446617,182.15412953194317,wc_latent_readiness_sd,wc_target_score_zero_prior_intercept_adjusted_link,zero_prior_senior_open_wc_plus,-1.827564084754898,0.7893047959112836,2165.9662944432926,14.94642300332434,0.0,False,13.0,285.0,68.0,56.92564521039379,0.0,0.0,0.0,2180.912717446617,182.15412953194317,0.0,0.0,nacs,2189.7547777491327,1.0,-83.25077783379675,13.0,54.01253278900149,2106.503999915336,179.39100009682988,2180.912717446617,0.10553085794961795,0.061540825039342884,0.010989747729201395,5.0,68.0,75.0,85.0,2432.3875256727556,2445.052278524709,2482.3480479305745,0.01960001493406055,0.021616034751632502,0.014675268452070603,0.0047248585990200456,0.0776524482793594
IFSC:13963,CALLANAN Emilia,Boulder_Women,CAN,9.0,67.6,0.0,2026-08-08T00:00:00Z,-0.052360778875031704,0.7893047959112836,-1.827564084754898,0.7893047959112836,-0.09337618286197209,0.7893047959112836,event_clean_2025_refit,conditional on entering a 2026-like WCS field; attendance and exact future field are not forecast,central estimate plus observed-field and latent-state sensitivities; not a confidence interval,exploratory_current_reference_available,2081.122726521854,163.56406780160827,wc_latent_readiness_sd,wc_target_score_zero_prior_intercept_adjusted_link,zero_prior_senior_open_wc_plus,-1.827564084754898,0.7893047959112836,2085.774872558652,-4.652146036798267,0.0,False,11.0,275.0,79.0,51.15245604944564,0.0,0.0,2.0,2081.122726521854,163.56406780160827,0.0,0.0,nacs,2083.192898816423,5.0,-83.25077783379675,13.0,54.01253278900149,1999.9421209826264,159.08473904988608,2081.122726521854,0.0509375520975407,0.027501269591118743,0.0047689920565696705,5.0,68.0,75.0,85.0,2432.3875256727556,2445.052278524709,2482.3480479305745,0.009012606512022563,0.009950678805235695,0.006729816826182705,0.002494681228353941,0.032013561703285585
IFSC:17022,TAYLOR-AINSLIE Caiya,Boulder_Women,CAN,10.0,62.5,0.0,2026-08-08T00:00:00Z,-0.052360778875031704,0.7893047959112836,-1.827564084754898,0.7893047959112836,-0.09337618286197209,0.7893047959112836,event_clean_2025_refit,conditional on entering a 2026-like WCS field; attendance and exact future field are not forecast,central estimate plus observed-field and latent-state sensitivities; not a confidence interval,unavailable_no_event_clean_current_state,,,,,,,,,,,,,,,,,,,,,,,,,,,,,,,,,,,,,,,,,,,,,,
IFSC:14845,PIDGEON Cedar,Boulder_Women,CAN,11.0,56.3,0.0,2026-08-08T00:00:00Z,-0.052360778875031704,0.7893047959112836,-1.827564084754898,0.7893047959112836,-0.09337618286197209,0.7893047959112836,event_clean_2025_refit,conditional on entering a 2026-like WCS field; attendance and exact future field are not forecast,central estimate plus observed-field and latent-state sensitivities; not a confidence interval,exploratory_current_reference_available,2020.4127999946627,175.7306731265883,wc_latent_readiness_sd,wc_target_score_zero_prior_intercept_adjusted_link,zero_prior_senior_open_wc_plus,-1.827564084754898,0.7893047959112836,2026.6208431482041,-6.208043153541474,0.0,False,10.0,218.0,89.0,45.33825277085915,0.0,0.0,1.0,2004.1937044062001,173.53860444741485,-16.21909558846265,-16.21909558846265,nacs,2034.1137538682444,3.0,-83.25077783379675,13.0,54.01253278900149,1950.8629760344477,172.33549611254543,2020.4127999946627,0.032168803267159846,0.018835058317922985,0.003242302606899474,5.0,68.0,75.0,85.0,2432.3875256727556,2445.052278524709,2482.3480479305745,0.005600607506403171,0.006185760486905525,0.004178394075730424,0.0014049964970103276,0.02204854920936106
IFSC:16025,VILLENEUVE Elise,Boulder_Women,CAN,12.0,50.4,0.0,2026-08-08T00:00:00Z,-0.052360778875031704,0.7893047959112836,-1.827564084754898,0.7893047959112836,-0.09337618286197209,0.7893047959112836,event_clean_2025_refit,conditional on entering a 2026-like WCS field; attendance and exact future field are not forecast,central estimate plus observed-field and latent-state sensitivities; not a confidence interval,exploratory_current_reference_available,2048.6979462021905,167.07251381895463,wc_latent_readiness_sd,wc_target_score_zero_prior_intercept_adjusted_link,zero_prior_senior_open_wc_plus,-1.827564084754898,0.7893047959112836,2051.357120112042,-2.659173909851635,0.0,False,22.0,429.0,83.0,91.62827856098194,0.0,0.0,0.0,2048.6979462021905,167.07251381895463,0.0,0.0,nacs,1994.3423636502878,4.0,-83.25077783379675,13.0,54.01253278900149,1911.091585816491,163.14394907648585,2048.6979462021905,0.039894506579503206,0.013830688406686822,0.0023708302098528022,5.0,68.0,75.0,85.0,2432.3875256727556,2445.052278524709,2482.3480479305745,0.006991751742824776,0.007721123284071781,0.005218126115436942,0.001879779584335477,0.025648264008461062
IFSC:17448,Thayer-Head Sabrina,Boulder_Women,CAN,13.0,39.3,0.0,2026-08-08T00:00:00Z,-0.052360778875031704,0.7893047959112836,-1.827564084754898,0.7893047959112836,-0.09337618286197209,0.7893047959112836,event_clean_2025_refit,conditional on entering a 2026-like WCS field; attendance and exact future field are not forecast,central estimate plus observed-field and latent-state sensitivities; not a confidence interval,exploratory_current_reference_available,1855.792431102257,164.1248617690174,wc_latent_readiness_sd,wc_target_score_zero_prior_intercept_adjusted_link,zero_prior_senior_open_wc_plus,-1.827564084754898,0.7893047959112836,1912.3831999052309,-56.590768802973805,0.0,False,15.0,297.0,86.0,63.96619915529962,0.0,0.0,0.0,1855.792431102257,164.1248617690174,0.0,0.0,nacs,1828.6342417240323,8.0,-83.25077783379675,13.0,54.01253278900149,1745.3834638902356,155.45668261303717,1855.792431102257,0.008982828822431985,0.0037776050812565226,0.0006421260548262554,5.0,68.0,75.0,85.0,2432.3875256727556,2445.052278524709,2482.3480479305745,0.001533572848493484,0.0016945250539483145,0.0011429516194916573,0.0004203234021674056,0.00557886792750648
IFSC:16020,MACDONALD Avery,Boulder_Women,CAN,14.0,37.6,0.0,2026-08-08T00:00:00Z,-0.052360778875031704,0.7893047959112836,-1.827564084754898,0.7893047959112836,-0.09337618286197209,0.7893047959112836,event_clean_2025_refit,conditional on entering a 2026-like WCS field; attendance and exact future field are not forecast,central estimate plus observed-field and latent-state sensitivities; not a confidence interval,exploratory_current_reference_available,2508.4417269255528,190.2590191600004,wc_latent_readiness_sd,wc_target_score_zero_prior_intercept_adjusted_link,zero_prior_senior_open_wc_plus,-1.827564084754898,0.7893047959112836,2509.3681960773933,-0.9264691518404063,0.0,False,12.0,175.0,68.0,41.14628673316565,0.0,0.0,3.0,2498.4856284073085,169.8527776247499,-9.9560985182445,-9.9560985182445,canada_senior_national,2487.3096333951553,1.0,-75.14665828963132,6.0,53.28326591165551,2412.162975105524,192.40619355754177,2508.4417269255528,0.6101577065372366,0.4226369761157324,0.11035098764910961,5.0,68.0,75.0,85.0,2432.3875256727556,2445.052278524709,2482.3480479305745,0.209618234906647,0.2266605385758277,0.16498358144834374,0.0557795847797906,0.5435135039597897
IFSC:17177,KAM Grace,Boulder_Women,CAN,15.0,35.5,0.0,2026-08-08T00:00:00Z,-0.052360778875031704,0.7893047959112836,-1.827564084754898,0.7893047959112836,-0.09337618286197209,0.7893047959112836,event_clean_2025_refit,conditional on entering a 2026-like WCS field; attendance and exact future field are not forecast,central estimate plus observed-field and latent-state sensitivities; not a confidence interval,exploratory_current_reference_available,1947.8530401704327,169.6839658883092,wc_latent_readiness_sd,wc_target_score_zero_prior_intercept_adjusted_link,zero_prior_senior_open_wc_plus,-1.827564084754898,0.7893047959112836,1952.348322043355,-4.4952818729223445,0.0,False,14.0,310.0,74.0,57.43212953336241,0.0,0.0,0.0,1947.8530401704327,169.6839658883092,0.0,0.0,nacs,1895.298095046573,4.0,-83.25077783379675,13.0,54.01253278900149,1812.0473172127763,160.2781348242349,1947.8530401704327,0.018400993700689733,0.0063767515879498814,0.0010862873685465392,5.0,68.0,75.0,85.0,2432.3875256727556,2445.052278524709,2482.3480479305745,0.003166422224562618,0.00349814554555127,0.0023608761417955038,0.0008316181613978947,0.011977709976992584
IFSC:17470,SMALE Sofia,Boulder_Women,CAN,16.0,33.9,0.0,2026-08-08T00:00:00Z,-0.052360778875031704,0.7893047959112836,-1.827564084754898,0.7893047959112836,-0.09337618286197209,0.7893047959112836,event_clean_2025_refit,conditional on entering a 2026-like WCS field; attendance and exact future field are not forecast,central estimate plus observed-field and latent-state sensitivities; not a confidence interval,exploratory_current_reference_available,1969.3124379942349,167.6129049345286,wc_latent_readiness_sd,wc_target_score_zero_prior_intercept_adjusted_link,zero_prior_senior_open_wc_plus,-1.827564084754898,0.7893047959112836,1984.8077010637437,-15.495263069508852,0.0,False,17.0,333.0,98.0,71.52727065060137,0.0,0.0,1.0,1936.2419764130643,155.49160178208024,-33.07046158117049,-33.07046158117049,nacs,1974.5522665858527,3.0,-83.25077783379675,13.0,54.01253278900149,1891.301488752056,164.083060386825,1969.3124379942349,0.021723490857189,0.01185426679858347,0.0020286669969728157,5.0,68.0,75.0,85.0,2432.3875256727556,2445.052278524709,2482.3480479305745,0.003748658768455831,0.004141125434061672,0.0027954055661762456,0.0010011761331030753,0.013930793868441862
CEC:595,Klinker Allora,Boulder_Women,CAN,17.0,33.7,0.05,2026-08-08T00:00:00Z,-0.052360778875031704,0.7893047959112836,-1.827564084754898,0.7893047959112836,-0.09337618286197209,0.7893047959112836,event_clean_2025_refit,conditional on entering a 2026-like WCS field; attendance and exact future field are not forecast,central estimate plus observed-field and latent-state sensitivities; not a confidence interval,exploratory_current_reference_available,2261.2960601629334,217.44358055326566,wc_latent_readiness_sd,wc_target_score_zero_prior_intercept_adjusted_link,zero_prior_senior_open_wc_plus,-1.827564084754898,0.7893047959112836,2270.075576229978,-8.779516067044915,0.0,True,7.0,185.0,51.0,30.826199945254718,0.0,0.0,0.0,2261.2960601629334,217.44358055326566,0.0,0.0,nacs,2242.394784322022,2.0,-83.25077783379675,13.0,54.01253278900149,2159.1440064882254,208.85249481955637,2261.2960601629334,0.1820146240008134,0.0903763370476708,0.016556982396596046,5.0,68.0,75.0,85.0,2432.3875256727556,2445.052278524709,2482.3480479305745,0.0363350535972543,0.04000217360907268,0.027322606673197254,0.006731163559626249,0.17340741304533974
IFSC:16012,White Brooke,Boulder_Women,CAN,18.0,28.3,0.0,2026-08-08T00:00:00Z,-0.052360778875031704,0.7893047959112836,-1.827564084754898,0.7893047959112836,-0.09337618286197209,0.7893047959112836,event_clean_2025_refit,conditional on entering a 2026-like WCS field; attendance and exact future field are not forecast,central estimate plus observed-field and latent-state sensitivities; not a confidence interval,exploratory_current_reference_available,1921.2563996804547,171.93410334281276,wc_latent_readiness_sd,wc_target_score_zero_prior_intercept_adjusted_link,zero_prior_senior_open_wc_plus,-1.827564084754898,0.7893047959112836,1942.3125557098786,-21.05615602942388,0.0,False,25.0,435.0,92.0,97.60404862313212,0.0,0.0,2.0,1880.1761905198066,167.77480636178123,-41.08020916064807,-41.08020916064807,nacs,1909.0103935640832,5.0,-83.25077783379675,13.0,54.01253278900149,1825.7596157302864,168.20880878463754,1921.2563996804547,0.01496877802329907,0.007100477293996232,0.001210306298406898,5.0,68.0,75.0,85.0,2432.3875256727556,2445.052278524709,2482.3480479305745,0.0025683753063538792,0.0028376238964205065,0.0019146816873241556,0.0006623894978428017,0.009904365163246788
CEC:666,LOUIE Paige,Boulder_Women,CAN,19.0,27.5,0.0,2026-08-08T00:00:00Z,-0.052360778875031704,0.7893047959112836,-1.827564084754898,0.7893047959112836,-0.09337618286197209,0.7893047959112836,event_clean_2025_refit,conditional on entering a 2026-like WCS field; attendance and exact future field are not forecast,central estimate plus observed-field and latent-state sensitivities; not a confidence interval,exploratory_current_reference_available,1906.8155814946433,187.2232706288812,wc_latent_readiness_sd,wc_target_score_zero_prior_intercept_adjusted_link,zero_prior_senior_open_wc_plus,-1.827564084754898,0.7893047959112836,1943.1465796514772,-36.33099815683388,0.0,False,17.0,262.0,65.0,67.42591240110576,0.0,0.0,0.0,1906.8155814946433,187.2232706288812,0.0,0.0,nacs,1865.4550294553414,2.0,-83.25077783379675,13.0,54.01253278900149,1782.2042516215447,182.03682341121234,1906.8155814946433,0.013377822853964027,0.005045239997167985,0.0008585082844860583,5.0,68.0,75.0,85.0,2432.3875256727556,2445.052278524709,2482.3480479305745,0.0022923286329190155,0.002532712107974091,0.0017087730527227272,0.0005239163857362962,0.009970244478894524
IFSC:13934,Dreher Molly,Boulder_Women,CAN,20.0,25.3,0.0,2026-08-08T00:00:00Z,-0.052360778875031704,0.7893047959112836,-1.827564084754898,0.7893047959112836,-0.09337618286197209,0.7893047959112836,event_clean_2025_refit,conditional on entering a 2026-like WCS field; attendance and exact future field are not forecast,central estimate plus observed-field and latent-state sensitivities; not a confidence interval,exploratory_current_reference_available,1899.9655302997173,170.75602336521774,wc_latent_readiness_sd,wc_target_score_zero_prior_intercept_adjusted_link,zero_prior_senior_open_wc_plus,-1.827564084754898,0.7893047959112836,1975.2551863444285,-75.28965604471105,0.0,False,12.0,249.0,72.0,53.184074251220856,0.0,0.0,1.0,1899.9655302997173,170.75602336521774,0.0,0.0,nacs,1855.686902453898,5.0,-83.25077783379675,13.0,54.01253278900149,1772.4361246201013,165.96896622518648,1899.9655302997173,0.012682649692473909,0.004672617331604585,0.0007948550263836188,5.0,68.0,75.0,85.0,2432.3875256727556,2445.052278524709,2482.3480479305745,0.0021719405833021577,0.0023997300126143307,0.001618982325520228,0.0005652113741353372,0.008308158359146976
IFSC:16011,Slipicevic Lana,Boulder_Women,CAN,21.0,21.4,0.0,2026-08-08T00:00:00Z,-0.052360778875031704,0.7893047959112836,-1.827564084754898,0.7893047959112836,-0.09337618286197209,0.7893047959112836,event_clean_2025_refit,conditional on entering a 2026-like WCS field; attendance and exact future field are not forecast,central estimate plus observed-field and latent-state sensitivities; not a confidence interval,exploratory_current_reference_available,1918.7152982095517,182.3321347869144,wc_latent_readiness_sd,wc_target_score_zero_prior_intercept_adjusted_link,zero_prior_senior_open_wc_plus,-1.827564084754898,0.7893047959112836,1915.2777706470408,3.437527562510921,0.0,False,12.0,250.0,65.0,46.804730847931346,0.0,0.0,1.0,1898.4446464635666,180.32312168940393,-20.270651745985205,-20.270651745985205,nacs,1911.0398444718276,1.0,-83.25077783379675,13.0,54.01253278900149,1827.7890666380308,180.5227338648847,1918.7152982095517,0.014675901775802056,0.007214305364281633,0.0012298257304960865,5.0,68.0,75.0,85.0,2432.3875256727556,2445.052278524709,2482.3480479305745,0.002517502878051741,0.0027814332682240066,0.0018767327637227577,0.0005981184810317967,0.010531357608379787
IFSC:14843,Bourbonnais Amari,Boulder_Women,CAN,22.0,19.0,0.05,2026-08-08T00:00:00Z,-0.052360778875031704,0.7893047959112836,-1.827564084754898,0.7893047959112836,-0.09337618286197209,0.7893047959112836,event_clean_2025_refit,conditional on entering a 2026-like WCS field; attendance and exact future field are not forecast,central estimate plus observed-field and latent-state sensitivities; not a confidence interval,exploratory_current_reference_available,2227.8536681832493,209.98371132244972,wc_latent_readiness_sd,wc_target_score_zero_prior_intercept_adjusted_link,zero_prior_senior_open_wc_plus,-1.827564084754898,0.7893047959112836,2245.576674074059,-17.72300589080983,0.0,True,9.0,117.0,47.0,29.474184565444773,0.0,0.0,2.0,2252.8174913677053,204.36851895400935,24.96382318445601,24.96382318445601,canada_senior_national,2220.479992294616,1.0,-75.14665828963132,6.0,53.28326591165551,2145.3333340049844,207.60922443409896,2227.8536681832493,0.1459507249366841,0.08180609948778923,0.014872457749141279,5.0,68.0,75.0,85.0,2432.3875256727556,2445.052278524709,2482.3480479305745,0.028142641312037014,0.031009547102775363,0.021117688212271005,0.005489930447790125,0.13187151749872186
IFSC:13982,Hendry Cedar,Boulder_Women,CAN,23.0,15.3,0.0,2026-08-08T00:00:00Z,-0.052360778875031704,0.7893047959112836,-1.827564084754898,0.7893047959112836,-0.09337618286197209,0.7893047959112836,event_clean_2025_refit,conditional on entering a 2026-like WCS field; attendance and exact future field are not forecast,central estimate plus observed-field and latent-state sensitivities; not a confidence interval,exploratory_current_reference_available,2031.5295417101106,190.36205698971037,wc_latent_readiness_sd,wc_target_score_zero_prior_intercept_adjusted_link,zero_prior_senior_open_wc_plus,-1.827564084754898,0.7893047959112836,2047.298006704141,-15.768464994030387,0.0,False,10.0,224.0,75.0,46.136339179765336,0.0,0.0,1.0,2024.7700147646485,188.1479841103467,-6.759526945462174,-6.759526945462174,nacs,2029.1238735702893,3.0,-83.25077783379675,13.0,54.01253278900149,1945.8730957364926,193.0049455520612,2031.5295417101106,0.035015690765317985,0.01812083252401873,0.0031174757475625156,5.0,68.0,75.0,85.0,2432.3875256727556,2445.052278524709,2482.3480479305745,0.0061110985511493585,0.006749225767691046,0.004559845904398486,0.0013666083480074929,0.026883736993877288
IFSC:18547,STEWART Kira,Boulder_Women,CAN,24.0,15.1,0.0,2026-08-08T00:00:00Z,-0.052360778875031704,0.7893047959112836,-1.827564084754898,0.7893047959112836,-0.09337618286197209,0.7893047959112836,event_clean_2025_refit,conditional on entering a 2026-like WCS field; attendance and exact future field are not forecast,central estimate plus observed-field and latent-state sensitivities; not a confidence interval,exploratory_current_reference_available,1769.3340974211335,177.20862590220807,wc_latent_readiness_sd,wc_target_score_zero_prior_intercept_adjusted_link,zero_prior_senior_open_wc_plus,-1.827564084754898,0.7893047959112836,1777.677735305777,-8.343637884643611,0.0,False,17.0,250.0,70.0,61.00302437942035,0.0,0.0,0.0,1769.3340974211335,177.20862590220807,0.0,0.0,nacs,1730.5633662054208,6.0,-83.25077783379675,13.0,54.01253278900149,1647.312588371624,172.54523846672012,1769.3340974211335,0.004560115468748325,0.0017455153234062419,0.0002962052395259497,5.0,68.0,75.0,85.0,2432.3875256727556,2445.052278524709,2482.3480479305745,0.0007756446711204774,0.0008571187538704036,0.0005779659941210507,0.0001916292723408354,0.003133944708002655
IFSC:11792,Park Sydney,Boulder_Women,CAN,25.0,10.2,0.0,2026-08-08T00:00:00Z,-0.052360778875031704,0.7893047959112836,-1.827564084754898,0.7893047959112836,-0.09337618286197209,0.7893047959112836,event_clean_2025_refit,conditional on entering a 2026-like WCS field; attendance and exact future field are not forecast,central estimate plus observed-field and latent-state sensitivities; not a confidence interval,exploratory_current_reference_available,1987.6929498079674,202.2518323952887,wc_latent_readiness_sd,wc_target_score_zero_prior_intercept_adjusted_link,zero_prior_senior_open_wc_plus,-1.827564084754898,0.7893047959112836,1990.906567428168,-3.213617620200597,0.0,False,5.0,80.0,41.0,22.673276248788806,0.0,0.0,0.0,1987.6929498079674,202.2518323952887,0.0,0.0,nacs,1986.800373599996,2.0,-83.25077783379675,13.0,54.01253278900149,1903.5495957661992,196.28357056431736,1987.6929498079674,0.025030285543661945,0.013041808756899751,0.0022341211487671227,5.0,68.0,75.0,85.0,2432.3875256727556,2445.052278524709,2482.3480479305745,0.004331401962418776,0.004784586048618667,0.003230442452106979,0.0008807051126662253,0.02101788178693456
CEC:742,BADA Sophia,Boulder_Women,CAN,26.0,9.6,0.05,2026-08-08T00:00:00Z,-0.052360778875031704,0.7893047959112836,-1.827564084754898,0.7893047959112836,-0.09337618286197209,0.7893047959112836,event_clean_2025_refit,conditional on entering a 2026-like WCS field; attendance and exact future field are not forecast,central estimate plus observed-field and latent-state sensitivities; not a confidence interval,exploratory_current_reference_available,1968.7899201521113,227.46068961060828,wc_latent_readiness_sd,wc_target_score_zero_prior_intercept_adjusted_link,zero_prior_senior_open_wc_plus,-1.827564084754898,0.7893047959112836,1963.9215930013231,4.868327150788125,0.0,True,5.0,120.0,44.0,20.398771673570035,0.0,0.0,0.0,1968.7899201521113,227.46068961060828,0.0,0.0,nacs,1968.7899201521113,1.0,-83.25077783379675,13.0,54.01253278900149,1885.5391423183146,234.2650866846387,1968.7899201521113,0.021636016517088526,0.011333156312873257,0.0019386399196859145,5.0,68.0,75.0,85.0,2432.3875256727556,2445.052278524709,2482.3480479305745,0.0037332877681266084,0.004124151825273762,0.0027839323627006545,0.0006219157269542301,0.022066790502498795
IFSC:1630,BOKLASCHUK Paige,Boulder_Women,CAN,27.0,8.8,0.0,2026-08-08T00:00:00Z,-0.052360778875031704,0.7893047959112836,-1.827564084754898,0.7893047959112836,-0.09337618286197209,0.7893047959112836,event_clean_2025_refit,conditional on entering a 2026-like WCS field; attendance and exact future field are not forecast,central estimate plus observed-field and latent-state sensitivities; not a confidence interval,exploratory_current_reference_available,2179.4614203515107,230.66108954884754,wc_latent_readiness_sd,wc_target_score_standard_link,two_or_more_prior_senior_open_wc_plus,-0.052360778875031704,0.7893047959112836,2179.397725707537,0.06369464397357937,0.0,False,4.0,76.0,36.0,19.718173040465334,2.0,5.0,0.0,2179.4614203515107,230.66108954884754,0.0,0.0,nacs,2185.9560280525584,2.0,-83.25077783379675,13.0,54.01253278900149,2102.7052502187616,233.12430640445496,2179.4614203515107,0.10445443451810392,0.05983175563311666,0.05983175563311666,5.0,68.0,75.0,85.0,2432.3875256727556,2445.052278524709,2482.3480479305745,0.10445443451810392,0.11418191777203235,0.0799475814892471,0.018536533869691365,0.4187119709214491
CEC:748,PILOTE-JETTÉ Imalie,Boulder_Women,CAN,28.0,8.3,0.0,2026-08-08T00:00:00Z,-0.052360778875031704,0.7893047959112836,-1.827564084754898,0.7893047959112836,-0.09337618286197209,0.7893047959112836,event_clean_2025_refit,conditional on entering a 2026-like WCS field; attendance and exact future field are not forecast,central estimate plus observed-field and latent-state sensitivities; not a confidence interval,exploratory_current_reference_available,1644.813001969638,175.65294085599606,wc_latent_readiness_sd,wc_target_score_zero_prior_intercept_adjusted_link,zero_prior_senior_open_wc_plus,-1.827564084754898,0.7893047959112836,1659.5818210772595,-14.768819107621447,0.0,False,15.0,240.0,66.0,60.68895600789837,0.0,0.0,0.0,1644.813001969638,175.65294085599606,0.0,0.0,nacs,1640.1656444109456,3.0,-83.25077783379675,13.0,54.01253278900149,1556.9148665771488,173.78380347173479,1644.813001969638,0.001711473288779477,0.0008559246111536064,0.00014513874357166963,5.0,68.0,75.0,85.0,2432.3875256727556,2445.052278524709,2482.3480479305745,0.0002904202529729919,0.0003209425041302577,0.0002163777638466418,7.261051783549787e-05,0.0011608352422218292
IFSC:14848,BEAUMONT Gabriella,Boulder_Women,CAN,29.0,5.1,0.0,2026-08-08T00:00:00Z,-0.052360778875031704,0.7893047959112836,-1.827564084754898,0.7893047959112836,-0.09337618286197209,0.7893047959112836,event_clean_2025_refit,conditional on entering a 2026-like WCS field; attendance and exact future field are not forecast,central estimate plus observed-field and latent-state sensitivities; not a confidence interval,exploratory_current_reference_available,1805.11575288964,186.69261494708073,wc_latent_readiness_sd,wc_target_score_zero_prior_intercept_adjusted_link,zero_prior_senior_open_wc_plus,-1.827564084754898,0.7893047959112836,1798.9482127449226,6.167540144717352,0.0,False,12.0,162.0,56.0,45.9611808809339,0.0,0.0,0.0,1805.11575288964,186.69261494708073,0.0,0.0,nacs,1792.8882576196227,2.0,-83.25077783379675,13.0,54.01253278900149,1709.637479785826,189.84605797171488,1805.11575288964,0.0060392945431938655,0.0028515838207141815,0.00048434513162163667,5.0,68.0,75.0,85.0,2432.3875256727556,2445.052278524709,2482.3480479305745,0.0010285113504441628,0.0011365164579567985,0.0007664371952726049,0.00023582433155871954,0.004473770040636286
IFSC:17176,Doherty Riley,Boulder_Women,CAN,29.0,5.1,0.0,2026-08-08T00:00:00Z,-0.052360778875031704,0.7893047959112836,-1.827564084754898,0.7893047959112836,-0.09337618286197209,0.7893047959112836,event_clean_2025_refit,conditional on entering a 2026-like WCS field; attendance and exact future field are not forecast,central estimate plus observed-field and latent-state sensitivities; not a confidence interval,exploratory_current_reference_available,1703.0530986321216,185.76986645036195,wc_latent_readiness_sd,wc_target_score_zero_prior_intercept_adjusted_link,zero_prior_senior_open_wc_plus,-1.827564084754898,0.7893047959112836,1709.482543978767,-6.429445346645356,0.0,False,13.0,251.0,62.0,55.54644603908306,0.0,0.0,0.0,1703.0530986321216,185.76986645036195,0.0,0.0,nacs,1672.0630538884448,3.0,-83.25077783379675,13.0,54.01253278900149,1588.812276054648,189.399484627098,1703.0530986321216,0.0027075607971345623,0.0011007037919637595,0.00018668381706183915,5.0,68.0,75.0,85.0,2432.3875256727556,2445.052278524709,2482.3480479305745,0.0004598275038095964,0.0005081448721522493,0.00034260952783176133,0.00010615653321623174,0.0019894438385366594
CEC:128,ROY Marie-Andrée,Boulder_Women,CAN,29.0,5.1,0.0,2026-08-08T00:00:00Z,-0.052360778875031704,0.7893047959112836,-1.827564084754898,0.7893047959112836,-0.09337618286197209,0.7893047959112836,event_clean_2025_refit,conditional on entering a 2026-like WCS field; attendance and exact future field are not forecast,central estimate plus observed-field and latent-state sensitivities; not a confidence interval,exploratory_current_reference_available,1913.2098345698025,202.46969208372764,wc_latent_readiness_sd,wc_target_score_zero_prior_intercept_adjusted_link,zero_prior_senior_open_wc_plus,-1.827564084754898,0.7893047959112836,1912.1492970621216,1.0605375076808756,0.0,False,8.0,153.0,51.0,36.118680477220906,0.0,0.0,0.0,1913.2098345698025,202.46969208372764,0.0,0.0,nacs,1897.256491053346,2.0,-83.25077783379675,13.0,54.01253278900149,1814.0057132195493,204.45023673497977,1913.2098345698025,0.014060594965543773,0.00647544411850114,0.0011031906699577162,5.0,68.0,75.0,85.0,2432.3875256727556,2445.052278524709,2482.3480479305745,0.0024107060247918997,0.00266346992500207,0.001797069521555518,0.0004885768953296438,0.011805441721373251
CEC:146,TAI Tienna,Boulder_Women,CAN,29.0,5.1,0.0,2026-08-08T00:00:00Z,-0.052360778875031704,0.7893047959112836,-1.827564084754898,0.7893047959112836,-0.09337618286197209,0.7893047959112836,event_clean_2025_refit,conditional on entering a 2026-like WCS field; attendance and exact future field are not forecast,central estimate plus observed-field and latent-state sensitivities; not a confidence interval,exploratory_current_reference_available,1911.1760239652779,210.76449765949488,wc_latent_readiness_sd,wc_target_score_zero_prior_intercept_adjusted_link,zero_prior_senior_open_wc_plus,-1.827564084754898,0.7893047959112836,1911.8563728718204,-0.6803489065425075,0.0,False,8.0,93.0,42.0,31.952223159579006,0.0,0.0,0.0,1911.1760239652779,210.76449765949488,0.0,0.0,nacs,1911.1760239652779,1.0,-83.25077783379675,13.0,54.01253278900149,1827.9252461314811,218.0904376511887,1911.1760239652779,0.013839781663409337,0.007222007950077194,0.00123114671720436,5.0,68.0,75.0,85.0,2432.3875256727556,2445.052278524709,2482.3480479305745,0.0023724070841749105,0.002621165869802135,0.0017685021552737254,0.00045034360523996266,0.012396089242572182
CEC:638,Bowles Sophia,Boulder_Women,CAN,33.0,4.5,0.0,2026-08-08T00:00:00Z,-0.052360778875031704,0.7893047959112836,-1.827564084754898,0.7893047959112836,-0.09337618286197209,0.7893047959112836,event_clean_2025_refit,conditional on entering a 2026-like WCS field; attendance and exact future field are not forecast,central estimate plus observed-field and latent-state sensitivities; not a confidence interval,exploratory_current_reference_available,1934.3361544928252,180.92055753318272,wc_latent_readiness_sd,wc_target_score_zero_prior_intercept_adjusted_link,zero_prior_senior_open_wc_plus,-1.827564084754898,0.7893047959112836,1922.2422133185746,12.093941174250663,0.0,False,17.0,258.0,50.0,66.76358924897107,0.0,0.0,0.0,1934.3361544928252,180.92055753318272,0.0,0.0,canada_senior_national,1928.6624415143574,2.0,-75.14665828963132,6.0,53.28326591165551,1853.515783224726,182.301752470524,1934.3361544928252,0.016569755409404103,0.008824263517593325,0.0015063022845075169,5.0,68.0,75.0,85.0,2432.3875256727556,2445.052278524709,2482.3480479305745,0.0028469076381789854,0.003145263326733612,0.0021224738265295555,0.0006841249772685969,0.011766571944825574
IFSC:15164,CHI JINGTONG,Boulder_Women,CHN,33.0,4.5,0.0,2026-08-08T00:00:00Z,-0.052360778875031704,0.7893047959112836,-1.827564084754898,0.7893047959112836,-0.09337618286197209,0.7893047959112836,event_clean_2025_refit,conditional on entering a 2026-like WCS field; attendance and exact future field are not forecast,central estimate plus observed-field and latent-state sensitivities; not a confidence interval,exploratory_current_reference_available,2348.9138616359014,229.0083127609611,wc_latent_readiness_sd,wc_target_score_zero_prior_intercept_adjusted_link,zero_prior_senior_open_wc_plus,-1.827564084754898,0.7893047959112836,2330.476962564769,18.436899071132427,0.0,True,6.0,75.0,31.0,19.758864591920332,0.0,0.0,0.0,2348.9138616359014,229.0083127609611,0.0,0.0,canada_senior_national,2347.4520256267456,1.0,-75.14665828963132,6.0,53.28326591165551,2272.305367337114,224.40487299182104,2348.9138616359014,0.3076378421843762,0.19531135736107227,0.03950339843220118,5.0,68.0,75.0,85.0,2432.3875256727556,2445.052278524709,2482.3480479305745,0.07001954060226931,0.07681528336648445,0.05311257382433283,0.012200981976441124,0.3145752022567931
CEC:383,Ouellet Anne,Boulder_Women,CAN,33.0,4.5,0.0,2026-08-08T00:00:00Z,-0.052360778875031704,0.7893047959112836,-1.827564084754898,0.7893047959112836,-0.09337618286197209,0.7893047959112836,event_clean_2025_refit,conditional on entering a 2026-like WCS field; attendance and exact future field are not forecast,central estimate plus observed-field and latent-state sensitivities; not a confidence interval,exploratory_current_reference_available,1864.6097022609622,178.2594458561193,wc_latent_readiness_sd,wc_target_score_zero_prior_intercept_adjusted_link,zero_prior_senior_open_wc_plus,-1.827564084754898,0.7893047959112836,1849.3052677312699,15.304434529692365,0.0,False,14.0,218.0,63.0,54.73348247033783,0.0,0.0,0.0,1864.6097022609622,178.2594458561193,0.0,0.0,nacs,1849.2115702783194,1.0,-83.25077783379675,13.0,54.01253278900149,1765.9607924445227,178.06684117626446,1864.6097022609622,0.00962402687371406,0.0044408336083551865,0.0007552805269092317,5.0,68.0,75.0,85.0,2432.3875256727556,2445.052278524709,2482.3480479305745,0.0016439219627296068,0.001816434507297186,0.0012252278498994437,0.00040305454095717036,0.006679469581968308
IFSC:13935,VANIER Alexa,Boulder_Women,CAN,33.0,4.5,0.0,2026-08-08T00:00:00Z,-0.052360778875031704,0.7893047959112836,-1.827564084754898,0.7893047959112836,-0.09337618286197209,0.7893047959112836,event_clean_2025_refit,conditional on entering a 2026-like WCS field; attendance and exact future field are not forecast,central estimate plus observed-field and latent-state sensitivities; not a confidence interval,exploratory_current_reference_available,2208.4772182960633,198.48516946785475,wc_latent_readiness_sd,wc_target_score_zero_prior_intercept_adjusted_link,zero_prior_senior_open_wc_plus,-1.827564084754898,0.7893047959112836,2207.421662122341,1.0555561737224928,0.0,False,7.0,128.0,50.0,30.922542207698008,0.0,0.0,1.0,2208.4772182960633,198.48516946785475,0.0,0.0,canada_senior_national,2195.999457468793,4.0,-75.14665828963132,6.0,53.28326591165551,2120.8527991791616,197.43737451541435,2208.4772182960633,0.1278995886863114,0.06841579796196286,0.012291421374067754,5.0,68.0,75.0,85.0,2432.3875256727556,2445.052278524709,2482.3480479305745,0.024248282382668757,0.026729378923580793,0.01817725541183444,0.005160667370629929,0.10638509742828993
CEC:1001,BARANZIKA Michele,Boulder_Women,CAN,37.0,4.3,0.0,2026-08-08T00:00:00Z,-0.052360778875031704,0.7893047959112836,-1.827564084754898,0.7893047959112836,-0.09337618286197209,0.7893047959112836,event_clean_2025_refit,conditional on entering a 2026-like WCS field; attendance and exact future field are not forecast,central estimate plus observed-field and latent-state sensitivities; not a confidence interval,exploratory_current_reference_available,1650.6360999356282,322.3324978394838,wc_latent_readiness_sd,wc_target_score_zero_prior_intercept_adjusted_link,zero_prior_senior_open_wc_plus,-1.827564084754898,0.7893047959112836,1650.3980927825446,0.23800715308368142,0.0,True,2.0,58.0,31.0,9.11634492568471,0.0,0.0,0.0,1650.6360999356282,322.3324978394838,0.0,0.0,nacs,1634.6794775610692,2.0,-83.25077783379675,13.0,54.01253278900149,1551.4286997272725,321.76721309322977,1650.6360999356282,0.0017918275348898429,0.0008196816199462691,0.00013898884941235685,5.0,68.0,75.0,85.0,2432.3875256727556,2445.052278524709,2482.3480479305745,0.00030407590385266795,0.00033603283837660685,0.00022655270276560855,2.3887892095966356e-05,0.0038579911054799736
IFSC:1617,EARLE Chloe,Boulder_Women,CAN,37.0,4.3,0.0,2026-08-08T00:00:00Z,-0.052360778875031704,0.7893047959112836,-1.827564084754898,0.7893047959112836,-0.09337618286197209,0.7893047959112836,event_clean_2025_refit,conditional on entering a 2026-like WCS field; attendance and exact future field are not forecast,central estimate plus observed-field and latent-state sensitivities; not a confidence interval,exploratory_current_reference_available,2052.4022934999134,220.56647164776874,wc_latent_readiness_sd,wc_target_score_zero_prior_intercept_adjusted_link,zero_prior_senior_open_wc_plus,-1.827564084754898,0.7893047959112836,2052.8531924120925,-0.45089891217919487,0.0,False,4.0,48.0,30.0,17.016256565591085,0.0,0.0,0.0,2052.4022934999134,220.56647164776874,0.0,0.0,nacs,2052.4022934999134,1.0,-83.25077783379675,13.0,54.01253278900149,1969.1515156661167,227.57709448969985,2052.4022934999134,0.04102962005314038,0.02169651417839363,0.0037439181810378047,5.0,68.0,75.0,85.0,2432.3875256727556,2445.052278524709,2482.3480479305745,0.007197705518939309,0.007948389949988633,0.005372117416552744,0.0012696912927651742,0.03970255587294636
CEC:1394,MA Jenice Naomi,Boulder_Women,CAN,37.0,4.3,0.0,2026-08-08T00:00:00Z,-0.052360778875031704,0.7893047959112836,-1.827564084754898,0.7893047959112836,-0.09337618286197209,0.7893047959112836,event_clean_2025_refit,conditional on entering a 2026-like WCS field; attendance and exact future field are not forecast,central estimate plus observed-field and latent-state sensitivities; not a confidence interval,exploratory_current_reference_available,1877.160817788782,226.52303559921043,wc_latent_readiness_sd,wc_target_score_zero_prior_intercept_adjusted_link,zero_prior_senior_open_wc_plus,-1.827564084754898,0.7893047959112836,1877.2477486614791,-0.08693087269724299,0.0,False,4.0,55.0,34.0,18.731202449717465,0.0,0.0,0.0,1877.160817788782,226.52303559921043,0.0,0.0,nacs,1869.088095093961,2.0,-83.25077783379675,13.0,54.01253278900149,1785.8373172601644,229.2418322119796,1877.160817788782,0.010615631510437658,0.005191249525735337,0.0008834611491122078,5.0,68.0,75.0,85.0,2432.3875256727556,2445.052278524709,2482.3480479305745,0.0018148089516097942,0.002005218293275145,0.0013526502235601872,0.0003040799402053469,0.010750424211801177
