discipline,gender,pool,cnr_rank,athlete_name,best_result_1,best_result_2,best_result_3,cnr_value,cnr_as_of,cnr_measure,source_url
Boulder,Men,Boulder_Men,1,OSCAR BAUDRAND,98.6,84.7,67.3,250.6,2026-07-29,Best 3 event points / 24 months (2026 transition),https://docs.google.com/spreadsheets/d/1SImQ0_wgaC1oj6kcfTEXgvTpwv6iG0kuq92ntaE9YcQ/gviz/tq?tqx=out:csv&sheet=CNR%20M
Boulder,Men,Boulder_Men,2,MATTHEW RODRIGUEZ,79.6,55.1,51.0,185.7,2026-07-29,Best 3 event points / 24 months (2026 transition),https://docs.google.com/spreadsheets/d/1SImQ0_wgaC1oj6kcfTEXgvTpwv6iG0kuq92ntaE9YcQ/gviz/tq?tqx=out:csv&sheet=CNR%20M
Boulder,Men,Boulder_Men,3,HUGO DORVAL,55.3,49.0,48.0,152.3,2026-07-29,Best 3 event points / 24 months (2026 transition),https://docs.google.com/spreadsheets/d/1SImQ0_wgaC1oj6kcfTEXgvTpwv6iG0kuq92ntaE9YcQ/gviz/tq?tqx=out:csv&sheet=CNR%20M
Boulder,Men,Boulder_Men,4,GUY MCNAMEE,48.2,43.4,30.8,122.3,2026-07-29,Best 3 event points / 24 months (2026 transition),https://docs.google.com/spreadsheets/d/1SImQ0_wgaC1oj6kcfTEXgvTpwv6iG0kuq92ntaE9YcQ/gviz/tq?tqx=out:csv&sheet=CNR%20M
Boulder,Men,Boulder_Men,5,VICTOR BAUDRAND,44.4,32.4,31.7,108.6,2026-07-29,Best 3 event points / 24 months (2026 transition),https://docs.google.com/spreadsheets/d/1SImQ0_wgaC1oj6kcfTEXgvTpwv6iG0kuq92ntaE9YcQ/gviz/tq?tqx=out:csv&sheet=CNR%20M
Boulder,Men,Boulder_Men,6,TJ FOLEY,39.3,34.8,29.2,103.2,2026-07-29,Best 3 event points / 24 months (2026 transition),https://docs.google.com/spreadsheets/d/1SImQ0_wgaC1oj6kcfTEXgvTpwv6iG0kuq92ntaE9YcQ/gviz/tq?tqx=out:csv&sheet=CNR%20M
Boulder,Men,Boulder_Men,7,DYLAN SMITH,50.6,33.6,9.8,94.0,2026-07-29,Best 3 event points / 24 months (2026 transition),https://docs.google.com/spreadsheets/d/1SImQ0_wgaC1oj6kcfTEXgvTpwv6iG0kuq92ntaE9YcQ/gviz/tq?tqx=out:csv&sheet=CNR%20M
Boulder,Men,Boulder_Men,8,KINDAR MCNAMEE,34.6,30.6,27.3,92.4,2026-07-29,Best 3 event points / 24 months (2026 transition),https://docs.google.com/spreadsheets/d/1SImQ0_wgaC1oj6kcfTEXgvTpwv6iG0kuq92ntaE9YcQ/gviz/tq?tqx=out:csv&sheet=CNR%20M
Boulder,Men,Boulder_Men,9,MAXIME THÉRIEN,38.9,28.5,15.2,82.5,2026-07-29,Best 3 event points / 24 months (2026 transition),https://docs.google.com/spreadsheets/d/1SImQ0_wgaC1oj6kcfTEXgvTpwv6iG0kuq92ntaE9YcQ/gviz/tq?tqx=out:csv&sheet=CNR%20M
Boulder,Men,Boulder_Men,10,IAN TAN,34.5,24.0,20.6,79.1,2026-07-29,Best 3 event points / 24 months (2026 transition),https://docs.google.com/spreadsheets/d/1SImQ0_wgaC1oj6kcfTEXgvTpwv6iG0kuq92ntaE9YcQ/gviz/tq?tqx=out:csv&sheet=CNR%20M
Boulder,Men,Boulder_Men,11,LOUKA BOIVIN,36.6,26.9,5.5,69.0,2026-07-29,Best 3 event points / 24 months (2026 transition),https://docs.google.com/spreadsheets/d/1SImQ0_wgaC1oj6kcfTEXgvTpwv6iG0kuq92ntaE9YcQ/gviz/tq?tqx=out:csv&sheet=CNR%20M
Boulder,Men,Boulder_Men,12,LEONARDO SANTOPRETE,25.1,22.8,20.5,68.3,2026-07-29,Best 3 event points / 24 months (2026 transition),https://docs.google.com/spreadsheets/d/1SImQ0_wgaC1oj6kcfTEXgvTpwv6iG0kuq92ntaE9YcQ/gviz/tq?tqx=out:csv&sheet=CNR%20M
Boulder,Men,Boulder_Men,13,EVAN LAU,18.3,18.0,16.6,52.9,2026-07-29,Best 3 event points / 24 months (2026 transition),https://docs.google.com/spreadsheets/d/1SImQ0_wgaC1oj6kcfTEXgvTpwv6iG0kuq92ntaE9YcQ/gviz/tq?tqx=out:csv&sheet=CNR%20M
Boulder,Men,Boulder_Men,14,ELLIOT SHINDO,26.8,6.5,6.2,39.5,2026-07-29,Best 3 event points / 24 months (2026 transition),https://docs.google.com/spreadsheets/d/1SImQ0_wgaC1oj6kcfTEXgvTpwv6iG0kuq92ntaE9YcQ/gviz/tq?tqx=out:csv&sheet=CNR%20M
Boulder,Men,Boulder_Men,15,DYLAN SHINTANI,28.7,5.5,4.3,38.4,2026-07-29,Best 3 event points / 24 months (2026 transition),https://docs.google.com/spreadsheets/d/1SImQ0_wgaC1oj6kcfTEXgvTpwv6iG0kuq92ntaE9YcQ/gviz/tq?tqx=out:csv&sheet=CNR%20M
Boulder,Men,Boulder_Men,16,ELIOTT ROBERT,16.5,8.8,5.5,30.7,2026-07-29,Best 3 event points / 24 months (2026 transition),https://docs.google.com/spreadsheets/d/1SImQ0_wgaC1oj6kcfTEXgvTpwv6iG0kuq92ntaE9YcQ/gviz/tq?tqx=out:csv&sheet=CNR%20M
Boulder,Men,Boulder_Men,17,SAMUEL TIUKUVAARA,30.6,,,30.6,2026-07-29,Best 3 event points / 24 months (2026 transition),https://docs.google.com/spreadsheets/d/1SImQ0_wgaC1oj6kcfTEXgvTpwv6iG0kuq92ntaE9YcQ/gviz/tq?tqx=out:csv&sheet=CNR%20M
Boulder,Men,Boulder_Men,18,JAKOB ELLIOTT,14.3,14.2,,28.5,2026-07-29,Best 3 event points / 24 months (2026 transition),https://docs.google.com/spreadsheets/d/1SImQ0_wgaC1oj6kcfTEXgvTpwv6iG0kuq92ntaE9YcQ/gviz/tq?tqx=out:csv&sheet=CNR%20M
Boulder,Men,Boulder_Men,19,ANTHONY MATTINA,21.2,6.8,,28.0,2026-07-29,Best 3 event points / 24 months (2026 transition),https://docs.google.com/spreadsheets/d/1SImQ0_wgaC1oj6kcfTEXgvTpwv6iG0kuq92ntaE9YcQ/gviz/tq?tqx=out:csv&sheet=CNR%20M
Boulder,Men,Boulder_Men,20,SEBASTIEN LAZURE,15.9,11.4,,27.3,2026-07-29,Best 3 event points / 24 months (2026 transition),https://docs.google.com/spreadsheets/d/1SImQ0_wgaC1oj6kcfTEXgvTpwv6iG0kuq92ntaE9YcQ/gviz/tq?tqx=out:csv&sheet=CNR%20M
Boulder,Men,Boulder_Men,21,LUCAS UCHIDA,25.3,,,25.3,2026-07-29,Best 3 event points / 24 months (2026 transition),https://docs.google.com/spreadsheets/d/1SImQ0_wgaC1oj6kcfTEXgvTpwv6iG0kuq92ntaE9YcQ/gviz/tq?tqx=out:csv&sheet=CNR%20M
Boulder,Men,Boulder_Men,22,DAWSON SHEPHERD,14.3,8.8,,23.0,2026-07-29,Best 3 event points / 24 months (2026 transition),https://docs.google.com/spreadsheets/d/1SImQ0_wgaC1oj6kcfTEXgvTpwv6iG0kuq92ntaE9YcQ/gviz/tq?tqx=out:csv&sheet=CNR%20M
Boulder,Men,Boulder_Men,23,FERNAND BAUDIN,17.7,4.3,,22.0,2026-07-29,Best 3 event points / 24 months (2026 transition),https://docs.google.com/spreadsheets/d/1SImQ0_wgaC1oj6kcfTEXgvTpwv6iG0kuq92ntaE9YcQ/gviz/tq?tqx=out:csv&sheet=CNR%20M
Boulder,Men,Boulder_Men,24,MILES SKORYNA,21.9,0.0,,21.9,2026-07-29,Best 3 event points / 24 months (2026 transition),https://docs.google.com/spreadsheets/d/1SImQ0_wgaC1oj6kcfTEXgvTpwv6iG0kuq92ntaE9YcQ/gviz/tq?tqx=out:csv&sheet=CNR%20M
Boulder,Men,Boulder_Men,25,PETER NUNAN,15.3,6.2,0.0,21.5,2026-07-29,Best 3 event points / 24 months (2026 transition),https://docs.google.com/spreadsheets/d/1SImQ0_wgaC1oj6kcfTEXgvTpwv6iG0kuq92ntaE9YcQ/gviz/tq?tqx=out:csv&sheet=CNR%20M
Boulder,Men,Boulder_Men,26,GRAYSON KENNY,19.8,,,19.8,2026-07-29,Best 3 event points / 24 months (2026 transition),https://docs.google.com/spreadsheets/d/1SImQ0_wgaC1oj6kcfTEXgvTpwv6iG0kuq92ntaE9YcQ/gviz/tq?tqx=out:csv&sheet=CNR%20M
Boulder,Men,Boulder_Men,27,DYLAN SAFFERY,13.3,5.5,,18.8,2026-07-29,Best 3 event points / 24 months (2026 transition),https://docs.google.com/spreadsheets/d/1SImQ0_wgaC1oj6kcfTEXgvTpwv6iG0kuq92ntaE9YcQ/gviz/tq?tqx=out:csv&sheet=CNR%20M
Boulder,Men,Boulder_Men,28,NICOLAS ARTEAU,18.0,,,18.0,2026-07-29,Best 3 event points / 24 months (2026 transition),https://docs.google.com/spreadsheets/d/1SImQ0_wgaC1oj6kcfTEXgvTpwv6iG0kuq92ntaE9YcQ/gviz/tq?tqx=out:csv&sheet=CNR%20M
Boulder,Men,Boulder_Men,29,ANTOINE CARON,5.6,5.5,,11.1,2026-07-29,Best 3 event points / 24 months (2026 transition),https://docs.google.com/spreadsheets/d/1SImQ0_wgaC1oj6kcfTEXgvTpwv6iG0kuq92ntaE9YcQ/gviz/tq?tqx=out:csv&sheet=CNR%20M
Boulder,Men,Boulder_Men,30,EVAN RAJAN,10.6,0.0,0.0,10.6,2026-07-29,Best 3 event points / 24 months (2026 transition),https://docs.google.com/spreadsheets/d/1SImQ0_wgaC1oj6kcfTEXgvTpwv6iG0kuq92ntaE9YcQ/gviz/tq?tqx=out:csv&sheet=CNR%20M
Boulder,Men,Boulder_Men,31,FREDERIC HO,8.8,0.0,0.0,8.8,2026-07-29,Best 3 event points / 24 months (2026 transition),https://docs.google.com/spreadsheets/d/1SImQ0_wgaC1oj6kcfTEXgvTpwv6iG0kuq92ntaE9YcQ/gviz/tq?tqx=out:csv&sheet=CNR%20M
Boulder,Men,Boulder_Men,32,OLIVIER TURGEON,8.5,,,8.5,2026-07-29,Best 3 event points / 24 months (2026 transition),https://docs.google.com/spreadsheets/d/1SImQ0_wgaC1oj6kcfTEXgvTpwv6iG0kuq92ntaE9YcQ/gviz/tq?tqx=out:csv&sheet=CNR%20M
Boulder,Men,Boulder_Men,33,LOUIS-SIMON RIVERIN,7.4,,,7.4,2026-07-29,Best 3 event points / 24 months (2026 transition),https://docs.google.com/spreadsheets/d/1SImQ0_wgaC1oj6kcfTEXgvTpwv6iG0kuq92ntaE9YcQ/gviz/tq?tqx=out:csv&sheet=CNR%20M
Boulder,Men,Boulder_Men,34,GRAYSON WATMOUGH,6.3,,,6.3,2026-07-29,Best 3 event points / 24 months (2026 transition),https://docs.google.com/spreadsheets/d/1SImQ0_wgaC1oj6kcfTEXgvTpwv6iG0kuq92ntaE9YcQ/gviz/tq?tqx=out:csv&sheet=CNR%20M
Boulder,Men,Boulder_Men,34,ANDRES BENAVENTE,6.3,,,6.3,2026-07-29,Best 3 event points / 24 months (2026 transition),https://docs.google.com/spreadsheets/d/1SImQ0_wgaC1oj6kcfTEXgvTpwv6iG0kuq92ntaE9YcQ/gviz/tq?tqx=out:csv&sheet=CNR%20M
Boulder,Men,Boulder_Men,36,NATHANIEL SMITH,5.6,,,5.6,2026-07-29,Best 3 event points / 24 months (2026 transition),https://docs.google.com/spreadsheets/d/1SImQ0_wgaC1oj6kcfTEXgvTpwv6iG0kuq92ntaE9YcQ/gviz/tq?tqx=out:csv&sheet=CNR%20M
Boulder,Men,Boulder_Men,36,MATHIEU BONNEVILLE,5.6,0.0,,5.6,2026-07-29,Best 3 event points / 24 months (2026 transition),https://docs.google.com/spreadsheets/d/1SImQ0_wgaC1oj6kcfTEXgvTpwv6iG0kuq92ntaE9YcQ/gviz/tq?tqx=out:csv&sheet=CNR%20M
Boulder,Men,Boulder_Men,36,JAEDEN MCLEAN,5.6,,,5.6,2026-07-29,Best 3 event points / 24 months (2026 transition),https://docs.google.com/spreadsheets/d/1SImQ0_wgaC1oj6kcfTEXgvTpwv6iG0kuq92ntaE9YcQ/gviz/tq?tqx=out:csv&sheet=CNR%20M
Boulder,Men,Boulder_Men,39,SEAN MCCOLL,5.5,,,5.5,2026-07-29,Best 3 event points / 24 months (2026 transition),https://docs.google.com/spreadsheets/d/1SImQ0_wgaC1oj6kcfTEXgvTpwv6iG0kuq92ntaE9YcQ/gviz/tq?tqx=out:csv&sheet=CNR%20M
Boulder,Men,Boulder_Men,39,NATE CORSI,5.5,,,5.5,2026-07-29,Best 3 event points / 24 months (2026 transition),https://docs.google.com/spreadsheets/d/1SImQ0_wgaC1oj6kcfTEXgvTpwv6iG0kuq92ntaE9YcQ/gviz/tq?tqx=out:csv&sheet=CNR%20M
Boulder,Men,Boulder_Men,39,JACK VANDERHEIDE,5.5,,,5.5,2026-07-29,Best 3 event points / 24 months (2026 transition),https://docs.google.com/spreadsheets/d/1SImQ0_wgaC1oj6kcfTEXgvTpwv6iG0kuq92ntaE9YcQ/gviz/tq?tqx=out:csv&sheet=CNR%20M
Boulder,Men,Boulder_Men,42,FELIX C. MAHEU,5.5,,,5.5,2026-07-29,Best 3 event points / 24 months (2026 transition),https://docs.google.com/spreadsheets/d/1SImQ0_wgaC1oj6kcfTEXgvTpwv6iG0kuq92ntaE9YcQ/gviz/tq?tqx=out:csv&sheet=CNR%20M
Boulder,Men,Boulder_Men,43,ADEN RAJAN,5.1,0.0,,5.1,2026-07-29,Best 3 event points / 24 months (2026 transition),https://docs.google.com/spreadsheets/d/1SImQ0_wgaC1oj6kcfTEXgvTpwv6iG0kuq92ntaE9YcQ/gviz/tq?tqx=out:csv&sheet=CNR%20M
Boulder,Men,Boulder_Men,44,DYLAN TALACKO,4.4,,,4.4,2026-07-29,Best 3 event points / 24 months (2026 transition),https://docs.google.com/spreadsheets/d/1SImQ0_wgaC1oj6kcfTEXgvTpwv6iG0kuq92ntaE9YcQ/gviz/tq?tqx=out:csv&sheet=CNR%20M
Boulder,Men,Boulder_Men,45,BENJAMIN CHAPMAN,4.3,,,4.3,2026-07-29,Best 3 event points / 24 months (2026 transition),https://docs.google.com/spreadsheets/d/1SImQ0_wgaC1oj6kcfTEXgvTpwv6iG0kuq92ntaE9YcQ/gviz/tq?tqx=out:csv&sheet=CNR%20M
Boulder,Men,Boulder_Men,46,JONAH STREET,4.1,,,4.1,2026-07-29,Best 3 event points / 24 months (2026 transition),https://docs.google.com/spreadsheets/d/1SImQ0_wgaC1oj6kcfTEXgvTpwv6iG0kuq92ntaE9YcQ/gviz/tq?tqx=out:csv&sheet=CNR%20M
Boulder,Men,Boulder_Men,47,TYCE RENNEBERG,3.6,,,3.6,2026-07-29,Best 3 event points / 24 months (2026 transition),https://docs.google.com/spreadsheets/d/1SImQ0_wgaC1oj6kcfTEXgvTpwv6iG0kuq92ntaE9YcQ/gviz/tq?tqx=out:csv&sheet=CNR%20M
Boulder,Women,Boulder_Women,1,MADISON RICHARDSON,80.7,71.2,67.3,219.2,2026-07-29,Best 3 event points / 24 months (2026 transition),https://docs.google.com/spreadsheets/d/1SImQ0_wgaC1oj6kcfTEXgvTpwv6iG0kuq92ntaE9YcQ/gviz/tq?tqx=out:csv&sheet=CNR%20W
Boulder,Women,Boulder_Women,2,ANNA KELLEY,49.0,49.0,39.3,137.3,2026-07-29,Best 3 event points / 24 months (2026 transition),https://docs.google.com/spreadsheets/d/1SImQ0_wgaC1oj6kcfTEXgvTpwv6iG0kuq92ntaE9YcQ/gviz/tq?tqx=out:csv&sheet=CNR%20W
Boulder,Women,Boulder_Women,3,BABETTE ROY,42.8,40.5,34.7,118.0,2026-07-29,Best 3 event points / 24 months (2026 transition),https://docs.google.com/spreadsheets/d/1SImQ0_wgaC1oj6kcfTEXgvTpwv6iG0kuq92ntaE9YcQ/gviz/tq?tqx=out:csv&sheet=CNR%20W
Boulder,Women,Boulder_Women,4,EVANGELINA BRIGGS,36.7,29.7,28.9,95.3,2026-07-29,Best 3 event points / 24 months (2026 transition),https://docs.google.com/spreadsheets/d/1SImQ0_wgaC1oj6kcfTEXgvTpwv6iG0kuq92ntaE9YcQ/gviz/tq?tqx=out:csv&sheet=CNR%20W
Boulder,Women,Boulder_Women,5,SIENNA CHOW,35.0,30.5,26.9,92.4,2026-07-29,Best 3 event points / 24 months (2026 transition),https://docs.google.com/spreadsheets/d/1SImQ0_wgaC1oj6kcfTEXgvTpwv6iG0kuq92ntaE9YcQ/gviz/tq?tqx=out:csv&sheet=CNR%20W
Boulder,Women,Boulder_Women,6,REENA GAO,31.0,30.5,29.2,90.8,2026-07-29,Best 3 event points / 24 months (2026 transition),https://docs.google.com/spreadsheets/d/1SImQ0_wgaC1oj6kcfTEXgvTpwv6iG0kuq92ntaE9YcQ/gviz/tq?tqx=out:csv&sheet=CNR%20W
Boulder,Women,Boulder_Women,7,JACQUELINE HO,34.2,33.3,17.9,85.4,2026-07-29,Best 3 event points / 24 months (2026 transition),https://docs.google.com/spreadsheets/d/1SImQ0_wgaC1oj6kcfTEXgvTpwv6iG0kuq92ntaE9YcQ/gviz/tq?tqx=out:csv&sheet=CNR%20W
Boulder,Women,Boulder_Women,8,SOFIE KING,27.5,27.4,25.9,80.8,2026-07-29,Best 3 event points / 24 months (2026 transition),https://docs.google.com/spreadsheets/d/1SImQ0_wgaC1oj6kcfTEXgvTpwv6iG0kuq92ntaE9YcQ/gviz/tq?tqx=out:csv&sheet=CNR%20W
Boulder,Women,Boulder_Women,9,EMILIA CALLANAN,25.9,22.3,19.4,67.6,2026-07-29,Best 3 event points / 24 months (2026 transition),https://docs.google.com/spreadsheets/d/1SImQ0_wgaC1oj6kcfTEXgvTpwv6iG0kuq92ntaE9YcQ/gviz/tq?tqx=out:csv&sheet=CNR%20W
Boulder,Women,Boulder_Women,10,CAIYA TAYLOR-AINSLIE,28.9,24.2,9.4,62.5,2026-07-29,Best 3 event points / 24 months (2026 transition),https://docs.google.com/spreadsheets/d/1SImQ0_wgaC1oj6kcfTEXgvTpwv6iG0kuq92ntaE9YcQ/gviz/tq?tqx=out:csv&sheet=CNR%20W
Boulder,Women,Boulder_Women,11,CEDAR PIDGEON,22.3,19.1,14.9,56.3,2026-07-29,Best 3 event points / 24 months (2026 transition),https://docs.google.com/spreadsheets/d/1SImQ0_wgaC1oj6kcfTEXgvTpwv6iG0kuq92ntaE9YcQ/gviz/tq?tqx=out:csv&sheet=CNR%20W
Boulder,Women,Boulder_Women,12,ELISE VILLENEUVE,21.0,16.8,12.6,50.4,2026-07-29,Best 3 event points / 24 months (2026 transition),https://docs.google.com/spreadsheets/d/1SImQ0_wgaC1oj6kcfTEXgvTpwv6iG0kuq92ntaE9YcQ/gviz/tq?tqx=out:csv&sheet=CNR%20W
Boulder,Women,Boulder_Women,13,SABRINA THAYER-HEAD,21.8,9.8,7.6,39.3,2026-07-29,Best 3 event points / 24 months (2026 transition),https://docs.google.com/spreadsheets/d/1SImQ0_wgaC1oj6kcfTEXgvTpwv6iG0kuq92ntaE9YcQ/gviz/tq?tqx=out:csv&sheet=CNR%20W
Boulder,Women,Boulder_Women,14,AVERY MACDONALD,19.6,18.0,0.0,37.6,2026-07-29,Best 3 event points / 24 months (2026 transition),https://docs.google.com/spreadsheets/d/1SImQ0_wgaC1oj6kcfTEXgvTpwv6iG0kuq92ntaE9YcQ/gviz/tq?tqx=out:csv&sheet=CNR%20W
Boulder,Women,Boulder_Women,15,GRACE KAM,23.0,7.5,5.0,35.5,2026-07-29,Best 3 event points / 24 months (2026 transition),https://docs.google.com/spreadsheets/d/1SImQ0_wgaC1oj6kcfTEXgvTpwv6iG0kuq92ntaE9YcQ/gviz/tq?tqx=out:csv&sheet=CNR%20W
Boulder,Women,Boulder_Women,16,SOFIA SMALE,17.2,16.7,0.0,33.9,2026-07-29,Best 3 event points / 24 months (2026 transition),https://docs.google.com/spreadsheets/d/1SImQ0_wgaC1oj6kcfTEXgvTpwv6iG0kuq92ntaE9YcQ/gviz/tq?tqx=out:csv&sheet=CNR%20W
Boulder,Women,Boulder_Women,17,ALLORA KLINKER,20.4,13.3,,33.7,2026-07-29,Best 3 event points / 24 months (2026 transition),https://docs.google.com/spreadsheets/d/1SImQ0_wgaC1oj6kcfTEXgvTpwv6iG0kuq92ntaE9YcQ/gviz/tq?tqx=out:csv&sheet=CNR%20W
Boulder,Women,Boulder_Women,18,BROOKE WHITE,19.4,8.9,0.0,28.3,2026-07-29,Best 3 event points / 24 months (2026 transition),https://docs.google.com/spreadsheets/d/1SImQ0_wgaC1oj6kcfTEXgvTpwv6iG0kuq92ntaE9YcQ/gviz/tq?tqx=out:csv&sheet=CNR%20W
Boulder,Women,Boulder_Women,19,PAIGE LOUIE,27.5,0.0,,27.5,2026-07-29,Best 3 event points / 24 months (2026 transition),https://docs.google.com/spreadsheets/d/1SImQ0_wgaC1oj6kcfTEXgvTpwv6iG0kuq92ntaE9YcQ/gviz/tq?tqx=out:csv&sheet=CNR%20W
Boulder,Women,Boulder_Women,20,MOLLY DREHER,25.3,0.0,0.0,25.3,2026-07-29,Best 3 event points / 24 months (2026 transition),https://docs.google.com/spreadsheets/d/1SImQ0_wgaC1oj6kcfTEXgvTpwv6iG0kuq92ntaE9YcQ/gviz/tq?tqx=out:csv&sheet=CNR%20W
Boulder,Women,Boulder_Women,21,LANA SLIPICEVIC,11.8,5.1,4.5,21.4,2026-07-29,Best 3 event points / 24 months (2026 transition),https://docs.google.com/spreadsheets/d/1SImQ0_wgaC1oj6kcfTEXgvTpwv6iG0kuq92ntaE9YcQ/gviz/tq?tqx=out:csv&sheet=CNR%20W
Boulder,Women,Boulder_Women,22,AMARI BOURBONNAIS,14.5,4.5,0.0,19.0,2026-07-29,Best 3 event points / 24 months (2026 transition),https://docs.google.com/spreadsheets/d/1SImQ0_wgaC1oj6kcfTEXgvTpwv6iG0kuq92ntaE9YcQ/gviz/tq?tqx=out:csv&sheet=CNR%20W
Boulder,Women,Boulder_Women,23,CEDAR HENDRY,15.3,,,15.3,2026-07-29,Best 3 event points / 24 months (2026 transition),https://docs.google.com/spreadsheets/d/1SImQ0_wgaC1oj6kcfTEXgvTpwv6iG0kuq92ntaE9YcQ/gviz/tq?tqx=out:csv&sheet=CNR%20W
Boulder,Women,Boulder_Women,24,KIRA STEWART,5.5,5.1,4.5,15.1,2026-07-29,Best 3 event points / 24 months (2026 transition),https://docs.google.com/spreadsheets/d/1SImQ0_wgaC1oj6kcfTEXgvTpwv6iG0kuq92ntaE9YcQ/gviz/tq?tqx=out:csv&sheet=CNR%20W
Boulder,Women,Boulder_Women,25,SYDNEY PARK,10.2,,,10.2,2026-07-29,Best 3 event points / 24 months (2026 transition),https://docs.google.com/spreadsheets/d/1SImQ0_wgaC1oj6kcfTEXgvTpwv6iG0kuq92ntaE9YcQ/gviz/tq?tqx=out:csv&sheet=CNR%20W
Boulder,Women,Boulder_Women,26,SOPHIA BADA,5.1,4.5,,9.6,2026-07-29,Best 3 event points / 24 months (2026 transition),https://docs.google.com/spreadsheets/d/1SImQ0_wgaC1oj6kcfTEXgvTpwv6iG0kuq92ntaE9YcQ/gviz/tq?tqx=out:csv&sheet=CNR%20W
Boulder,Women,Boulder_Women,27,PAIGE BOKLASCHUK,8.8,,,8.8,2026-07-29,Best 3 event points / 24 months (2026 transition),https://docs.google.com/spreadsheets/d/1SImQ0_wgaC1oj6kcfTEXgvTpwv6iG0kuq92ntaE9YcQ/gviz/tq?tqx=out:csv&sheet=CNR%20W
Boulder,Women,Boulder_Women,28,IMALIE PILOTE-JETTÉ,8.3,0.0,,8.3,2026-07-29,Best 3 event points / 24 months (2026 transition),https://docs.google.com/spreadsheets/d/1SImQ0_wgaC1oj6kcfTEXgvTpwv6iG0kuq92ntaE9YcQ/gviz/tq?tqx=out:csv&sheet=CNR%20W
Boulder,Women,Boulder_Women,29,MARIE-ANDRÉE ROY,5.1,,,5.1,2026-07-29,Best 3 event points / 24 months (2026 transition),https://docs.google.com/spreadsheets/d/1SImQ0_wgaC1oj6kcfTEXgvTpwv6iG0kuq92ntaE9YcQ/gviz/tq?tqx=out:csv&sheet=CNR%20W
Boulder,Women,Boulder_Women,29,TIENNA TAI,5.1,,,5.1,2026-07-29,Best 3 event points / 24 months (2026 transition),https://docs.google.com/spreadsheets/d/1SImQ0_wgaC1oj6kcfTEXgvTpwv6iG0kuq92ntaE9YcQ/gviz/tq?tqx=out:csv&sheet=CNR%20W
Boulder,Women,Boulder_Women,29,GABRIELLA BEAUMONT,5.1,,,5.1,2026-07-29,Best 3 event points / 24 months (2026 transition),https://docs.google.com/spreadsheets/d/1SImQ0_wgaC1oj6kcfTEXgvTpwv6iG0kuq92ntaE9YcQ/gviz/tq?tqx=out:csv&sheet=CNR%20W
Boulder,Women,Boulder_Women,29,RILEY DOHERTY,5.1,,,5.1,2026-07-29,Best 3 event points / 24 months (2026 transition),https://docs.google.com/spreadsheets/d/1SImQ0_wgaC1oj6kcfTEXgvTpwv6iG0kuq92ntaE9YcQ/gviz/tq?tqx=out:csv&sheet=CNR%20W
Boulder,Women,Boulder_Women,33,JINGTONG CHI,4.5,,,4.5,2026-07-29,Best 3 event points / 24 months (2026 transition),https://docs.google.com/spreadsheets/d/1SImQ0_wgaC1oj6kcfTEXgvTpwv6iG0kuq92ntaE9YcQ/gviz/tq?tqx=out:csv&sheet=CNR%20W
Boulder,Women,Boulder_Women,33,ALEXA VANIER,4.5,,,4.5,2026-07-29,Best 3 event points / 24 months (2026 transition),https://docs.google.com/spreadsheets/d/1SImQ0_wgaC1oj6kcfTEXgvTpwv6iG0kuq92ntaE9YcQ/gviz/tq?tqx=out:csv&sheet=CNR%20W
Boulder,Women,Boulder_Women,33,ANNE OUELLET,4.5,0.0,,4.5,2026-07-29,Best 3 event points / 24 months (2026 transition),https://docs.google.com/spreadsheets/d/1SImQ0_wgaC1oj6kcfTEXgvTpwv6iG0kuq92ntaE9YcQ/gviz/tq?tqx=out:csv&sheet=CNR%20W
Boulder,Women,Boulder_Women,33,SOPHIA BOWLES,4.5,,,4.5,2026-07-29,Best 3 event points / 24 months (2026 transition),https://docs.google.com/spreadsheets/d/1SImQ0_wgaC1oj6kcfTEXgvTpwv6iG0kuq92ntaE9YcQ/gviz/tq?tqx=out:csv&sheet=CNR%20W
Boulder,Women,Boulder_Women,37,CHLOE EARLE,4.3,,,4.3,2026-07-29,Best 3 event points / 24 months (2026 transition),https://docs.google.com/spreadsheets/d/1SImQ0_wgaC1oj6kcfTEXgvTpwv6iG0kuq92ntaE9YcQ/gviz/tq?tqx=out:csv&sheet=CNR%20W
Boulder,Women,Boulder_Women,37,JENICE NAOMI MA,4.3,,,4.3,2026-07-29,Best 3 event points / 24 months (2026 transition),https://docs.google.com/spreadsheets/d/1SImQ0_wgaC1oj6kcfTEXgvTpwv6iG0kuq92ntaE9YcQ/gviz/tq?tqx=out:csv&sheet=CNR%20W
Boulder,Women,Boulder_Women,37,MICHELE BARANZIKA,4.3,,,4.3,2026-07-29,Best 3 event points / 24 months (2026 transition),https://docs.google.com/spreadsheets/d/1SImQ0_wgaC1oj6kcfTEXgvTpwv6iG0kuq92ntaE9YcQ/gviz/tq?tqx=out:csv&sheet=CNR%20W
Lead,Men,Lead_Men,1,VICTOR BAUDRAND,43.8,40.2,37.5,121.5,2026-07-29,Best 3 event points / 24 months (2026 transition),https://docs.google.com/spreadsheets/d/1QUC-uIv1XtL4CzannKggdOIoKE8iTgYNjoTfTDdRGok/gviz/tq?tqx=out:csv&sheet=CNR%20M
Lead,Men,Lead_Men,2,KINDAR MCNAMEE,50.0,33.9,33.1,117.0,2026-07-29,Best 3 event points / 24 months (2026 transition),https://docs.google.com/spreadsheets/d/1QUC-uIv1XtL4CzannKggdOIoKE8iTgYNjoTfTDdRGok/gviz/tq?tqx=out:csv&sheet=CNR%20M
Lead,Men,Lead_Men,3,GUY MCNAMEE,41.7,38.9,31.7,112.3,2026-07-29,Best 3 event points / 24 months (2026 transition),https://docs.google.com/spreadsheets/d/1QUC-uIv1XtL4CzannKggdOIoKE8iTgYNjoTfTDdRGok/gviz/tq?tqx=out:csv&sheet=CNR%20M
Lead,Men,Lead_Men,4,SEAN MCCOLL,50.2,31.6,10.6,92.4,2026-07-29,Best 3 event points / 24 months (2026 transition),https://docs.google.com/spreadsheets/d/1QUC-uIv1XtL4CzannKggdOIoKE8iTgYNjoTfTDdRGok/gviz/tq?tqx=out:csv&sheet=CNR%20M
Lead,Men,Lead_Men,5,CARTER COLLEAUX,31.6,29.2,18.7,79.5,2026-07-29,Best 3 event points / 24 months (2026 transition),https://docs.google.com/spreadsheets/d/1QUC-uIv1XtL4CzannKggdOIoKE8iTgYNjoTfTDdRGok/gviz/tq?tqx=out:csv&sheet=CNR%20M
Lead,Men,Lead_Men,6,JAKOB ELLIOTT,37.6,36.2,5.0,78.9,2026-07-29,Best 3 event points / 24 months (2026 transition),https://docs.google.com/spreadsheets/d/1QUC-uIv1XtL4CzannKggdOIoKE8iTgYNjoTfTDdRGok/gviz/tq?tqx=out:csv&sheet=CNR%20M
Lead,Men,Lead_Men,7,IAN TAN,34.9,23.1,18.8,76.8,2026-07-29,Best 3 event points / 24 months (2026 transition),https://docs.google.com/spreadsheets/d/1QUC-uIv1XtL4CzannKggdOIoKE8iTgYNjoTfTDdRGok/gviz/tq?tqx=out:csv&sheet=CNR%20M
Lead,Men,Lead_Men,8,MATTHEW RODRIGUEZ,27.5,25.9,20.8,74.2,2026-07-29,Best 3 event points / 24 months (2026 transition),https://docs.google.com/spreadsheets/d/1QUC-uIv1XtL4CzannKggdOIoKE8iTgYNjoTfTDdRGok/gviz/tq?tqx=out:csv&sheet=CNR%20M
Lead,Men,Lead_Men,9,NATHANIEL SMITH,27.1,24.2,22.6,74.0,2026-07-29,Best 3 event points / 24 months (2026 transition),https://docs.google.com/spreadsheets/d/1QUC-uIv1XtL4CzannKggdOIoKE8iTgYNjoTfTDdRGok/gviz/tq?tqx=out:csv&sheet=CNR%20M
Lead,Men,Lead_Men,10,TJ FOLEY,25.3,25.0,21.8,72.2,2026-07-29,Best 3 event points / 24 months (2026 transition),https://docs.google.com/spreadsheets/d/1QUC-uIv1XtL4CzannKggdOIoKE8iTgYNjoTfTDdRGok/gviz/tq?tqx=out:csv&sheet=CNR%20M
Lead,Men,Lead_Men,11,MAXIME THÉRIEN,24.8,23.3,17.2,65.3,2026-07-29,Best 3 event points / 24 months (2026 transition),https://docs.google.com/spreadsheets/d/1QUC-uIv1XtL4CzannKggdOIoKE8iTgYNjoTfTDdRGok/gviz/tq?tqx=out:csv&sheet=CNR%20M
Lead,Men,Lead_Men,12,OSCAR BAUDRAND,59.5,0.0,,59.5,2026-07-29,Best 3 event points / 24 months (2026 transition),https://docs.google.com/spreadsheets/d/1QUC-uIv1XtL4CzannKggdOIoKE8iTgYNjoTfTDdRGok/gviz/tq?tqx=out:csv&sheet=CNR%20M
Lead,Men,Lead_Men,13,LOUKA BOIVIN,20.8,18.4,17.8,57.0,2026-07-29,Best 3 event points / 24 months (2026 transition),https://docs.google.com/spreadsheets/d/1QUC-uIv1XtL4CzannKggdOIoKE8iTgYNjoTfTDdRGok/gviz/tq?tqx=out:csv&sheet=CNR%20M
Lead,Men,Lead_Men,14,EVAN LAU,26.9,13.5,11.7,52.1,2026-07-29,Best 3 event points / 24 months (2026 transition),https://docs.google.com/spreadsheets/d/1QUC-uIv1XtL4CzannKggdOIoKE8iTgYNjoTfTDdRGok/gviz/tq?tqx=out:csv&sheet=CNR%20M
Lead,Men,Lead_Men,15,NOAH SCHWARTZ,15.4,15.3,14.8,45.5,2026-07-29,Best 3 event points / 24 months (2026 transition),https://docs.google.com/spreadsheets/d/1QUC-uIv1XtL4CzannKggdOIoKE8iTgYNjoTfTDdRGok/gviz/tq?tqx=out:csv&sheet=CNR%20M
Lead,Men,Lead_Men,16,JOSHUA HECKROODT,21.0,10.1,0.0,31.1,2026-07-29,Best 3 event points / 24 months (2026 transition),https://docs.google.com/spreadsheets/d/1QUC-uIv1XtL4CzannKggdOIoKE8iTgYNjoTfTDdRGok/gviz/tq?tqx=out:csv&sheet=CNR%20M
Lead,Men,Lead_Men,17,HUGO DORVAL,24.8,5.0,,29.8,2026-07-29,Best 3 event points / 24 months (2026 transition),https://docs.google.com/spreadsheets/d/1QUC-uIv1XtL4CzannKggdOIoKE8iTgYNjoTfTDdRGok/gviz/tq?tqx=out:csv&sheet=CNR%20M
Lead,Men,Lead_Men,18,JACK VANDERHEIDE,19.4,5.0,0.0,24.4,2026-07-29,Best 3 event points / 24 months (2026 transition),https://docs.google.com/spreadsheets/d/1QUC-uIv1XtL4CzannKggdOIoKE8iTgYNjoTfTDdRGok/gviz/tq?tqx=out:csv&sheet=CNR%20M
Lead,Men,Lead_Men,19,GILBY GRANT,12.2,11.9,,24.1,2026-07-29,Best 3 event points / 24 months (2026 transition),https://docs.google.com/spreadsheets/d/1QUC-uIv1XtL4CzannKggdOIoKE8iTgYNjoTfTDdRGok/gviz/tq?tqx=out:csv&sheet=CNR%20M
Lead,Men,Lead_Men,20,OLIVIER TURGEON,8.3,7.8,5.1,21.2,2026-07-29,Best 3 event points / 24 months (2026 transition),https://docs.google.com/spreadsheets/d/1QUC-uIv1XtL4CzannKggdOIoKE8iTgYNjoTfTDdRGok/gviz/tq?tqx=out:csv&sheet=CNR%20M
Lead,Men,Lead_Men,21,NICOLAS ARTEAU,19.0,,,19.0,2026-07-29,Best 3 event points / 24 months (2026 transition),https://docs.google.com/spreadsheets/d/1QUC-uIv1XtL4CzannKggdOIoKE8iTgYNjoTfTDdRGok/gviz/tq?tqx=out:csv&sheet=CNR%20M
Lead,Men,Lead_Men,22,PETER NUNAN,9.4,5.0,4.3,18.6,2026-07-29,Best 3 event points / 24 months (2026 transition),https://docs.google.com/spreadsheets/d/1QUC-uIv1XtL4CzannKggdOIoKE8iTgYNjoTfTDdRGok/gviz/tq?tqx=out:csv&sheet=CNR%20M
Lead,Men,Lead_Men,23,DYLAN TALACKO,16.3,0.0,,16.3,2026-07-29,Best 3 event points / 24 months (2026 transition),https://docs.google.com/spreadsheets/d/1QUC-uIv1XtL4CzannKggdOIoKE8iTgYNjoTfTDdRGok/gviz/tq?tqx=out:csv&sheet=CNR%20M
Lead,Men,Lead_Men,24,SAMUEL TIUKUVAARA,15.9,,,15.9,2026-07-29,Best 3 event points / 24 months (2026 transition),https://docs.google.com/spreadsheets/d/1QUC-uIv1XtL4CzannKggdOIoKE8iTgYNjoTfTDdRGok/gviz/tq?tqx=out:csv&sheet=CNR%20M
Lead,Men,Lead_Men,25,DYLAN SMITH,14.4,,,14.4,2026-07-29,Best 3 event points / 24 months (2026 transition),https://docs.google.com/spreadsheets/d/1QUC-uIv1XtL4CzannKggdOIoKE8iTgYNjoTfTDdRGok/gviz/tq?tqx=out:csv&sheet=CNR%20M
Lead,Men,Lead_Men,26,JOEL NEUFELD,13.8,,,13.8,2026-07-29,Best 3 event points / 24 months (2026 transition),https://docs.google.com/spreadsheets/d/1QUC-uIv1XtL4CzannKggdOIoKE8iTgYNjoTfTDdRGok/gviz/tq?tqx=out:csv&sheet=CNR%20M
Lead,Men,Lead_Men,27,HENRI COWAN,12.7,,,12.7,2026-07-29,Best 3 event points / 24 months (2026 transition),https://docs.google.com/spreadsheets/d/1QUC-uIv1XtL4CzannKggdOIoKE8iTgYNjoTfTDdRGok/gviz/tq?tqx=out:csv&sheet=CNR%20M
Lead,Men,Lead_Men,28,OLIVER GIRARD-DIEDERICHS,11.0,,,11.0,2026-07-29,Best 3 event points / 24 months (2026 transition),https://docs.google.com/spreadsheets/d/1QUC-uIv1XtL4CzannKggdOIoKE8iTgYNjoTfTDdRGok/gviz/tq?tqx=out:csv&sheet=CNR%20M
Lead,Men,Lead_Men,29,MATHIEU BONNEVILLE,5.1,5.0,0.0,10.1,2026-07-29,Best 3 event points / 24 months (2026 transition),https://docs.google.com/spreadsheets/d/1QUC-uIv1XtL4CzannKggdOIoKE8iTgYNjoTfTDdRGok/gviz/tq?tqx=out:csv&sheet=CNR%20M
Lead,Men,Lead_Men,29,ANTOINE CARON,5.1,5.0,,10.1,2026-07-29,Best 3 event points / 24 months (2026 transition),https://docs.google.com/spreadsheets/d/1QUC-uIv1XtL4CzannKggdOIoKE8iTgYNjoTfTDdRGok/gviz/tq?tqx=out:csv&sheet=CNR%20M
Lead,Men,Lead_Men,31,GRAYSON WATMOUGH,10.0,0.0,,10.0,2026-07-29,Best 3 event points / 24 months (2026 transition),https://docs.google.com/spreadsheets/d/1QUC-uIv1XtL4CzannKggdOIoKE8iTgYNjoTfTDdRGok/gviz/tq?tqx=out:csv&sheet=CNR%20M
Lead,Men,Lead_Men,32,FREDERIC HO,9.2,0.0,0.0,9.2,2026-07-29,Best 3 event points / 24 months (2026 transition),https://docs.google.com/spreadsheets/d/1QUC-uIv1XtL4CzannKggdOIoKE8iTgYNjoTfTDdRGok/gviz/tq?tqx=out:csv&sheet=CNR%20M
Lead,Men,Lead_Men,33,CAMDEN LUND,8.9,,,8.9,2026-07-29,Best 3 event points / 24 months (2026 transition),https://docs.google.com/spreadsheets/d/1QUC-uIv1XtL4CzannKggdOIoKE8iTgYNjoTfTDdRGok/gviz/tq?tqx=out:csv&sheet=CNR%20M
Lead,Men,Lead_Men,34,JAMIE RUZICKA,8.8,0.0,,8.8,2026-07-29,Best 3 event points / 24 months (2026 transition),https://docs.google.com/spreadsheets/d/1QUC-uIv1XtL4CzannKggdOIoKE8iTgYNjoTfTDdRGok/gviz/tq?tqx=out:csv&sheet=CNR%20M
Lead,Men,Lead_Men,35,NATE CORSI,7.5,,,7.5,2026-07-29,Best 3 event points / 24 months (2026 transition),https://docs.google.com/spreadsheets/d/1QUC-uIv1XtL4CzannKggdOIoKE8iTgYNjoTfTDdRGok/gviz/tq?tqx=out:csv&sheet=CNR%20M
Lead,Men,Lead_Men,36,WILLIAM JOHNSTON,6.8,0.0,,6.8,2026-07-29,Best 3 event points / 24 months (2026 transition),https://docs.google.com/spreadsheets/d/1QUC-uIv1XtL4CzannKggdOIoKE8iTgYNjoTfTDdRGok/gviz/tq?tqx=out:csv&sheet=CNR%20M
Lead,Men,Lead_Men,37,DYLAN SAFFERY,5.1,,,5.1,2026-07-29,Best 3 event points / 24 months (2026 transition),https://docs.google.com/spreadsheets/d/1QUC-uIv1XtL4CzannKggdOIoKE8iTgYNjoTfTDdRGok/gviz/tq?tqx=out:csv&sheet=CNR%20M
Lead,Men,Lead_Men,38,ELIOTT ROBERT,4.3,,,4.3,2026-07-29,Best 3 event points / 24 months (2026 transition),https://docs.google.com/spreadsheets/d/1QUC-uIv1XtL4CzannKggdOIoKE8iTgYNjoTfTDdRGok/gviz/tq?tqx=out:csv&sheet=CNR%20M
Lead,Men,Lead_Men,38,LEO SANTOPRETE,4.3,,,4.3,2026-07-29,Best 3 event points / 24 months (2026 transition),https://docs.google.com/spreadsheets/d/1QUC-uIv1XtL4CzannKggdOIoKE8iTgYNjoTfTDdRGok/gviz/tq?tqx=out:csv&sheet=CNR%20M
Lead,Men,Lead_Men,38,BRANDON BARRACLOUGH,4.3,,,4.3,2026-07-29,Best 3 event points / 24 months (2026 transition),https://docs.google.com/spreadsheets/d/1QUC-uIv1XtL4CzannKggdOIoKE8iTgYNjoTfTDdRGok/gviz/tq?tqx=out:csv&sheet=CNR%20M
Lead,Men,Lead_Men,38,LUKE SMALLWOOD,4.3,,,4.3,2026-07-29,Best 3 event points / 24 months (2026 transition),https://docs.google.com/spreadsheets/d/1QUC-uIv1XtL4CzannKggdOIoKE8iTgYNjoTfTDdRGok/gviz/tq?tqx=out:csv&sheet=CNR%20M
Lead,Women,Lead_Women,1,CEDAR PIDGEON,41.5,35.5,34.2,111.2,2026-07-29,Best 3 event points / 24 months (2026 transition),https://docs.google.com/spreadsheets/d/1QUC-uIv1XtL4CzannKggdOIoKE8iTgYNjoTfTDdRGok/gviz/tq?tqx=out:csv&sheet=CNR%20W
Lead,Women,Lead_Women,2,CAIYA TAYLOR-AINSLIE,31.6,28.1,26.6,86.3,2026-07-29,Best 3 event points / 24 months (2026 transition),https://docs.google.com/spreadsheets/d/1QUC-uIv1XtL4CzannKggdOIoKE8iTgYNjoTfTDdRGok/gviz/tq?tqx=out:csv&sheet=CNR%20W
Lead,Women,Lead_Women,3,RILEY DOHERTY,27.5,27.4,24.2,79.1,2026-07-29,Best 3 event points / 24 months (2026 transition),https://docs.google.com/spreadsheets/d/1QUC-uIv1XtL4CzannKggdOIoKE8iTgYNjoTfTDdRGok/gviz/tq?tqx=out:csv&sheet=CNR%20W
Lead,Women,Lead_Women,4,SIENNA CHOW,29.7,28.9,15.7,74.3,2026-07-29,Best 3 event points / 24 months (2026 transition),https://docs.google.com/spreadsheets/d/1QUC-uIv1XtL4CzannKggdOIoKE8iTgYNjoTfTDdRGok/gviz/tq?tqx=out:csv&sheet=CNR%20W
Lead,Women,Lead_Women,5,INDIANA CHAPMAN,24.8,24.0,21.0,69.8,2026-07-29,Best 3 event points / 24 months (2026 transition),https://docs.google.com/spreadsheets/d/1QUC-uIv1XtL4CzannKggdOIoKE8iTgYNjoTfTDdRGok/gviz/tq?tqx=out:csv&sheet=CNR%20W
Lead,Women,Lead_Women,6,CEDAR HENDRY,25.1,21.0,20.8,66.9,2026-07-29,Best 3 event points / 24 months (2026 transition),https://docs.google.com/spreadsheets/d/1QUC-uIv1XtL4CzannKggdOIoKE8iTgYNjoTfTDdRGok/gviz/tq?tqx=out:csv&sheet=CNR%20W
Lead,Women,Lead_Women,7,GRACE KAM,32.5,18.7,15.4,66.6,2026-07-29,Best 3 event points / 24 months (2026 transition),https://docs.google.com/spreadsheets/d/1QUC-uIv1XtL4CzannKggdOIoKE8iTgYNjoTfTDdRGok/gviz/tq?tqx=out:csv&sheet=CNR%20W
Lead,Women,Lead_Women,8,JENICE MA,21.8,19.4,19.1,60.3,2026-07-29,Best 3 event points / 24 months (2026 transition),https://docs.google.com/spreadsheets/d/1QUC-uIv1XtL4CzannKggdOIoKE8iTgYNjoTfTDdRGok/gviz/tq?tqx=out:csv&sheet=CNR%20W
Lead,Women,Lead_Women,9,MORGAN SCHMITTER,25.8,16.4,12.5,54.7,2026-07-29,Best 3 event points / 24 months (2026 transition),https://docs.google.com/spreadsheets/d/1QUC-uIv1XtL4CzannKggdOIoKE8iTgYNjoTfTDdRGok/gviz/tq?tqx=out:csv&sheet=CNR%20W
Lead,Women,Lead_Women,10,EVANGELINA BRIGGS,29.8,24.0,,53.8,2026-07-29,Best 3 event points / 24 months (2026 transition),https://docs.google.com/spreadsheets/d/1QUC-uIv1XtL4CzannKggdOIoKE8iTgYNjoTfTDdRGok/gviz/tq?tqx=out:csv&sheet=CNR%20W
Lead,Women,Lead_Women,11,SASHA DUCHENE,21.8,15.9,10.2,47.9,2026-07-29,Best 3 event points / 24 months (2026 transition),https://docs.google.com/spreadsheets/d/1QUC-uIv1XtL4CzannKggdOIoKE8iTgYNjoTfTDdRGok/gviz/tq?tqx=out:csv&sheet=CNR%20W
Lead,Women,Lead_Women,12,BROOKE WHITE,26.3,14.1,5.2,45.6,2026-07-29,Best 3 event points / 24 months (2026 transition),https://docs.google.com/spreadsheets/d/1QUC-uIv1XtL4CzannKggdOIoKE8iTgYNjoTfTDdRGok/gviz/tq?tqx=out:csv&sheet=CNR%20W
Lead,Women,Lead_Women,13,MOLLY DREHER,35.9,4.8,0.0,40.7,2026-07-29,Best 3 event points / 24 months (2026 transition),https://docs.google.com/spreadsheets/d/1QUC-uIv1XtL4CzannKggdOIoKE8iTgYNjoTfTDdRGok/gviz/tq?tqx=out:csv&sheet=CNR%20W
Lead,Women,Lead_Women,14,AMARI BOURBONNAIS,17.3,15.3,5.0,37.6,2026-07-29,Best 3 event points / 24 months (2026 transition),https://docs.google.com/spreadsheets/d/1QUC-uIv1XtL4CzannKggdOIoKE8iTgYNjoTfTDdRGok/gviz/tq?tqx=out:csv&sheet=CNR%20W
Lead,Women,Lead_Women,15,JACQUELINE HO,27.5,5.0,,32.5,2026-07-29,Best 3 event points / 24 months (2026 transition),https://docs.google.com/spreadsheets/d/1QUC-uIv1XtL4CzannKggdOIoKE8iTgYNjoTfTDdRGok/gviz/tq?tqx=out:csv&sheet=CNR%20W
Lead,Women,Lead_Women,16,AVERY MACDONALD,23.0,5.0,0.0,28.0,2026-07-29,Best 3 event points / 24 months (2026 transition),https://docs.google.com/spreadsheets/d/1QUC-uIv1XtL4CzannKggdOIoKE8iTgYNjoTfTDdRGok/gviz/tq?tqx=out:csv&sheet=CNR%20W
Lead,Women,Lead_Women,17,BABETTE ROY,26.9,,,26.9,2026-07-29,Best 3 event points / 24 months (2026 transition),https://docs.google.com/spreadsheets/d/1QUC-uIv1XtL4CzannKggdOIoKE8iTgYNjoTfTDdRGok/gviz/tq?tqx=out:csv&sheet=CNR%20W
Lead,Women,Lead_Women,18,CHLOE EARLE,21.8,,,21.8,2026-07-29,Best 3 event points / 24 months (2026 transition),https://docs.google.com/spreadsheets/d/1QUC-uIv1XtL4CzannKggdOIoKE8iTgYNjoTfTDdRGok/gviz/tq?tqx=out:csv&sheet=CNR%20W
Lead,Women,Lead_Women,19,ALICE BELANGER,14.4,5.2,0.0,19.6,2026-07-29,Best 3 event points / 24 months (2026 transition),https://docs.google.com/spreadsheets/d/1QUC-uIv1XtL4CzannKggdOIoKE8iTgYNjoTfTDdRGok/gviz/tq?tqx=out:csv&sheet=CNR%20W
Lead,Women,Lead_Women,20,MARIE-ANDRÉE ROY,19.6,,,19.6,2026-07-29,Best 3 event points / 24 months (2026 transition),https://docs.google.com/spreadsheets/d/1QUC-uIv1XtL4CzannKggdOIoKE8iTgYNjoTfTDdRGok/gviz/tq?tqx=out:csv&sheet=CNR%20W
Lead,Women,Lead_Women,21,GRACE BOWLES,17.2,,,17.2,2026-07-29,Best 3 event points / 24 months (2026 transition),https://docs.google.com/spreadsheets/d/1QUC-uIv1XtL4CzannKggdOIoKE8iTgYNjoTfTDdRGok/gviz/tq?tqx=out:csv&sheet=CNR%20W
Lead,Women,Lead_Women,22,WAI CHING ASHLEY KAM,10.4,0.0,,10.4,2026-07-29,Best 3 event points / 24 months (2026 transition),https://docs.google.com/spreadsheets/d/1QUC-uIv1XtL4CzannKggdOIoKE8iTgYNjoTfTDdRGok/gviz/tq?tqx=out:csv&sheet=CNR%20W
Lead,Women,Lead_Women,23,ANNA ROSVOLD,5.1,,,5.1,2026-07-29,Best 3 event points / 24 months (2026 transition),https://docs.google.com/spreadsheets/d/1QUC-uIv1XtL4CzannKggdOIoKE8iTgYNjoTfTDdRGok/gviz/tq?tqx=out:csv&sheet=CNR%20W
Lead,Women,Lead_Women,23,TIENNA TAI,5.1,,,5.1,2026-07-29,Best 3 event points / 24 months (2026 transition),https://docs.google.com/spreadsheets/d/1QUC-uIv1XtL4CzannKggdOIoKE8iTgYNjoTfTDdRGok/gviz/tq?tqx=out:csv&sheet=CNR%20W
Lead,Women,Lead_Women,23,LANA SLIPICEVIC,5.1,,,5.1,2026-07-29,Best 3 event points / 24 months (2026 transition),https://docs.google.com/spreadsheets/d/1QUC-uIv1XtL4CzannKggdOIoKE8iTgYNjoTfTDdRGok/gviz/tq?tqx=out:csv&sheet=CNR%20W
Lead,Women,Lead_Women,23,JORDYN SCAROLA,5.1,,,5.1,2026-07-29,Best 3 event points / 24 months (2026 transition),https://docs.google.com/spreadsheets/d/1QUC-uIv1XtL4CzannKggdOIoKE8iTgYNjoTfTDdRGok/gviz/tq?tqx=out:csv&sheet=CNR%20W
Lead,Women,Lead_Women,23,SARAH GATOTOS,5.1,,,5.1,2026-07-29,Best 3 event points / 24 months (2026 transition),https://docs.google.com/spreadsheets/d/1QUC-uIv1XtL4CzannKggdOIoKE8iTgYNjoTfTDdRGok/gviz/tq?tqx=out:csv&sheet=CNR%20W
Lead,Women,Lead_Women,23,IMALIE PILOTE-JETTÉ,5.1,,,5.1,2026-07-29,Best 3 event points / 24 months (2026 transition),https://docs.google.com/spreadsheets/d/1QUC-uIv1XtL4CzannKggdOIoKE8iTgYNjoTfTDdRGok/gviz/tq?tqx=out:csv&sheet=CNR%20W
Lead,Women,Lead_Women,29,SOFIA SMALE,5.0,,,5.0,2026-07-29,Best 3 event points / 24 months (2026 transition),https://docs.google.com/spreadsheets/d/1QUC-uIv1XtL4CzannKggdOIoKE8iTgYNjoTfTDdRGok/gviz/tq?tqx=out:csv&sheet=CNR%20W
Lead,Women,Lead_Women,29,JORJA BLUMES,5.0,0.0,0.0,5.0,2026-07-29,Best 3 event points / 24 months (2026 transition),https://docs.google.com/spreadsheets/d/1QUC-uIv1XtL4CzannKggdOIoKE8iTgYNjoTfTDdRGok/gviz/tq?tqx=out:csv&sheet=CNR%20W
Lead,Women,Lead_Women,29,ANNABELLE MCDONALD,5.0,,,5.0,2026-07-29,Best 3 event points / 24 months (2026 transition),https://docs.google.com/spreadsheets/d/1QUC-uIv1XtL4CzannKggdOIoKE8iTgYNjoTfTDdRGok/gviz/tq?tqx=out:csv&sheet=CNR%20W
Lead,Women,Lead_Women,29,MAVIS MAHALLATI,5.0,0.0,0.0,5.0,2026-07-29,Best 3 event points / 24 months (2026 transition),https://docs.google.com/spreadsheets/d/1QUC-uIv1XtL4CzannKggdOIoKE8iTgYNjoTfTDdRGok/gviz/tq?tqx=out:csv&sheet=CNR%20W
Lead,Women,Lead_Women,29,YUXI LI,5.0,,,5.0,2026-07-29,Best 3 event points / 24 months (2026 transition),https://docs.google.com/spreadsheets/d/1QUC-uIv1XtL4CzannKggdOIoKE8iTgYNjoTfTDdRGok/gviz/tq?tqx=out:csv&sheet=CNR%20W
Lead,Women,Lead_Women,34,SOPHIA HSU,4.8,,,4.8,2026-07-29,Best 3 event points / 24 months (2026 transition),https://docs.google.com/spreadsheets/d/1QUC-uIv1XtL4CzannKggdOIoKE8iTgYNjoTfTDdRGok/gviz/tq?tqx=out:csv&sheet=CNR%20W
Lead,Women,Lead_Women,35,MIA LAPRISE,4.3,,,4.3,2026-07-29,Best 3 event points / 24 months (2026 transition),https://docs.google.com/spreadsheets/d/1QUC-uIv1XtL4CzannKggdOIoKE8iTgYNjoTfTDdRGok/gviz/tq?tqx=out:csv&sheet=CNR%20W
Lead,Women,Lead_Women,35,SOPHIA BADA,4.3,,,4.3,2026-07-29,Best 3 event points / 24 months (2026 transition),https://docs.google.com/spreadsheets/d/1QUC-uIv1XtL4CzannKggdOIoKE8iTgYNjoTfTDdRGok/gviz/tq?tqx=out:csv&sheet=CNR%20W
Speed,Men,Speed_Men,1,ETHAN PITCHER,5.174,5.232,5.26,5.222,2026-07-29,Average best 3 times,https://docs.google.com/spreadsheets/d/1xoKsFV9f2CQBezinoIoPYhozoxwhTrIiqkAQCyg_Bts/gviz/tq?tqx=out:csv&sheet=CNR%20M
Speed,Men,Speed_Men,2,ALEXANDER KOVATS,5.34,5.372,5.43,5.381,2026-07-29,Average best 3 times,https://docs.google.com/spreadsheets/d/1xoKsFV9f2CQBezinoIoPYhozoxwhTrIiqkAQCyg_Bts/gviz/tq?tqx=out:csv&sheet=CNR%20M
Speed,Men,Speed_Men,3,DYLAN LE,5.4,5.41,5.45,5.42,2026-07-29,Average best 3 times,https://docs.google.com/spreadsheets/d/1xoKsFV9f2CQBezinoIoPYhozoxwhTrIiqkAQCyg_Bts/gviz/tq?tqx=out:csv&sheet=CNR%20M
Speed,Men,Speed_Men,4,BRUCE KONG,5.65,5.65,5.68,5.66,2026-07-29,Average best 3 times,https://docs.google.com/spreadsheets/d/1xoKsFV9f2CQBezinoIoPYhozoxwhTrIiqkAQCyg_Bts/gviz/tq?tqx=out:csv&sheet=CNR%20M
Speed,Men,Speed_Men,5,ADRIEN LEVESQUE,5.69,5.7,5.75,5.713,2026-07-29,Average best 3 times,https://docs.google.com/spreadsheets/d/1xoKsFV9f2CQBezinoIoPYhozoxwhTrIiqkAQCyg_Bts/gviz/tq?tqx=out:csv&sheet=CNR%20M
Speed,Men,Speed_Men,6,BRAEDEN BOSSERT,5.73,5.73,5.83,5.763,2026-07-29,Average best 3 times,https://docs.google.com/spreadsheets/d/1xoKsFV9f2CQBezinoIoPYhozoxwhTrIiqkAQCyg_Bts/gviz/tq?tqx=out:csv&sheet=CNR%20M
Speed,Men,Speed_Men,7,JACK WHITNEY,5.85,5.98,6.08,5.97,2026-07-29,Average best 3 times,https://docs.google.com/spreadsheets/d/1xoKsFV9f2CQBezinoIoPYhozoxwhTrIiqkAQCyg_Bts/gviz/tq?tqx=out:csv&sheet=CNR%20M
Speed,Men,Speed_Men,8,TOBY BOSSERT,6.11,6.222,6.398,6.243,2026-07-29,Average best 3 times,https://docs.google.com/spreadsheets/d/1xoKsFV9f2CQBezinoIoPYhozoxwhTrIiqkAQCyg_Bts/gviz/tq?tqx=out:csv&sheet=CNR%20M
Speed,Men,Speed_Men,9,SIMON TRAN,5.97,6.2,6.61,6.26,2026-07-29,Average best 3 times,https://docs.google.com/spreadsheets/d/1xoKsFV9f2CQBezinoIoPYhozoxwhTrIiqkAQCyg_Bts/gviz/tq?tqx=out:csv&sheet=CNR%20M
Speed,Men,Speed_Men,10,ZACHARY ZHAO,6.185,6.29,6.34,6.272,2026-07-29,Average best 3 times,https://docs.google.com/spreadsheets/d/1xoKsFV9f2CQBezinoIoPYhozoxwhTrIiqkAQCyg_Bts/gviz/tq?tqx=out:csv&sheet=CNR%20M
Speed,Men,Speed_Men,11,LUCAS PETERS,5.92,6.73,7.47,6.707,2026-07-29,Average best 3 times,https://docs.google.com/spreadsheets/d/1xoKsFV9f2CQBezinoIoPYhozoxwhTrIiqkAQCyg_Bts/gviz/tq?tqx=out:csv&sheet=CNR%20M
Speed,Men,Speed_Men,12,GEOFF ARROWSMITH,6.57,6.59,7.02,6.727,2026-07-29,Average best 3 times,https://docs.google.com/spreadsheets/d/1xoKsFV9f2CQBezinoIoPYhozoxwhTrIiqkAQCyg_Bts/gviz/tq?tqx=out:csv&sheet=CNR%20M
Speed,Men,Speed_Men,13,DAVID CHOI,6.39,6.59,8.09,7.023,2026-07-29,Average best 3 times,https://docs.google.com/spreadsheets/d/1xoKsFV9f2CQBezinoIoPYhozoxwhTrIiqkAQCyg_Bts/gviz/tq?tqx=out:csv&sheet=CNR%20M
Speed,Men,Speed_Men,14,NATE CORSI,7.27,7.42,8.04,7.577,2026-07-29,Average best 3 times,https://docs.google.com/spreadsheets/d/1xoKsFV9f2CQBezinoIoPYhozoxwhTrIiqkAQCyg_Bts/gviz/tq?tqx=out:csv&sheet=CNR%20M
Speed,Men,Speed_Men,15,NICHOLAS HSU,6.932,6.962,9.01,7.635,2026-07-29,Average best 3 times,https://docs.google.com/spreadsheets/d/1xoKsFV9f2CQBezinoIoPYhozoxwhTrIiqkAQCyg_Bts/gviz/tq?tqx=out:csv&sheet=CNR%20M
Speed,Men,Speed_Men,16,DAVID GAO,7.49,7.72,8.04,7.75,2026-07-29,Average best 3 times,https://docs.google.com/spreadsheets/d/1xoKsFV9f2CQBezinoIoPYhozoxwhTrIiqkAQCyg_Bts/gviz/tq?tqx=out:csv&sheet=CNR%20M
Speed,Men,Speed_Men,17,LIAM KLETTKE,6.76,6.93,10.45,8.047,2026-07-29,Average best 3 times,https://docs.google.com/spreadsheets/d/1xoKsFV9f2CQBezinoIoPYhozoxwhTrIiqkAQCyg_Bts/gviz/tq?tqx=out:csv&sheet=CNR%20M
Speed,Men,Speed_Men,18,LUDOVIC LABESSE,8.02,8.06,10.22,8.767,2026-07-29,Average best 3 times,https://docs.google.com/spreadsheets/d/1xoKsFV9f2CQBezinoIoPYhozoxwhTrIiqkAQCyg_Bts/gviz/tq?tqx=out:csv&sheet=CNR%20M
Speed,Women,Speed_Women,1,AVERY MACDONALD,7.819,7.82,7.87,7.836,2026-07-29,Average best 3 times,https://docs.google.com/spreadsheets/d/1xoKsFV9f2CQBezinoIoPYhozoxwhTrIiqkAQCyg_Bts/gviz/tq?tqx=out:csv&sheet=CNR%20W
Speed,Women,Speed_Women,2,ELISE VILLENEUVE,7.97,8.115,8.27,8.118,2026-07-29,Average best 3 times,https://docs.google.com/spreadsheets/d/1xoKsFV9f2CQBezinoIoPYhozoxwhTrIiqkAQCyg_Bts/gviz/tq?tqx=out:csv&sheet=CNR%20W
Speed,Women,Speed_Women,3,SIENNA CHOW,8.03,8.09,8.251,8.124,2026-07-29,Average best 3 times,https://docs.google.com/spreadsheets/d/1xoKsFV9f2CQBezinoIoPYhozoxwhTrIiqkAQCyg_Bts/gviz/tq?tqx=out:csv&sheet=CNR%20W
Speed,Women,Speed_Women,4,ALEYA MORIN,8.188,8.193,8.28,8.22,2026-07-29,Average best 3 times,https://docs.google.com/spreadsheets/d/1xoKsFV9f2CQBezinoIoPYhozoxwhTrIiqkAQCyg_Bts/gviz/tq?tqx=out:csv&sheet=CNR%20W
Speed,Women,Speed_Women,5,NATALIE HSU,8.61,9.01,9.031,8.884,2026-07-29,Average best 3 times,https://docs.google.com/spreadsheets/d/1xoKsFV9f2CQBezinoIoPYhozoxwhTrIiqkAQCyg_Bts/gviz/tq?tqx=out:csv&sheet=CNR%20W
Speed,Women,Speed_Women,6,WAI CHING ASHLEY KAM,8.922,8.931,8.97,8.941,2026-07-29,Average best 3 times,https://docs.google.com/spreadsheets/d/1xoKsFV9f2CQBezinoIoPYhozoxwhTrIiqkAQCyg_Bts/gviz/tq?tqx=out:csv&sheet=CNR%20W
Speed,Women,Speed_Women,7,ANABELLE GONTHIER,9.412,9.499,9.642,9.518,2026-07-29,Average best 3 times,https://docs.google.com/spreadsheets/d/1xoKsFV9f2CQBezinoIoPYhozoxwhTrIiqkAQCyg_Bts/gviz/tq?tqx=out:csv&sheet=CNR%20W
Speed,Women,Speed_Women,8,IYLA BEHRNS,9.469,9.66,9.75,9.626,2026-07-29,Average best 3 times,https://docs.google.com/spreadsheets/d/1xoKsFV9f2CQBezinoIoPYhozoxwhTrIiqkAQCyg_Bts/gviz/tq?tqx=out:csv&sheet=CNR%20W
Speed,Women,Speed_Women,9,HAYLEY SCHAEFER,9.63,10.06,10.117,9.936,2026-07-29,Average best 3 times,https://docs.google.com/spreadsheets/d/1xoKsFV9f2CQBezinoIoPYhozoxwhTrIiqkAQCyg_Bts/gviz/tq?tqx=out:csv&sheet=CNR%20W
