snapshot_date,pool,cycle_phase,rank40_points,rank40_global_elo,median_top40_global_elo,ranked_athletes,events_365
1999-07-10,Boulder_Men,Early cycle,63.0,1595.045027445129,1847.3318046581421,53,2
1999-07-16,Boulder_Men,Early cycle,130.0,1559.7087332126175,1866.8644310099248,77,3
1999-07-16,Boulder_Women,Early cycle,81.5,1504.7731837444394,1822.2878325018564,49,3
1999-07-30,Boulder_Men,Early cycle,205.0,1635.5848869947122,1880.0433991314653,94,4
1999-07-30,Boulder_Women,Early cycle,120.0,1688.0825064856629,1836.247809885862,58,4
1999-08-12,Boulder_Men,Early cycle,226.0,1747.1718678789375,1879.1878646229666,99,5
1999-08-12,Boulder_Women,Early cycle,205.0,1840.3372065492451,1830.75685182717,59,5
1999-08-27,Boulder_Men,Early cycle,242.5,1752.863522551332,1870.0498724856184,119,6
1999-08-27,Boulder_Women,Early cycle,225.0,1594.2613537383586,1842.4994246964702,75,6
2000-05-26,Boulder_Men,Early cycle,260.0,1841.6951692706834,1880.597402438099,128,7
2000-05-26,Boulder_Women,Early cycle,350.0,1762.8532797245682,1829.2818897895,82,7
2000-05-31,Boulder_Men,Early cycle,283.0,1625.7747100569063,1906.8525635237768,151,8
2000-05-31,Boulder_Women,Early cycle,380.0,2163.9119482790984,1863.365127488714,93,8
2000-07-11,Boulder_Men,Early cycle,260.0,1841.6951692706834,1922.0394985950622,170,7
2000-07-11,Boulder_Women,Early cycle,325.0,2029.377453190329,1874.6644068764506,107,7
2000-08-03,Boulder_Men,Early cycle,233.0,1614.9507089498525,1919.1822473581951,158,6
2000-08-03,Boulder_Women,Early cycle,335.0,1649.1393093160934,1893.9065065402033,103,6
2000-08-31,Boulder_Men,Early cycle,216.5,1794.6654944150075,1895.0074479407672,133,5
2000-08-31,Boulder_Women,Early cycle,280.0,1832.901702154939,1867.2441247932447,82,5
2000-09-15,Boulder_Men,Early cycle,240.0,1700.5485154187222,1911.7449570485687,137,6
2000-09-15,Boulder_Women,Early cycle,280.0,1561.6612209296327,1882.4478363920364,86,6
2001-06-29,Boulder_Men,Early cycle,260.0,1998.3268387754429,1913.02705676825,136,5
2001-06-29,Boulder_Women,Early cycle,220.0,1592.6706868966971,1900.6895718717324,81,5
2001-07-11,Boulder_Men,Early cycle,292.0,1888.1707485621248,1903.372500874328,153,6
2001-07-11,Boulder_Women,Early cycle,290.0,1736.04697694867,1899.105244288874,94,6
2001-07-21,Boulder_Men,Early cycle,305.0,1849.801360817033,1934.3981910656466,139,6
2001-07-21,Boulder_Women,Early cycle,279.0,1679.54202307664,1890.4647732085307,79,6
2001-08-31,Boulder_Men,Early cycle,305.0,1849.801360817033,1891.9313581093206,128,6
2001-08-31,Boulder_Women,Early cycle,280.0,1758.235581900505,1881.90009449119,76,6
2001-09-05,Boulder_Men,Early cycle,334.5,1762.797263020672,1906.9828338397665,128,6
2001-09-05,Boulder_Women,Early cycle,257.0,1773.0380023023306,1890.1621764514157,76,6
2001-12-06,Boulder_Men,Early cycle,305.0,1915.8393884320262,1955.2949020308188,134,6
2001-12-06,Boulder_Women,Early cycle,240.0,1448.424508040272,1888.8149958698727,79,6
2002-06-13,Boulder_Men,Early cycle,378.0,1897.4374774680846,1956.7874622267973,144,7
2002-06-13,Boulder_Women,Early cycle,280.0,1890.687906010522,1889.1427264940946,89,7
2002-06-25,Boulder_Men,Early cycle,421.0,1721.676064636979,1943.7247198073999,158,8
2002-06-25,Boulder_Women,Early cycle,300.0,1721.3296723940527,1873.9912523471808,95,8
2002-09-13,Boulder_Men,Early cycle,185.5,1887.2262037320631,1957.756099071157,98,4
2002-09-13,Boulder_Women,Early cycle,205.0,1761.0983149522117,1866.7354729104263,67,4
2003-05-30,Boulder_Men,Early cycle,205.0,1734.028521270106,1914.0780410065358,91,4
2003-05-30,Boulder_Women,Early cycle,185.0,1689.069652444722,1858.3204178890767,57,4
2003-06-13,Boulder_Men,Early cycle,243.5,1456.8128844776475,1916.8750264642636,99,5
2003-06-13,Boulder_Women,Early cycle,205.0,1828.157297306206,1867.2327951358366,65,5
2003-06-24,Boulder_Men,Early cycle,260.0,1861.5043815984668,1916.736674967824,103,5
2003-06-24,Boulder_Women,Early cycle,205.0,1865.2552912389426,1875.4112004615329,66,5
2003-07-24,Boulder_Men,Early cycle,258.5,1711.288021083101,1927.383402788028,101,5
2003-07-24,Boulder_Women,Early cycle,205.0,1895.3920262782365,1906.5908365403748,67,5
2003-09-11,Boulder_Men,Early cycle,293.0,1881.3644304805248,1910.013300231219,105,6
2003-09-11,Boulder_Women,Early cycle,220.0,1884.9071499201118,1910.4011731967312,70,6
2003-12-04,Boulder_Men,Early cycle,293.0,1881.3644304805248,1919.085298324511,109,6
2003-12-04,Boulder_Women,Early cycle,240.0,1420.3472218602042,1890.518499733088,71,6
2004-04-02,Boulder_Men,Early cycle,338.0,1517.0391146731329,1907.878822640547,120,7
2004-04-02,Boulder_Women,Early cycle,280.0,1615.7279340218045,1903.7620033555863,75,7
2004-04-15,Boulder_Men,Early cycle,415.0,2148.6280099093447,1926.9706760732572,132,8
2004-04-15,Boulder_Women,Early cycle,315.0,1699.3203699972182,1920.8539035013318,81,8
2004-06-18,Boulder_Men,Early cycle,390.0,1773.6653010799935,1937.7122565250743,129,7
2004-06-18,Boulder_Women,Early cycle,303.33,1492.4382174854884,1870.8724730876484,76,7
2004-07-28,Boulder_Men,Early cycle,300.0,1791.3390992268378,1948.5180487324321,114,6
2004-07-28,Boulder_Women,Early cycle,300.0,1816.5413938684414,1855.8626061811087,61,6
2004-08-19,Boulder_Men,Early cycle,361.85,1711.0102837081783,1928.085960558884,120,7
2004-08-19,Boulder_Women,Early cycle,325.0,1819.9247130986512,1868.6707078297504,66,7
2004-09-24,Boulder_Men,Early cycle,357.0,1756.756277037315,1928.085960558884,133,7
2004-09-24,Boulder_Women,Early cycle,307.33,1520.8493208286716,1868.6707078297504,80,7
2005-03-18,Boulder_Men,Early cycle,323.0,1934.677023695605,1938.5660545544415,137,7
2005-03-18,Boulder_Women,Early cycle,260.0,1605.4559111979688,1890.3466445125355,83,7
2005-04-08,Boulder_Men,Early cycle,297.0,1845.010275672768,1943.8654419376257,154,7
2005-04-08,Boulder_Women,Early cycle,299.0,1534.6853637525721,1931.6061992763634,93,7
2005-06-16,Boulder_Men,Early cycle,296.0,1945.2757984619739,1939.9831246819613,159,7
2005-06-16,Boulder_Women,Early cycle,260.0,1759.182742548479,1943.3919471034726,97,7
2005-07-01,Boulder_Men,Early cycle,325.0,1896.6191172761635,1942.5252838930041,204,7
2005-07-01,Boulder_Women,Early cycle,300.0,2131.1364045443597,1947.7821326517305,122,7
2005-09-29,Boulder_Men,Early cycle,270.0,2039.6022176758415,1966.5975549251593,177,5
2005-09-29,Boulder_Women,Early cycle,250.0,1761.6020432256375,1948.7901882804051,108,5
2006-03-17,Boulder_Men,Early cycle,280.0,1787.2600869896082,1940.4976217311,187,6
2006-03-17,Boulder_Women,Early cycle,300.0,2131.1364045443597,1934.8966195671696,112,6
2006-04-21,Boulder_Men,Early cycle,225.0,1961.167875442983,1965.3135272335198,164,5
2006-04-21,Boulder_Women,Early cycle,300.0,1947.176571360413,1940.9369207103746,100,5
2006-05-12,Boulder_Men,Early cycle,307.5,2011.2189275159337,1951.3752575415924,177,6
2006-05-12,Boulder_Women,Early cycle,380.0,1769.6711130446429,1949.4949420883459,108,6
2006-06-09,Boulder_Men,Early cycle,330.0,1986.9700815519989,1954.3505946440082,181,7
2006-06-09,Boulder_Women,Early cycle,455.0,2119.9525472526993,1946.1715609049058,112,7
2006-06-16,Boulder_Men,Early cycle,418.33,1853.8849845620477,1944.090571201592,190,8
2006-06-16,Boulder_Women,Early cycle,505.0,2034.9914625184097,1962.270947712142,121,8
2006-06-22,Boulder_Men,Early cycle,491.33,1857.6251852636665,1946.2163119748923,190,8
2006-06-22,Boulder_Women,Early cycle,441.0,1485.0583023632385,1949.4467263935117,125,8
2006-11-02,Boulder_Men,Early cycle,341.0,1744.4969210233355,1931.1462008090375,142,7
2006-11-02,Boulder_Women,Early cycle,277.0,1689.4709400383551,1909.3086304840392,85,7
2007-03-30,Boulder_Men,Early cycle,405.0,1741.3631321367227,1931.1497330358316,143,7
2007-03-30,Boulder_Women,Early cycle,267.0,1565.5745985519263,1911.0264251667045,87,7
2007-04-20,Boulder_Men,Early cycle,461.0,1846.2693033902817,1933.9120971115847,158,8
2007-04-20,Boulder_Women,Early cycle,312.5,1867.9039180033174,1907.075112038813,94,8
2007-04-27,Boulder_Men,Early cycle,452.0,1828.9651762941644,1939.9123133391142,156,8
2007-04-27,Boulder_Women,Early cycle,335.0,1982.9837770218253,1932.663772635401,95,8
2007-05-04,Boulder_Men,Early cycle,455.0,1747.6118982201672,1946.4814869570803,160,9
2007-05-04,Boulder_Women,Early cycle,380.0,1823.2194792708967,1908.3408624365643,96,9
2007-06-08,Boulder_Men,Early cycle,546.0,1924.7938941221591,1957.3371174940512,161,9
2007-06-08,Boulder_Women,Early cycle,387.0,1576.3286488561828,1875.3797640815362,100,9
2007-06-22,Boulder_Men,Early cycle,436.0,1785.2290307477545,1957.2988440014833,150,8
2007-06-22,Boulder_Women,Early cycle,355.0,1590.1481503552707,1906.7507380352386,88,8
2007-09-17,Boulder_Men,Early cycle,505.5,1661.122550076799,1959.009624025385,214,8
2007-09-17,Boulder_Women,Early cycle,370.0,1859.408343595685,1898.3740465223536,114,8
2007-11-09,Boulder_Men,Early cycle,545.0,1955.66448363033,1963.5008193609356,215,8
2007-11-09,Boulder_Women,Early cycle,415.0,1689.6548658488368,1907.7530447754098,116,8
2008-04-18,Boulder_Men,Early cycle,604.33,1810.860649207915,1978.5364008291524,224,8
2008-04-18,Boulder_Women,Early cycle,404.65999999999997,1754.7837773318734,1899.5418864727644,126,8
2008-05-02,Boulder_Men,Early cycle,501.0,1852.0246956014723,1969.9167016645529,212,7
2008-05-02,Boulder_Women,Early cycle,380.0,1726.3540274712302,1899.5418864727644,123,7
2008-05-30,Boulder_Men,Early cycle,533.0,1874.4403675253207,1971.6397332816728,215,7
2008-05-30,Boulder_Women,Early cycle,445.0,1921.7609914831805,1910.4339026253565,124,7
2008-06-06,Boulder_Men,Early cycle,631.66,2019.8268668479707,1981.267030359967,235,8
2008-06-06,Boulder_Women,Early cycle,464.65999999999997,1846.4047303269092,1952.1294172854646,146,8
2008-06-13,Boulder_Men,Early cycle,614.16,1993.4586374394373,1989.7862948944503,237,8
2008-06-13,Boulder_Women,Early cycle,455.0,2108.892351098142,1942.429343017224,144,8
2008-07-04,Boulder_Men,Early cycle,533.5,1861.6100867033726,1956.7366466027327,243,8
2008-07-04,Boulder_Women,Early cycle,451.5,1813.9686273444381,1938.3286937547714,146,8
2008-10-31,Boulder_Men,Early cycle,533.5,1861.6100867033726,1965.885949199995,196,8
2008-10-31,Boulder_Women,Early cycle,425.0,1829.744650737011,1950.4992881351825,120,8
2009-04-11,Boulder_Men,Early cycle,580.0,1901.1969888199058,1966.1245969978254,191,8
2009-04-11,Boulder_Women,Early cycle,472.15999999999997,1844.7712481770295,1939.74855872116,123,8
2009-05-01,Boulder_Men,Early cycle,613.0,1877.6376844964705,1956.3890634537547,204,8
2009-05-01,Boulder_Women,Early cycle,510.0,1736.544350876774,1934.3271107159433,130,8
2009-05-29,Boulder_Men,Early cycle,690.0,2080.945068595338,1964.5371110009482,215,8
2009-05-29,Boulder_Women,Early cycle,483.33000000000004,1726.5611482542247,1933.6362044639739,134,8
2009-06-05,Boulder_Men,Early cycle,643.49,1984.2544467289893,1964.5371110009482,217,8
2009-06-05,Boulder_Women,Early cycle,410.0,1904.8828280131704,1916.2143615833072,139,8
2009-06-12,Boulder_Men,Early cycle,646.25,1953.8041632463699,1949.670470326008,213,8
2009-06-12,Boulder_Women,Early cycle,415.0,1949.06173554029,1897.0187709081106,134,8
2009-06-30,Boulder_Men,Early cycle,705.0,1603.236722179908,1928.465185867673,224,8
2009-06-30,Boulder_Women,Early cycle,483.33000000000004,1726.5611482542247,1897.4661577036832,142,8
2010-05-14,Boulder_Men,Early cycle,463.0,2027.714657286108,1927.3923627114,183,5
2010-05-14,Boulder_Women,Early cycle,395.0,1891.703212549779,1903.1027147273285,109,5
2010-05-28,Boulder_Men,Early cycle,557.41,1677.0628861234206,1928.6964801068616,198,6
2010-05-28,Boulder_Women,Early cycle,520.0,1768.6458405487024,1892.4049059788977,117,6
2010-06-04,Boulder_Men,Early cycle,546.66,1860.971933503987,1915.8307497141086,197,6
2010-06-04,Boulder_Women,Early cycle,415.0,1949.06173554029,1901.6549169013933,119,6
2010-06-17,Boulder_Men,Early cycle,461.65999999999997,1839.602855625062,1911.4883337823017,191,5
2010-06-17,Boulder_Women,Early cycle,326.65999999999997,1931.8281406584667,1908.9479598425535,108,5
2010-06-25,Boulder_Men,Early cycle,565.0,1867.9253825093974,1913.0699499501568,200,6
2010-06-25,Boulder_Women,Early cycle,348.5,1848.6874981877424,1910.1642609983173,114,6
2010-07-03,Boulder_Men,Early cycle,488.5,1593.7356702682496,1915.2888902810614,178,6
2010-07-03,Boulder_Women,Early cycle,348.5,1848.6874981877424,1905.908027173534,99,6
2010-07-16,Boulder_Men,Early cycle,490.0,1802.804271225806,1932.7906280278298,183,7
2010-07-16,Boulder_Women,Early cycle,359.5,1870.6580345363473,1901.5739037805934,102,7
2010-07-30,Boulder_Men,Early cycle,581.66,1891.8495189705543,1929.6007345718203,191,8
2010-07-30,Boulder_Women,Early cycle,412.98,1887.3570938765047,1899.23963922738,108,8
2011-04-14,Boulder_Men,Early cycle,770.75,1706.4667283048461,1933.817242367589,200,9
2011-04-14,Boulder_Women,Early cycle,495.5,1839.991737933771,1892.4550448908126,120,9
2011-05-07,Boulder_Men,Early cycle,834.33,1737.101681383079,1939.2975657398958,205,10
2011-05-07,Boulder_Women,Early cycle,504.5,1897.7073654098958,1899.790105743219,127,10
2011-05-13,Boulder_Men,Early cycle,939.45,1671.375152986394,1941.2942270315361,215,11
2011-05-13,Boulder_Women,Early cycle,657.16,1617.6250571726484,1903.188383570553,130,11
2011-05-27,Boulder_Men,Early cycle,847.66,1849.2111014409365,1929.1164929459,222,11
2011-05-27,Boulder_Women,Early cycle,527.5,1731.1201839244209,1903.188383570553,136,11
2011-06-03,Boulder_Men,Early cycle,823.66,1849.2111014409365,1936.2220300573022,220,11
2011-06-03,Boulder_Women,Early cycle,445.0,1785.6117728711904,1903.188383570553,143,11
2011-06-17,Boulder_Men,Early cycle,909.33,1715.5127478763786,1941.1986048580118,213,11
2011-06-17,Boulder_Women,Early cycle,475.5,1819.9660898046136,1905.2610629840037,138,11
2011-06-25,Boulder_Men,Early cycle,945.6800000000001,1840.2156716236766,1931.297322733075,198,11
2011-06-25,Boulder_Women,Early cycle,475.5,1819.9660898046136,1900.8284438882586,136,11
2011-07-02,Boulder_Men,Early cycle,902.48,1840.2156716236766,1928.9509488542826,196,11
2011-07-02,Boulder_Women,Early cycle,466.5,1891.7870778142806,1897.9869593488072,133,11
2011-07-15,Boulder_Men,Early cycle,925.9100000000001,1725.8836416369033,1911.068148673482,242,11
2011-07-15,Boulder_Women,Early cycle,560.0,1599.5470151749353,1900.208305560232,151,11
2011-08-19,Boulder_Men,Early cycle,925.9100000000001,1725.8836416369033,1893.9657391493824,228,10
2011-08-19,Boulder_Women,Early cycle,523.33,1905.709537308454,1900.208305560232,147,10
2012-04-13,Boulder_Men,Early cycle,926.49,1721.0450955157394,1907.03138963738,236,11
2012-04-13,Boulder_Women,Early cycle,527.58,1666.8155441246515,1896.3025249991952,150,11
2012-04-21,Boulder_Men,Early cycle,945.66,1610.258083051555,1922.6461161877573,253,11
2012-04-21,Boulder_Women,Early cycle,569.16,1793.3866074769614,1892.86856741994,154,11
2012-04-27,Boulder_Men,Early cycle,1140.32,1919.217645395101,1930.3027332985648,263,12
2012-04-27,Boulder_Women,Early cycle,707.16,1799.9312900863474,1897.1865197916263,158,12
2012-05-18,Boulder_Men,Early cycle,1033.33,1829.810805736148,1934.5753315529796,262,11
2012-05-18,Boulder_Women,Early cycle,585.8199999999999,1672.813456926439,1910.8281513494037,155,11
2012-06-01,Boulder_Men,Early cycle,1100.0,1941.3250965797215,1938.4555308471695,262,11
2012-06-01,Boulder_Women,Early cycle,551.66,1696.8712443993497,1910.8281513494037,163,11
2012-08-25,Boulder_Men,Early cycle,645.0,1941.3250965797215,1931.5772054560953,153,6
2012-08-25,Boulder_Women,Early cycle,369.5,1839.1346016415423,1904.21002386287,113,6
2012-09-12,Boulder_Men,Early cycle,723.5,1929.506850018139,1926.1493512289344,197,7
2012-09-12,Boulder_Women,Early cycle,471.66,1621.0543406632169,1912.7457923002116,133,7
2013-03-22,Boulder_Men,Early cycle,723.5,1929.506850018139,1920.1192624179496,206,8
2013-03-22,Boulder_Women,Early cycle,493.33000000000004,1723.8306552609542,1912.7457923002116,135,8
2013-04-05,Boulder_Men,Early cycle,757.91,1917.387364901355,1922.6160411684368,212,9
2013-04-05,Boulder_Women,Early cycle,494.5,1828.355016307703,1908.7509813692398,149,9
2013-04-26,Boulder_Men,Early cycle,660.16,1921.8562864860255,1909.1172793781411,212,8
2013-04-26,Boulder_Women,Early cycle,432.5,1675.397853275631,1911.8011031184128,154,8
2013-05-11,Boulder_Men,Early cycle,618.3199999999999,1816.2819517557484,1909.1232710990703,219,8
2013-05-11,Boulder_Women,Early cycle,444.25,1792.0949043076664,1910.480499059423,156,8
2013-05-17,Boulder_Men,Early cycle,713.33,1756.3012385405432,1907.9634068321918,223,9
2013-05-17,Boulder_Women,Early cycle,557.66,1963.5132842184005,1918.719370666535,162,9
2013-06-01,Boulder_Men,Early cycle,607.0,1906.9262970555085,1908.7629176463568,222,9
2013-06-01,Boulder_Women,Early cycle,528.33,1987.4871529209038,1911.846228046725,168,9
2013-06-07,Boulder_Men,Early cycle,618.3199999999999,1816.2819517557484,1906.214428521964,217,9
2013-06-07,Boulder_Women,Early cycle,536.75,1715.973202679563,1901.7535783167627,167,9
2013-08-24,Boulder_Men,Early cycle,682.49,1815.4315786220834,1892.4901635442757,231,10
2013-08-24,Boulder_Women,Early cycle,646.66,1888.2070900168262,1907.547846884117,175,10
2014-04-26,Boulder_Men,Early cycle,495.0,2014.2901914381937,1914.2627905934667,160,7
2014-04-26,Boulder_Women,Early cycle,507.90999999999997,1593.7348827812275,1894.5580345701774,146,7
2014-05-03,Boulder_Men,Early cycle,457.5,1911.1522348830206,1914.2627905934667,172,7
2014-05-03,Boulder_Women,Early cycle,403.33000000000004,2040.6087713219567,1887.3659945481581,156,7
2014-05-10,Boulder_Men,Early cycle,495.0,1845.8678755687781,1915.7841385025706,197,8
2014-05-10,Boulder_Women,Early cycle,517.5,1774.392235627246,1898.6743520989355,171,8
2014-05-16,Boulder_Men,Early cycle,581.6600000000001,2117.644913893375,1920.2791224616503,202,8
2014-05-16,Boulder_Women,Early cycle,524.66,1872.8419992799006,1904.8172113910814,170,8
2014-05-31,Boulder_Men,Early cycle,540.0,1850.2505409807386,1905.972378031682,198,8
2014-05-31,Boulder_Women,Early cycle,535.0,1759.5110493768611,1892.6320714598883,164,8
2014-06-06,Boulder_Men,Early cycle,496.65999999999997,1712.0670984432122,1897.3201954750048,204,8
2014-06-06,Boulder_Women,Early cycle,536.66,1832.542046325497,1907.6022428594124,167,8
2014-06-20,Boulder_Men,Early cycle,495.0,1845.8678755687781,1902.492361657406,200,8
2014-06-20,Boulder_Women,Early cycle,536.66,1832.542046325497,1903.452438696814,159,8
2014-06-27,Boulder_Men,Early cycle,580.0,1855.586375570927,1896.4980098979486,208,9
2014-06-27,Boulder_Women,Early cycle,628.32,1800.4994021531613,1897.2556262342252,161,9
2014-08-21,Boulder_Men,Early cycle,746.16,1742.5288335259488,1900.000450502286,233,10
2014-08-21,Boulder_Women,Early cycle,738.5,1728.742953305263,1901.3360352756745,177,10
2015-05-30,Boulder_Men,Early cycle,480.0,1846.4557425009025,1911.7302754720304,191,6
2015-05-30,Boulder_Women,Early cycle,337.5,1917.6784753356442,1891.8774855912113,147,6
2015-06-05,Boulder_Men,Early cycle,591.16,1769.8759751961709,1928.241973543355,198,6
2015-06-05,Boulder_Women,Early cycle,403.75,1768.1411857750577,1890.424076752449,148,6
2015-06-20,Boulder_Men,Early cycle,578.83,1847.2447013939827,1914.1642027114683,201,6
2015-06-20,Boulder_Women,Early cycle,455.0,1959.8214531620306,1899.5926375066279,150,6
2015-06-26,Boulder_Men,Early cycle,622.5,1834.7813933775528,1910.6460198048403,197,6
2015-06-26,Boulder_Women,Early cycle,443.33000000000004,1874.0486499102303,1892.231719829123,144,6
2015-08-14,Boulder_Men,Early cycle,592.25,1566.7299252319585,1919.124346686931,240,6
2015-08-14,Boulder_Women,Early cycle,466.65999999999997,2021.8899307167842,1892.6252378980134,173,6
2016-04-15,Boulder_Men,Early cycle,720.49,1856.1077066002626,1921.262650913966,210,6
2016-04-15,Boulder_Women,Early cycle,466.65999999999997,2021.8899307167842,1909.2701111641568,153,6
2016-04-23,Boulder_Men,Early cycle,816.83,1848.9479381471706,1914.2627135524965,230,7
2016-04-23,Boulder_Women,Early cycle,495.0,1955.7740816894732,1901.5329662825907,172,7
2016-04-30,Boulder_Men,Early cycle,895.65,1675.4085476539567,1915.4984521299664,237,8
2016-04-30,Boulder_Women,Early cycle,588.6600000000001,1895.1928401806513,1895.5773231609114,173,8
2016-05-14,Boulder_Men,Early cycle,937.08,1895.4743156337088,1923.8684589828495,251,9
2016-05-14,Boulder_Women,Early cycle,610.0,2199.9786426409855,1890.450176410077,187,9
2016-05-20,Boulder_Men,Early cycle,960.1600000000001,1840.7685541360772,1927.0711103320982,273,10
2016-05-20,Boulder_Women,Early cycle,669.8199999999999,1834.075552349147,1892.242864976413,193,10
2016-06-10,Boulder_Men,Early cycle,857.5,2126.7407098882863,1945.275498003712,258,9
2016-06-10,Boulder_Women,Early cycle,589.16,1788.2426157993755,1886.755629754665,177,9
2016-08-12,Boulder_Men,Early cycle,844.49,1887.703036953366,1937.2799192435564,288,8
2016-08-12,Boulder_Women,Early cycle,651.0,1695.1401536361666,1888.1142587482873,201,8
2016-09-14,Boulder_Men,Early cycle,751.5,1790.2481851025848,1936.642342262548,278,8
2016-09-14,Boulder_Women,Early cycle,612.5,1933.8324992777202,1904.27579043244,186,8
2017-04-07,Boulder_Men,Early cycle,889.91,1844.0691491925274,1943.721594127011,307,9
2017-04-07,Boulder_Women,Early cycle,706.24,1803.3684519072708,1897.3876892546627,200,9
2017-04-22,Boulder_Men,Early cycle,893.74,1844.9449709341131,1965.3388567405405,317,9
2017-04-22,Boulder_Women,Early cycle,672.6600000000001,1896.0682554718103,1897.3876892546627,209,9
2017-04-29,Boulder_Men,Early cycle,893.0,1972.1043338663574,1967.7712945873432,317,9
2017-04-29,Boulder_Women,Early cycle,681.66,2055.8758326052434,1907.3020384139004,199,9
2017-05-06,Boulder_Men,Early cycle,931.6600000000001,1893.3031171903388,1954.6477172122575,317,9
2017-05-06,Boulder_Women,Early cycle,743.33,1657.0623569292839,1919.8696134909017,210,9
2017-06-09,Boulder_Men,Early cycle,787.49,1873.415964600586,1975.974089799557,300,8
2017-06-09,Boulder_Women,Early cycle,727.5,1829.213183053064,1928.6033463977822,203,8
2017-06-24,Boulder_Men,Early cycle,789.99,1861.0898636989425,1976.6388195783857,306,8
2017-06-24,Boulder_Women,Early cycle,742.0,1835.3000579399827,1925.2899296508144,213,8
2017-08-18,Boulder_Men,Early cycle,839.99,1990.6812546957533,1986.2938256677985,327,8
2017-08-18,Boulder_Women,Early cycle,770.0,1883.159028444972,1926.0168403071366,230,8
2018-04-13,Boulder_Men,Early cycle,771.99,1869.1524836449887,1999.7179867307193,292,7
2018-04-13,Boulder_Women,Early cycle,579.58,1965.6555998016286,1945.2458464555607,227,7
2018-04-21,Boulder_Men,Early cycle,849.16,1993.1692040935752,1997.105272610989,314,8
2018-04-21,Boulder_Women,Early cycle,692.82,2001.6686969452,1940.6056258596996,253,8
2018-05-05,Boulder_Men,Early cycle,655.16,1861.112930066332,1985.3818518762605,310,7
2018-05-05,Boulder_Women,Early cycle,566.83,1687.6218220178896,1941.9206855844152,248,7
2018-05-12,Boulder_Men,Early cycle,677.5,2053.330462588082,1994.2151388492182,295,7
2018-05-12,Boulder_Women,Early cycle,665.41,1991.1006718423987,1941.9206855844152,233,7
2018-06-02,Boulder_Men,Early cycle,766.66,1952.8115701960794,1988.0167497683115,314,8
2018-06-02,Boulder_Women,Early cycle,734.1600000000001,1940.1209796533822,1943.4470312462688,246,8
2018-06-08,Boulder_Men,Early cycle,835.3199999999999,1635.265715906551,1981.8490155034729,332,9
2018-06-08,Boulder_Women,Early cycle,798.32,1680.4266363543904,1940.754912723728,259,9
2018-08-17,Boulder_Men,Early cycle,804.75,1839.167403853695,1987.3680756861936,315,8
2018-08-17,Boulder_Women,Early cycle,841.25,1980.7265062979436,1940.1855941300505,247,8
2018-09-06,Boulder_Men,Early cycle,802.3199999999999,1958.0325665371845,1985.4357562392827,299,8
2018-09-06,Boulder_Women,Early cycle,832.49,1688.889918020497,1940.8396943433988,235,8
2019-04-05,Boulder_Men,Build phase,941.32,1895.7116247576303,1995.4117299806817,330,9
2019-04-05,Boulder_Women,Build phase,954.58,1898.3854419989318,1943.1513280374998,267,9
2019-04-12,Boulder_Men,Build phase,1023.66,1890.6782231794034,2001.7014621059016,347,10
2019-04-12,Boulder_Women,Build phase,1005.41,1964.8935799335907,1955.923673879206,275,10
2019-04-26,Boulder_Men,Build phase,928.6600000000001,1959.0956987623613,2010.916688459227,330,9
2019-04-26,Boulder_Women,Build phase,966.6500000000001,2067.601151585273,1959.8371315063255,263,9
2019-05-03,Boulder_Men,Build phase,1017.9100000000001,1959.5487398911257,2007.6750566910644,331,10
2019-05-03,Boulder_Women,Build phase,1117.08,1953.7896006432927,1953.008957009206,267,10
2019-05-18,Boulder_Men,Build phase,1016.5699999999999,1863.6782887979068,2011.6637108320795,336,9
2019-05-18,Boulder_Women,Build phase,1031.15,1975.797270841638,1989.6225079852206,281,9
2019-06-07,Boulder_Men,Build phase,1046.66,1857.0628740520956,2013.247211412214,326,9
2019-06-07,Boulder_Women,Build phase,1028.32,2064.2556874603815,1991.5397813123573,274,9
2019-08-11,Boulder_Men,Build phase,1026.66,1839.8739625595695,2012.2209365156139,325,9
2019-08-11,Boulder_Women,Build phase,1021.5699999999999,1912.5422821744405,1984.5379404259993,273,9
2021-04-16,Boulder_Men,Olympic year,16.0,1897.4523395283993,1991.3978520068563,101,1
2021-04-16,Boulder_Women,Olympic year,16.0,1773.8054126029415,1988.368685169843,70,1
2021-05-21,Boulder_Men,Olympic year,39.5,1792.4479522307565,1996.3855268785105,118,2
2021-05-21,Boulder_Women,Olympic year,68.0,1951.4689696954497,1985.4190465205397,94,2
2021-05-28,Boulder_Men,Olympic year,116.0,1918.8615146946286,1999.080506672536,125,3
2021-05-28,Boulder_Women,Olympic year,154.5,1737.3210875398834,1984.8417373666884,97,3
2021-06-23,Boulder_Men,Olympic year,157.5,1937.9593255437949,2006.9240093887124,162,4
2021-06-23,Boulder_Women,Olympic year,170.5,1937.8410874401466,1988.9835204276706,122,4
2021-09-16,Boulder_Men,Early cycle,299.5,1801.4111876597249,2002.9421871548025,198,5
2021-09-16,Boulder_Women,Early cycle,224.5,1888.9829652003425,1992.2460374387297,154,5
2022-04-08,Boulder_Men,Build phase,350.0,1912.0961914439456,2018.724516593794,235,6
2022-04-08,Boulder_Women,Build phase,285.0,1923.7621169433999,2006.833141909185,181,6
2022-05-06,Boulder_Men,Build phase,389.5,1873.4800646656497,2017.3864924533138,231,6
2022-05-06,Boulder_Women,Build phase,358.5,1806.9217332752096,2006.833141909185,185,6
2022-05-20,Boulder_Men,Build phase,444.0,1922.521233182309,2022.4189129973533,240,7
2022-05-20,Boulder_Women,Build phase,424.5,1919.4765118386704,2014.0689880488067,195,7
2022-05-27,Boulder_Men,Build phase,446.5,1924.7472571499368,2016.570518862534,241,7
2022-05-27,Boulder_Women,Build phase,400.0,1967.8140836309376,2016.679018750328,195,7
2022-06-10,Boulder_Men,Build phase,387.5,1814.0486149298106,2004.1318657796505,255,7
2022-06-10,Boulder_Women,Build phase,495.0,1883.3421797095455,2026.550625092466,208,7
2022-06-22,Boulder_Men,Build phase,452.15999999999997,1817.8335783052844,2013.711235016051,275,8
2022-06-22,Boulder_Women,Build phase,521.66,1956.4412590802185,2040.763223624852,220,8
2022-10-20,Boulder_Men,Build phase,380.0,1767.176872511782,2007.951601227156,213,7
2022-10-20,Boulder_Women,Build phase,449.0,1990.5938309574378,2039.0076036279797,166,7
2023-04-21,Boulder_Men,Qualification pressure,393.83,1925.8012060552162,2015.4999995257176,214,7
2023-04-21,Boulder_Women,Qualification pressure,443.5,1996.8838241922006,2031.4041734229218,174,7
2023-04-28,Boulder_Men,Qualification pressure,493.49,1929.2446894276163,2032.5644186806633,217,8
2023-04-28,Boulder_Women,Qualification pressure,524.0,2025.3653583735504,2030.6603849307876,180,8
2023-05-19,Boulder_Men,Qualification pressure,588.16,1933.7043925498442,2028.5713314841096,220,8
2023-05-19,Boulder_Women,Qualification pressure,519.83,1930.7989117209897,2008.650243388384,181,8
2023-06-02,Boulder_Men,Qualification pressure,420.0,2054.3196637269757,2044.7237711168243,223,7
2023-06-02,Boulder_Women,Qualification pressure,506.5,2052.5031717210795,2049.8553486007418,181,7
2023-06-09,Boulder_Men,Qualification pressure,474.0,2011.5483282006965,2040.0384657575096,240,8
2023-06-09,Boulder_Women,Qualification pressure,507.0,2052.4210451364406,2037.2291780689043,190,8
2023-06-14,Boulder_Men,Qualification pressure,506.5,1926.7725068997877,2044.8738357660368,247,8
2023-06-14,Boulder_Women,Qualification pressure,495.0,2052.5031717210795,2049.1057146080257,193,8
2023-08-01,Boulder_Men,Qualification pressure,495.0,1917.3373253012905,2043.3374801899076,229,8
2023-08-01,Boulder_Women,Qualification pressure,562.5,1795.669988438557,2047.4808168414347,186,8
2024-04-08,Boulder_Men,Olympic year,405.16,1952.030563036909,2040.4869727207656,239,8
2024-04-08,Boulder_Women,Olympic year,562.5,1795.669988438557,2049.9931072988743,198,8
2024-05-03,Boulder_Men,Olympic year,454.5,2115.9930162916157,2045.6123405812855,236,7
2024-05-03,Boulder_Women,Olympic year,555.0,2041.4693073341352,2051.402939333509,193,7
2024-06-26,Boulder_Men,Olympic year,294.0,1932.299002036154,2048.6828277601217,214,4
2024-06-26,Boulder_Women,Olympic year,312.5,1930.0598128248778,2046.820519532323,179,4
2024-09-20,Boulder_Men,Early cycle,240.0,2081.5861347032596,2041.071089306311,166,4
2024-09-20,Boulder_Women,Early cycle,264.33,1985.1424419591456,2046.8001993793803,144,4
2024-10-02,Boulder_Men,Early cycle,314.0,1828.5587172093963,2044.2727401035352,184,5
2024-10-02,Boulder_Women,Early cycle,350.65999999999997,1972.3594288113404,2050.9258574245887,157,5
2025-04-18,Boulder_Men,Early cycle,314.0,1820.7197806163717,2053.9043169051283,192,5
2025-04-18,Boulder_Women,Early cycle,282.83,2045.8466891337764,2048.8362248564313,156,5
2025-05-16,Boulder_Men,Early cycle,312.5,1972.996815770189,2039.4602936805013,194,5
2025-05-16,Boulder_Women,Early cycle,300.5,1825.544296904101,2052.8443905683007,159,5
2025-05-23,Boulder_Men,Early cycle,349.5,1933.4276042573729,2039.83765036009,205,6
2025-05-23,Boulder_Women,Early cycle,356.5,2010.4388858206364,2047.3337075105842,166,6
2025-06-06,Boulder_Men,Early cycle,404.5,2026.6294058181954,2042.6317193849914,220,7
2025-06-06,Boulder_Women,Early cycle,452.5,2044.8165244312959,2060.2988368167134,181,7
2025-06-13,Boulder_Men,Early cycle,461.15999999999997,1996.9933655575494,2047.990405512974,228,8
2025-06-13,Boulder_Women,Early cycle,520.5,2044.748068323348,2077.1986751775858,186,8
2025-06-25,Boulder_Men,Early cycle,566.75,1932.4257022863783,2048.7909925666445,243,9
2025-06-25,Boulder_Women,Early cycle,613.5,1969.1571061952075,2086.8765405751374,194,9
2025-09-21,Boulder_Men,Early cycle,406.83,1916.9376400820493,2032.7957433394176,222,8
2025-09-21,Boulder_Women,Early cycle,426.0,1954.651112069664,2083.2971752000385,185,8
2026-05-01,Boulder_Men,Build phase,382.15999999999997,1843.4395029879038,2033.7426232891332,212,7
2026-05-01,Boulder_Women,Build phase,370.0,1961.3154346812173,2062.9936568940643,176,7
2026-05-22,Boulder_Men,Build phase,396.0,2123.983443349939,2049.565923918515,215,7
2026-05-22,Boulder_Women,Build phase,327.0,1964.1276903401983,2071.581029265801,174,7
2026-05-28,Boulder_Men,Build phase,353.2,1966.0411934932574,2029.1316774584336,221,7
2026-05-28,Boulder_Women,Build phase,291.5,2028.5505362407218,2062.2784751115264,176,7
2026-06-03,Boulder_Men,Build phase,370.0,1923.0908181986351,2039.2587126705128,236,8
2026-06-03,Boulder_Women,Build phase,329.5,2011.6052481319698,2064.218731386868,186,8
2026-06-17,Boulder_Men,Build phase,280.0,1987.4567270103437,2046.2585944886732,226,7
2026-06-17,Boulder_Women,Build phase,303.0,2011.0005352144315,2057.8617448533305,182,7
