coaching_unlock_rank,problem_id,coaching_athletes_unlocked,coaching_observations_unlocked,physical_observations_unlocked,board_observations_unlocked
1,CEC|event:224|route:22447,8,145,103,42
2,CEC|event:224|route:22448,8,145,103,42
3,CEC|event:224|route:23235,8,145,103,42
4,CEC|event:224|route:23232,8,145,103,42
5,CEC|event:224|route:22445,8,145,103,42
6,CEC|event:224|route:22446,8,145,103,42
7,CEC|event:224|route:22449,8,145,103,42
8,CEC|event:224|route:22450,8,145,103,42
9,CEC|event:224|route:23233,8,145,103,42
10,CEC|event:224|route:23234,8,145,103,42
11,CEC|event:153|route:13973,7,210,152,58
12,CEC|event:153|route:13974,7,210,152,58
13,CEC|event:153|route:13970,7,210,152,58
14,CEC|event:153|route:13971,7,210,152,58
15,CEC|event:153|route:13972,7,210,152,58
16,CEC|event:211|route:19823,7,184,132,52
17,CEC|event:211|route:19822,7,184,132,52
18,CEC|event:211|route:19824,7,184,132,52
19,CEC|event:211|route:19826,7,184,132,52
20,CEC|event:211|route:19825,7,184,132,52
21,CEC|event:192|route:17730,7,170,123,47
22,CEC|event:192|route:17726,7,170,123,47
23,CEC|event:192|route:17727,7,170,123,47
24,CEC|event:192|route:17728,7,170,123,47
25,CEC|event:192|route:17729,7,170,123,47
26,CEC|event:172|route:15445,6,208,152,56
27,CEC|event:172|route:15447,6,208,152,56
28,CEC|event:172|route:15448,6,208,152,56
29,CEC|event:172|route:15446,6,208,152,56
30,CEC|event:172|route:15444,6,208,152,56
31,CEC|event:123|route:9706,6,163,118,45
32,CEC|event:123|route:9710,6,163,118,45
33,CEC|event:123|route:9707,6,163,118,45
34,CEC|event:123|route:9708,6,163,118,45
35,CEC|event:123|route:9709,6,163,118,45
36,CEC|event:123|route:9705,6,163,118,45
37,CEC|event:123|route:9739,5,145,104,41
38,CEC|event:123|route:9738,5,145,104,41
39,CEC|event:123|route:9740,5,145,104,41
40,CEC|event:123|route:9737,5,145,104,41
41,CEC|event:157|route:13771,5,139,103,36
42,CEC|event:157|route:13772,5,139,103,36
43,CEC|event:157|route:13770,5,139,103,36
44,CEC|event:157|route:13769,5,139,103,36
45,CEC|event:157|route:13773,5,139,103,36
46,CEC|event:157|route:13774,5,139,103,36
47,CEC|event:89|route:7012,5,67,51,16
48,CEC|event:89|route:7007,5,67,51,16
49,CEC|event:89|route:7011,5,67,51,16
50,CEC|event:89|route:7008,5,67,51,16
51,CEC|event:89|route:7009,5,67,51,16
52,CEC|event:89|route:7010,5,67,51,16
53,CEC|event:217|route:20934,5,56,39,17
54,CEC|event:217|route:20935,5,56,39,17
55,CEC|event:217|route:20936,5,56,39,17
56,CEC|event:217|route:20937,5,56,39,17
57,CEC|event:217|route:20938,5,56,39,17
58,CEC|event:217|route:20939,5,56,39,17
59,CEC|event:211|route:19897,4,125,90,35
60,CEC|event:211|route:19896,4,125,90,35
61,CEC|event:211|route:19895,4,125,90,35
62,CEC|event:211|route:19894,4,125,90,35
63,CEC|event:192|route:17863,4,117,83,34
64,CEC|event:192|route:17862,4,117,83,34
65,CEC|event:192|route:17864,4,117,83,34
66,CEC|event:192|route:17865,4,117,83,34
67,CEC|event:121|route:9532,4,113,80,33
68,CEC|event:121|route:9530,4,113,80,33
69,CEC|event:121|route:9528,4,113,80,33
70,CEC|event:121|route:9529,4,113,80,33
71,CEC|event:121|route:9531,4,113,80,33
72,CEC|event:224|route:23256,4,54,41,13
73,CEC|event:224|route:23257,4,54,41,13
74,CEC|event:224|route:23258,4,54,41,13
75,CEC|event:224|route:23259,4,54,41,13
76,CEC|event:225|route:22590,3,93,66,27
77,CEC|event:225|route:22591,3,93,66,27
78,CEC|event:225|route:22592,3,93,66,27
79,CEC|event:225|route:22593,3,93,66,27
80,CEC|event:225|route:22594,3,93,66,27
81,CEC|event:153|route:14000,3,88,68,20
82,CEC|event:153|route:14001,3,88,68,20
83,CEC|event:153|route:14002,3,88,68,20
84,CEC|event:153|route:14003,3,88,68,20
85,CEC|event:123|route:9787,3,87,59,28
86,CEC|event:123|route:9788,3,87,59,28
87,CEC|event:123|route:9785,3,87,59,28
88,CEC|event:123|route:9786,3,87,59,28
89,CEC|event:98|route:7599,3,69,49,20
90,CEC|event:98|route:7602,3,69,49,20
91,CEC|event:98|route:7603,3,69,49,20
92,CEC|event:98|route:8045,3,69,49,20
93,CEC|event:98|route:7600,3,69,49,20
94,CEC|event:98|route:7601,3,69,49,20
95,CEC|event:98|route:8044,3,69,49,20
96,CEC|event:98|route:8046,3,69,49,20
97,CEC|event:123|route:9719,3,67,51,16
98,CEC|event:123|route:9722,3,67,51,16
99,CEC|event:123|route:9745,3,67,51,16
100,CEC|event:123|route:9746,3,67,51,16
101,CEC|event:123|route:9748,3,67,51,16
102,CEC|event:123|route:9717,3,67,51,16
103,CEC|event:123|route:9718,3,67,51,16
104,CEC|event:123|route:9720,3,67,51,16
105,CEC|event:123|route:9721,3,67,51,16
106,CEC|event:123|route:9747,3,67,51,16
107,CEC|event:217|route:20970,3,46,32,14
108,CEC|event:217|route:20971,3,46,32,14
109,CEC|event:217|route:20972,3,46,32,14
110,CEC|event:217|route:20973,3,46,32,14
111,CEC|event:225|route:22611,2,84,59,25
112,CEC|event:225|route:22608,2,84,59,25
113,CEC|event:225|route:22609,2,84,59,25
114,CEC|event:225|route:22610,2,84,59,25
115,IFSC|event:1418|route:17166,2,78,50,28
116,IFSC|event:1418|route:17165,2,78,50,28
117,IFSC|event:1418|route:17167,2,78,50,28
118,IFSC|event:1418|route:17168,2,78,50,28
119,IFSC|event:1418|route:17169,2,78,50,28
120,IFSC|event:1418|route:17170,2,78,50,28
121,IFSC|event:1531|route:20493,2,66,47,19
122,IFSC|event:1531|route:20494,2,66,47,19
123,IFSC|event:1531|route:20495,2,66,47,19
124,IFSC|event:1531|route:20496,2,66,47,19
125,IFSC|event:1531|route:20497,2,66,47,19
126,IFSC|event:1531|route:20488,2,66,47,19
127,IFSC|event:1531|route:20489,2,66,47,19
128,IFSC|event:1531|route:20490,2,66,47,19
129,IFSC|event:1531|route:20491,2,66,47,19
130,IFSC|event:1531|route:20492,2,66,47,19
131,CEC|event:119|route:9153,2,51,39,12
132,CEC|event:119|route:9154,2,51,39,12
133,CEC|event:119|route:9155,2,51,39,12
134,CEC|event:119|route:9156,2,51,39,12
135,CEC|event:119|route:9277,2,51,39,12
136,CEC|event:119|route:9278,2,51,39,12
137,CEC|event:119|route:9279,2,51,39,12
138,CEC|event:119|route:9280,2,51,39,12
139,CEC|event:119|route:9281,2,51,39,12
140,CEC|event:119|route:9282,2,51,39,12
141,CEC|event:192|route:17877,2,40,30,10
142,CEC|event:192|route:17741,2,40,30,10
143,CEC|event:192|route:17742,2,40,30,10
144,CEC|event:192|route:17743,2,40,30,10
145,CEC|event:192|route:17744,2,40,30,10
146,CEC|event:192|route:17745,2,40,30,10
147,CEC|event:192|route:17874,2,40,30,10
148,CEC|event:192|route:17875,2,40,30,10
149,CEC|event:192|route:17876,2,40,30,10
150,CEC|event:211|route:19837,2,37,27,10
151,CEC|event:211|route:19838,2,37,27,10
152,CEC|event:211|route:19839,2,37,27,10
153,CEC|event:211|route:19840,2,37,27,10
154,CEC|event:211|route:19841,2,37,27,10
155,CEC|event:211|route:19906,2,37,27,10
156,CEC|event:211|route:19907,2,37,27,10
157,CEC|event:211|route:19908,2,37,27,10
158,CEC|event:211|route:19909,2,37,27,10
159,CEC|event:123|route:9728,2,33,25,8
160,CEC|event:123|route:9749,2,33,25,8
161,CEC|event:123|route:9750,2,33,25,8
162,CEC|event:123|route:9752,2,33,25,8
163,CEC|event:123|route:9751,2,33,25,8
164,CEC|event:123|route:9723,2,33,25,8
165,CEC|event:123|route:9724,2,33,25,8
166,CEC|event:123|route:9725,2,33,25,8
167,CEC|event:123|route:9726,2,33,25,8
168,CEC|event:123|route:9727,2,33,25,8
169,IFSC|event:1522|route:19283,2,30,22,8
170,IFSC|event:1522|route:19285,2,30,22,8
171,CEC|event:224|route:23245,2,30,22,8
172,IFSC|event:1522|route:19286,2,30,22,8
173,CEC|event:224|route:22468,2,30,22,8
174,IFSC|event:1522|route:19284,2,30,22,8
175,IFSC|event:1522|route:19287,2,30,22,8
176,CEC|event:224|route:22463,2,30,22,8
177,CEC|event:224|route:22464,2,30,22,8
178,CEC|event:224|route:22465,2,30,22,8
179,CEC|event:224|route:22466,2,30,22,8
180,CEC|event:224|route:22467,2,30,22,8
181,CEC|event:224|route:23244,2,30,22,8
182,CEC|event:224|route:23246,2,30,22,8
183,CEC|event:224|route:23247,2,30,22,8
184,CEC|event:224|route:23268,2,30,22,8
185,CEC|event:224|route:23269,2,30,22,8
186,CEC|event:224|route:23270,2,30,22,8
187,CEC|event:224|route:23271,2,30,22,8
188,CEC|event:121|route:9537,2,24,18,6
189,CEC|event:121|route:9533,2,24,18,6
190,CEC|event:121|route:9535,2,24,18,6
191,CEC|event:121|route:9536,2,24,18,6
192,CEC|event:121|route:9534,2,24,18,6
193,IFSC|event:1396|route:13626,2,20,16,4
194,IFSC|event:1396|route:13629,2,20,16,4
195,CEC|event:77|route:6407,2,20,16,4
196,CEC|event:75|route:5998,2,20,16,4
197,CEC|event:75|route:6047,2,20,16,4
198,CEC|event:75|route:6048,2,20,16,4
199,CEC|event:75|route:6166,2,20,16,4
200,IFSC|event:1396|route:13627,2,20,16,4
201,IFSC|event:1396|route:13628,2,20,16,4
202,IFSC|event:1396|route:13631,2,20,16,4
203,CEC|event:77|route:6404,2,20,16,4
204,CEC|event:75|route:5999,2,20,16,4
205,CEC|event:75|route:6000,2,20,16,4
206,CEC|event:75|route:6046,2,20,16,4
207,CEC|event:75|route:6165,2,20,16,4
208,IFSC|event:1396|route:13630,2,20,16,4
209,CEC|event:77|route:6405,2,20,16,4
210,CEC|event:77|route:6406,2,20,16,4
211,CEC|event:77|route:6408,2,20,16,4
212,CEC|event:75|route:6001,2,20,16,4
213,CEC|event:75|route:6049,2,20,16,4
214,CEC|event:75|route:6164,2,20,16,4
215,CEC|event:75|route:6167,2,20,16,4
216,CEC|event:75|route:6168,2,20,16,4
217,CEC|event:75|route:6169,2,20,16,4
218,IFSC|event:1522|route:19268,2,14,11,3
219,IFSC|event:1522|route:19269,2,14,11,3
220,IFSC|event:1522|route:19270,2,14,11,3
221,IFSC|event:1522|route:19271,2,14,11,3
222,IFSC|event:1522|route:19272,2,14,11,3
223,CEC|event:224|route:22433,1,49,35,14
224,CEC|event:224|route:22434,1,49,35,14
225,CEC|event:224|route:22435,1,49,35,14
226,CEC|event:224|route:22436,1,49,35,14
227,CEC|event:224|route:22437,1,49,35,14
228,CEC|event:224|route:22438,1,49,35,14
229,CEC|event:224|route:23224,1,49,35,14
230,CEC|event:224|route:23225,1,49,35,14
231,CEC|event:224|route:23226,1,49,35,14
232,CEC|event:224|route:23227,1,49,35,14
233,CEC|event:224|route:23248,1,49,35,14
234,CEC|event:224|route:23249,1,49,35,14
235,CEC|event:224|route:23250,1,49,35,14
236,CEC|event:224|route:23251,1,49,35,14
237,CEC|event:211|route:19852,1,40,28,12
238,CEC|event:211|route:19853,1,40,28,12
239,CEC|event:211|route:19854,1,40,28,12
240,CEC|event:211|route:19855,1,40,28,12
241,CEC|event:211|route:19856,1,40,28,12
242,CEC|event:211|route:19918,1,40,28,12
243,CEC|event:211|route:19919,1,40,28,12
244,CEC|event:211|route:19920,1,40,28,12
245,CEC|event:211|route:19921,1,40,28,12
246,CEC|event:192|route:17756,1,39,29,10
247,CEC|event:192|route:17757,1,39,29,10
248,CEC|event:192|route:17758,1,39,29,10
249,CEC|event:192|route:17759,1,39,29,10
250,CEC|event:192|route:17760,1,39,29,10
251,CEC|event:192|route:17886,1,39,29,10
252,CEC|event:192|route:17887,1,39,29,10
253,CEC|event:192|route:17888,1,39,29,10
254,CEC|event:192|route:17889,1,39,29,10
255,CEC|event:153|route:13965,1,39,29,10
256,CEC|event:153|route:13966,1,39,29,10
257,CEC|event:153|route:13967,1,39,29,10
258,CEC|event:153|route:13968,1,39,29,10
259,CEC|event:153|route:13969,1,39,29,10
260,CEC|event:153|route:14024,1,39,29,10
261,CEC|event:153|route:14025,1,39,29,10
262,CEC|event:153|route:14026,1,39,29,10
263,CEC|event:153|route:14027,1,39,29,10
264,IFSC|event:1465|route:16277,1,33,25,8
265,IFSC|event:1465|route:16278,1,33,25,8
266,IFSC|event:1465|route:16279,1,33,25,8
267,IFSC|event:1465|route:16280,1,33,25,8
268,IFSC|event:1465|route:16281,1,33,25,8
269,IFSC|event:1465|route:18085,1,33,25,8
270,IFSC|event:1465|route:18086,1,33,25,8
271,IFSC|event:1465|route:18087,1,33,25,8
272,IFSC|event:1465|route:18088,1,33,25,8
273,IFSC|event:1531|route:20508,1,30,21,9
274,IFSC|event:1531|route:20509,1,30,21,9
275,IFSC|event:1531|route:20510,1,30,21,9
276,IFSC|event:1531|route:20511,1,30,21,9
277,IFSC|event:1522|route:19278,1,29,21,8
278,IFSC|event:1522|route:19279,1,29,21,8
279,IFSC|event:1522|route:19280,1,29,21,8
280,IFSC|event:1522|route:19281,1,29,21,8
281,IFSC|event:1522|route:19282,1,29,21,8
282,CEC|event:224|route:22457,1,29,21,8
283,CEC|event:224|route:22458,1,29,21,8
284,CEC|event:224|route:22459,1,29,21,8
285,CEC|event:224|route:22460,1,29,21,8
286,CEC|event:224|route:22461,1,29,21,8
287,CEC|event:224|route:22462,1,29,21,8
288,CEC|event:224|route:23240,1,29,21,8
289,CEC|event:224|route:23241,1,29,21,8
290,CEC|event:224|route:23242,1,29,21,8
291,CEC|event:224|route:23243,1,29,21,8
292,CEC|event:224|route:23264,1,29,21,8
293,CEC|event:224|route:23265,1,29,21,8
294,CEC|event:224|route:23266,1,29,21,8
295,CEC|event:224|route:23267,1,29,21,8
296,CEC|event:211|route:19832,1,26,19,7
297,CEC|event:211|route:19833,1,26,19,7
298,CEC|event:211|route:19834,1,26,19,7
299,CEC|event:211|route:19835,1,26,19,7
300,CEC|event:211|route:19836,1,26,19,7
301,CEC|event:211|route:19902,1,26,19,7
302,CEC|event:211|route:19903,1,26,19,7
303,CEC|event:211|route:19904,1,26,19,7
304,CEC|event:211|route:19905,1,26,19,7
305,CEC|event:153|route:13985,1,19,15,4
306,CEC|event:153|route:13986,1,19,15,4
307,CEC|event:153|route:13987,1,19,15,4
308,CEC|event:153|route:13988,1,19,15,4
309,CEC|event:153|route:13989,1,19,15,4
310,CEC|event:153|route:14012,1,19,15,4
311,CEC|event:153|route:14013,1,19,15,4
312,CEC|event:153|route:14014,1,19,15,4
313,CEC|event:153|route:14015,1,19,15,4
314,CEC|event:192|route:17736,1,18,14,4
315,CEC|event:192|route:17737,1,18,14,4
316,CEC|event:192|route:17738,1,18,14,4
317,CEC|event:192|route:17739,1,18,14,4
318,CEC|event:192|route:17740,1,18,14,4
319,CEC|event:192|route:17870,1,18,14,4
320,CEC|event:192|route:17871,1,18,14,4
321,CEC|event:192|route:17872,1,18,14,4
322,CEC|event:192|route:17873,1,18,14,4
323,CEC|event:119|route:9145,1,18,14,4
324,CEC|event:119|route:9146,1,18,14,4
325,CEC|event:119|route:9147,1,18,14,4
326,CEC|event:119|route:9148,1,18,14,4
327,CEC|event:119|route:9265,1,18,14,4
328,CEC|event:119|route:9266,1,18,14,4
329,CEC|event:119|route:9267,1,18,14,4
330,CEC|event:119|route:9268,1,18,14,4
331,CEC|event:119|route:9269,1,18,14,4
332,CEC|event:119|route:9270,1,18,14,4
333,CEC|event:123|route:9793,1,16,12,4
334,CEC|event:123|route:9794,1,16,12,4
335,CEC|event:123|route:9795,1,16,12,4
336,CEC|event:123|route:9796,1,16,12,4
337,CEC|event:123|route:9711,1,15,11,4
338,CEC|event:123|route:9712,1,15,11,4
339,CEC|event:123|route:9713,1,15,11,4
340,CEC|event:123|route:9714,1,15,11,4
341,CEC|event:123|route:9715,1,15,11,4
342,CEC|event:123|route:9716,1,15,11,4
343,CEC|event:123|route:9741,1,15,11,4
344,CEC|event:123|route:9742,1,15,11,4
345,CEC|event:123|route:9743,1,15,11,4
346,CEC|event:123|route:9744,1,15,11,4
347,IFSC|event:1418|route:17177,1,15,11,4
348,IFSC|event:1418|route:17178,1,15,11,4
349,IFSC|event:1418|route:17179,1,15,11,4
350,IFSC|event:1418|route:17180,1,15,11,4
351,IFSC|event:1418|route:17181,1,15,11,4
352,IFSC|event:1418|route:17182,1,15,11,4
353,CEC|event:123|route:9797,1,15,11,4
354,CEC|event:123|route:9798,1,15,11,4
355,CEC|event:123|route:9799,1,15,11,4
356,CEC|event:123|route:9800,1,15,11,4
357,CEC|event:172|route:15439,1,11,9,2
358,CEC|event:172|route:15440,1,11,9,2
359,CEC|event:172|route:15441,1,11,9,2
360,CEC|event:172|route:15442,1,11,9,2
361,CEC|event:172|route:15443,1,11,9,2
362,CEC|event:77|route:6409,1,10,8,2
363,CEC|event:77|route:6410,1,10,8,2
364,CEC|event:77|route:6411,1,10,8,2
365,CEC|event:77|route:6412,1,10,8,2
366,CEC|event:77|route:6413,1,10,8,2
367,CEC|event:71|route:5502,1,10,8,2
368,CEC|event:71|route:5503,1,10,8,2
369,CEC|event:71|route:5504,1,10,8,2
370,CEC|event:71|route:5505,1,10,8,2
371,CEC|event:71|route:5538,1,10,8,2
372,CEC|event:71|route:5539,1,10,8,2
373,CEC|event:71|route:5540,1,10,8,2
374,CEC|event:71|route:5541,1,10,8,2
375,CEC|event:71|route:5542,1,10,8,2
376,CEC|event:71|route:5543,1,10,8,2
377,CEC|event:182|route:16448,1,9,7,2
378,CEC|event:182|route:16449,1,9,7,2
379,CEC|event:182|route:16450,1,9,7,2
380,CEC|event:182|route:16451,1,9,7,2
381,CEC|event:182|route:16452,1,9,7,2
382,CEC|event:182|route:16453,1,9,7,2
383,CEC|event:182|route:16484,1,9,7,2
384,CEC|event:182|route:16485,1,9,7,2
385,CEC|event:182|route:16486,1,9,7,2
386,CEC|event:182|route:16487,1,9,7,2
387,CEC|event:165|route:14474,1,9,7,2
388,CEC|event:165|route:14475,1,9,7,2
389,CEC|event:165|route:14476,1,9,7,2
390,CEC|event:165|route:14477,1,9,7,2
391,CEC|event:165|route:14478,1,9,7,2
392,CEC|event:165|route:15306,1,9,7,2
393,CEC|event:165|route:15307,1,9,7,2
394,CEC|event:165|route:15308,1,9,7,2
395,CEC|event:165|route:15584,1,9,7,2
396,CEC|event:165|route:15585,1,9,7,2
397,CEC|event:165|route:15586,1,9,7,2
398,CEC|event:165|route:15587,1,9,7,2
399,CEC|event:165|route:15588,1,9,7,2
400,CEC|event:165|route:15589,1,9,7,2
401,CEC|event:165|route:15590,1,9,7,2
402,CEC|event:165|route:15591,1,9,7,2
403,CEC|event:153|route:13980,1,9,7,2
404,CEC|event:153|route:13981,1,9,7,2
405,CEC|event:153|route:13982,1,9,7,2
406,CEC|event:153|route:13983,1,9,7,2
407,CEC|event:153|route:13984,1,9,7,2
408,CEC|event:153|route:14008,1,9,7,2
409,CEC|event:153|route:14009,1,9,7,2
410,CEC|event:153|route:14010,1,9,7,2
411,CEC|event:153|route:14011,1,9,7,2
412,CEC|event:154|route:13142,1,9,7,2
413,CEC|event:154|route:13143,1,9,7,2
414,CEC|event:154|route:13144,1,9,7,2
415,CEC|event:154|route:13145,1,9,7,2
416,CEC|event:154|route:13146,1,9,7,2
417,CEC|event:154|route:13362,1,9,7,2
418,CEC|event:154|route:13363,1,9,7,2
419,CEC|event:154|route:13364,1,9,7,2
420,CEC|event:154|route:15157,1,9,7,2
421,CEC|event:154|route:15158,1,9,7,2
422,CEC|event:154|route:15159,1,9,7,2
423,CEC|event:154|route:15160,1,9,7,2
424,CEC|event:154|route:15161,1,9,7,2
425,CEC|event:154|route:15162,1,9,7,2
426,CEC|event:154|route:15163,1,9,7,2
427,CEC|event:154|route:15164,1,9,7,2
428,IFSC|event:1412|route:15862,1,9,7,2
429,IFSC|event:1412|route:15863,1,9,7,2
430,IFSC|event:1412|route:15864,1,9,7,2
431,IFSC|event:1412|route:15865,1,9,7,2
432,IFSC|event:1412|route:15866,1,9,7,2
433,IFSC|event:1411|route:15837,1,9,7,2
434,IFSC|event:1411|route:15838,1,9,7,2
435,IFSC|event:1411|route:15839,1,9,7,2
436,IFSC|event:1411|route:15840,1,9,7,2
437,IFSC|event:1411|route:15841,1,9,7,2
438,IFSC|event:1410|route:15822,1,9,7,2
439,IFSC|event:1410|route:15823,1,9,7,2
440,IFSC|event:1410|route:15824,1,9,7,2
441,IFSC|event:1410|route:15825,1,9,7,2
442,IFSC|event:1410|route:15826,1,9,7,2
443,CEC|event:182|route:16478,1,8,6,2
444,CEC|event:182|route:16479,1,8,6,2
445,CEC|event:182|route:16480,1,8,6,2
446,CEC|event:182|route:16481,1,8,6,2
447,CEC|event:182|route:16482,1,8,6,2
448,CEC|event:182|route:16483,1,8,6,2
449,CEC|event:182|route:16504,1,8,6,2
450,CEC|event:182|route:16505,1,8,6,2
451,CEC|event:182|route:16506,1,8,6,2
452,CEC|event:182|route:16507,1,8,6,2
453,CEC|event:165|route:14539,1,8,6,2
454,CEC|event:165|route:14540,1,8,6,2
455,CEC|event:165|route:14541,1,8,6,2
456,CEC|event:165|route:14542,1,8,6,2
457,CEC|event:165|route:14543,1,8,6,2
458,CEC|event:165|route:14670,1,8,6,2
459,CEC|event:165|route:14671,1,8,6,2
460,CEC|event:165|route:14672,1,8,6,2
461,CEC|event:165|route:14673,1,8,6,2
462,CEC|event:165|route:15345,1,8,6,2
463,CEC|event:165|route:15346,1,8,6,2
464,CEC|event:165|route:15608,1,8,6,2
465,CEC|event:165|route:15609,1,8,6,2
466,CEC|event:165|route:15610,1,8,6,2
467,CEC|event:165|route:15611,1,8,6,2
468,CEC|event:165|route:15612,1,8,6,2
469,CEC|event:165|route:15613,1,8,6,2
470,CEC|event:165|route:15614,1,8,6,2
471,CEC|event:165|route:15615,1,8,6,2
472,CEC|event:165|route:15616,1,8,6,2
473,CEC|event:165|route:15617,1,8,6,2
474,CEC|event:165|route:15618,1,8,6,2
475,CEC|event:154|route:13207,1,8,6,2
476,CEC|event:154|route:13208,1,8,6,2
477,CEC|event:154|route:13209,1,8,6,2
478,CEC|event:154|route:13210,1,8,6,2
479,CEC|event:154|route:13211,1,8,6,2
480,CEC|event:154|route:13395,1,8,6,2
481,CEC|event:154|route:13396,1,8,6,2
482,CEC|event:154|route:15180,1,8,6,2
483,CEC|event:154|route:15181,1,8,6,2
484,CEC|event:154|route:15182,1,8,6,2
485,CEC|event:154|route:15183,1,8,6,2
486,CEC|event:154|route:15184,1,8,6,2
487,CEC|event:154|route:15185,1,8,6,2
488,CEC|event:154|route:15186,1,8,6,2
489,CEC|event:153|route:13960,1,7,6,1
490,CEC|event:153|route:13961,1,7,6,1
491,CEC|event:153|route:13962,1,7,6,1
492,CEC|event:153|route:13963,1,7,6,1
493,CEC|event:153|route:13964,1,7,6,1
494,CEC|event:153|route:14028,1,7,6,1
495,CEC|event:153|route:14029,1,7,6,1
496,CEC|event:153|route:14030,1,7,6,1
497,CEC|event:153|route:14031,1,7,6,1
498,IFSC|event:1522|route:18996,1,4,3,1
499,IFSC|event:1522|route:18997,1,4,3,1
500,IFSC|event:1522|route:18998,1,4,3,1
501,IFSC|event:1522|route:18999,1,4,3,1
502,IFSC|event:1522|route:19273,1,4,3,1
503,IFSC|event:1522|route:19274,1,4,3,1
504,IFSC|event:1522|route:19275,1,4,3,1
505,IFSC|event:1522|route:19276,1,4,3,1
506,IFSC|event:1522|route:19277,1,4,3,1
507,CEC|event:224|route:22451,1,4,3,1
508,CEC|event:224|route:22452,1,4,3,1
509,CEC|event:224|route:22453,1,4,3,1
510,CEC|event:224|route:22454,1,4,3,1
511,CEC|event:224|route:22455,1,4,3,1
512,CEC|event:224|route:22456,1,4,3,1
513,CEC|event:224|route:23236,1,4,3,1
514,CEC|event:224|route:23237,1,4,3,1
515,CEC|event:224|route:23238,1,4,3,1
516,CEC|event:224|route:23239,1,4,3,1
517,CEC|event:224|route:23260,1,4,3,1
518,CEC|event:224|route:23261,1,4,3,1
519,CEC|event:224|route:23262,1,4,3,1
520,CEC|event:224|route:23263,1,4,3,1
521,CEC|event:225|route:22595,1,4,3,1
522,CEC|event:225|route:22596,1,4,3,1
523,CEC|event:225|route:22597,1,4,3,1
524,CEC|event:225|route:22598,1,4,3,1
525,CEC|event:225|route:22599,1,4,3,1
526,CEC|event:119|route:9161,1,2,1,1
527,CEC|event:119|route:9162,1,2,1,1
528,CEC|event:119|route:9163,1,2,1,1
529,CEC|event:119|route:9164,1,2,1,1
530,CEC|event:119|route:9289,1,2,1,1
531,CEC|event:119|route:9290,1,2,1,1
532,CEC|event:119|route:9291,1,2,1,1
533,CEC|event:119|route:9292,1,2,1,1
534,CEC|event:119|route:9293,1,2,1,1
535,CEC|event:119|route:9294,1,2,1,1
