outcome_metric,grade_model,predictors,athletes,men,women,baseline_model,loao_baseline_mae,loao_model_mae,mae_change_vs_baseline,loao_baseline_rmse,loao_model_rmse,rmse_change_vs_baseline,loao_baseline_spearman,loao_model_spearman,full_sample_condition_number,internal_validation,release_status,interpretation_limit
Current production IFSC Elo,50% flash grade,boulder_grade_50pct_flash_v,14,7,7,Pool only,149.5104163894567,164.58887889055327,15.078462501096567,165.37167535883347,177.62372815164912,12.252052792815647,-0.8214285714285714,-0.75,4.436248739847755,Leave one athlete out; baseline and grade model use the same complete-case athletes,Withheld: fewer than 15 athletes or fewer than 5 in one pool,"Internal transport check, not causal evidence or external validation"
Current production IFSC Elo,3x physical-sends grade,boulder_grade_3x_physical_sends_last_3_months_v,11,6,5,Pool only,145.52735355649708,154.6298020028295,9.102448446332431,164.55094879593176,182.07141696217556,17.520468166243802,-0.4,-0.4,3.3060310869319345,Leave one athlete out; baseline and grade model use the same complete-case athletes,Withheld: fewer than 15 athletes or fewer than 5 in one pool,"Internal transport check, not causal evidence or external validation"
Current production IFSC Elo,Both requested grades,boulder_grade_50pct_flash_v + boulder_grade_3x_physical_sends_last_3_months_v,11,6,5,Pool only,145.52735355649708,148.31386761277375,2.7865140562766726,164.55094879593176,181.85093955153334,17.299990755601584,-0.4,0.3,6.860422898160618,Leave one athlete out; baseline and grade model use the same complete-case athletes,Withheld: fewer than 15 athletes or fewer than 5 in one pool,"Internal transport check, not causal evidence or external validation"
Current Global quality Elo,50% flash grade,boulder_grade_50pct_flash_v,18,11,7,Pool only,8.817629717512242,9.623830806055341,0.8062010885430997,11.986808237414309,12.396645524560187,0.4098372871458782,-0.26153846153846155,-0.046153846153846156,4.730270615961396,Leave one athlete out; baseline and grade model use the same complete-case athletes,Exploratory internal non-improvement: did not lower both MAE and RMSE,"Internal transport check, not causal evidence or external validation"
Current Global quality Elo,3x physical-sends grade,boulder_grade_3x_physical_sends_last_3_months_v,15,10,5,Pool only,10.093305261552844,10.998832046424301,0.9055267848714568,13.294294192433126,13.86126017760368,0.5669659851705546,0.40606060606060607,0.05454545454545454,3.7284008719976676,Leave one athlete out; baseline and grade model use the same complete-case athletes,Exploratory internal non-improvement: did not lower both MAE and RMSE,"Internal transport check, not causal evidence or external validation"
Current Global quality Elo,Both requested grades,boulder_grade_50pct_flash_v + boulder_grade_3x_physical_sends_last_3_months_v,15,10,5,Pool only,10.093305261552844,11.392581100354725,1.299275838801881,13.294294192433126,14.126720812023938,0.8324266195908123,0.40606060606060607,0.21212121212121213,7.581549487363213,Leave one athlete out; baseline and grade model use the same complete-case athletes,Exploratory internal non-improvement: did not lower both MAE and RMSE,"Internal transport check, not causal evidence or external validation"
Next IFSC competition performance Elo within 365 days,50% flash grade,elo_at_test + boulder_grade_50pct_flash_v,5,2,3,Pool + pre-test Elo,,,,,,,,,,Leave one athlete out; baseline and grade model use the same complete-case athletes,Withheld: too few athletes to fit safely,"Internal transport check, not causal evidence or external validation"
Next IFSC competition performance Elo within 365 days,3x physical-sends grade,elo_at_test + boulder_grade_3x_physical_sends_last_3_months_v,4,2,2,Pool + pre-test Elo,,,,,,,,,,Leave one athlete out; baseline and grade model use the same complete-case athletes,Withheld: too few athletes to fit safely,"Internal transport check, not causal evidence or external validation"
Next IFSC competition performance Elo within 365 days,Both requested grades,elo_at_test + boulder_grade_50pct_flash_v + boulder_grade_3x_physical_sends_last_3_months_v,4,2,2,Pool + pre-test Elo,,,,,,,,,,Leave one athlete out; baseline and grade model use the same complete-case athletes,Withheld: too few athletes to fit safely,"Internal transport check, not causal evidence or external validation"
