season,organization,program,athlete_name,membership_status,responsibility,source,source_as_of
2025-2026,EEQ,SP1,Félixe Cameron-Langlois,Member,Direct EEQ responsibility,User-confirmed roster,2026-08-02
2025-2026,EEQ,SP1,Arno Lemele,Member,Direct EEQ responsibility,User-confirmed roster,2026-08-02
2025-2026,EEQ,SP1,Noah Roberts,Member,Direct EEQ responsibility,User-confirmed roster,2026-08-02
2025-2026,EEQ,SP1,Henri Dessureault Moisan,Member,Direct EEQ responsibility,User-confirmed roster,2026-08-02
2025-2026,EEQ,SP1,Arthur Brunel Lapointe,Member,Direct EEQ responsibility,User-confirmed roster,2026-08-02
2025-2026,EEQ,SP2,Guillaume Moreau,Member,Direct EEQ responsibility,User-confirmed roster,2026-08-02
2025-2026,EEQ,SP2,Éva-Fei Brouillard,Member,Direct EEQ responsibility,User-confirmed roster,2026-08-02
2025-2026,EEQ,SP2,Thomas Haineault,Member,Direct EEQ responsibility,User-confirmed roster,2026-08-02
2025-2026,EEQ,SP2,Alexandre Paquette,Member,Direct EEQ responsibility,User-confirmed roster,2026-08-02
2025-2026,EEQ,SP2,Émile Aubin,Member,Direct EEQ responsibility,User-confirmed roster,2026-08-02
2025-2026,EEQ,SP2,Mica Duval,Member,Direct EEQ responsibility,User-confirmed roster,2026-08-02
2025-2026,EEQ,SP2,Esteban Caruso,Member,Direct EEQ responsibility,User-confirmed roster,2026-08-02
2025-2026,EEQ,SP3,Ryan Nolen Bou,Member,Direct EEQ responsibility,User-confirmed roster,2026-08-02
2025-2026,EEQ,SP3,Norah Kelly Bou,Member,Direct EEQ responsibility,User-confirmed roster,2026-08-02
2025-2026,EEQ,SP3,Henri Cowan,Member,Direct EEQ responsibility,User-confirmed roster,2026-08-02
2025-2026,EEQ,SP3,Anabelle Gonthier,Member,Direct EEQ responsibility,User-confirmed roster,2026-08-02
2025-2026,EEQ,SP3,Julia Frutiger,Member,Direct EEQ responsibility,User-confirmed roster,2026-08-02
2025-2026,EEQ,SP3,Charlotte Rivera,Member,Direct EEQ responsibility,User-confirmed roster,2026-08-02
2025-2026,EEQ,AS3,Jaqueline Minlafond,Member,Direct EEQ responsibility,User-confirmed roster,2026-08-02
2025-2026,EEQ,AS3,Justine Brooks,Member,Direct EEQ responsibility,User-confirmed roster,2026-08-02
2025-2026,EEQ,AS3,Olie Girard,Member,Direct EEQ responsibility,User-confirmed roster,2026-08-02
2025-2026,EEQ,AS3,Alice Bélanger,Member,Direct EEQ responsibility,User-confirmed roster,2026-08-02
2025-2026,EEQ,AS3,Ékiel Coderre,Member,Direct EEQ responsibility,User-confirmed roster,2026-08-02
2025-2026,EEQ,AS3,Raphaël Dorion,Member,Direct EEQ responsibility,User-confirmed roster,2026-08-02
2025-2026,EEQ,AS3,Nataniel Lamoureux,Member,Direct EEQ responsibility,User-confirmed roster,2026-08-02
2025-2026,EEQ,AS3,Jeanne Berger,Member,Direct EEQ responsibility,User-confirmed roster,2026-08-02
2025-2026,EEQ,AS3,Anne-Sophie Gonthier,Member,Direct EEQ responsibility,User-confirmed roster,2026-08-02
2025-2026,EEQ,AS3,Antoine Guillemette,Member,Direct EEQ responsibility,User-confirmed roster,2026-08-02
2025-2026,EEQ,AS3,Edouard Bureau,Member,Direct EEQ responsibility,User-confirmed roster,2026-08-02
2025-2026,EEQ,AS3,Antoine Caron,Member,Direct EEQ responsibility,User-confirmed roster,2026-08-02
2025-2026,EEQ,AS3,Paul Ribouillault,Member,Direct EEQ responsibility,User-confirmed roster,2026-08-02
2025-2026,EEQ,AS4,Joseph Savoie-Lacasse,Member,Direct EEQ responsibility,User-confirmed roster,2026-08-02
2025-2026,EEQ,AS4,Louka Boivin,Member,Direct EEQ responsibility,User-confirmed roster,2026-08-02
2025-2026,EEQ,AS4,Olivier Turgeon,Member,Direct EEQ responsibility,User-confirmed roster,2026-08-02
2025-2026,EEQ,AS4,Gabriel Jacques Griffin,Member,Direct EEQ responsibility,User-confirmed roster,2026-08-02
2025-2026,EEQ,AS4,Leander Haugsjaa,Member,Direct EEQ responsibility,User-confirmed roster,2026-08-02
2025-2026,EEQ,AS4,Maxime Thérien,Member,Direct EEQ responsibility,User-confirmed roster,2026-08-02
2025-2026,EEQ,AS4,Mathieu Bonneville,Member,Direct EEQ responsibility,User-confirmed roster,2026-08-02
2025-2026,EEQ,AS4,Livia Dancette,Member,Direct EEQ responsibility,User-confirmed roster,2026-08-02
2025-2026,EEQ,AS4,Saskia Heckmann,Member,Direct EEQ responsibility,User-confirmed roster,2026-08-02
2025-2026,EEQ,AS4,Jérémie Régnier,Member,Direct EEQ responsibility,User-confirmed roster,2026-08-02
2025-2026,EEQ,AS4,Anne Ouellet,Member,Direct EEQ responsibility,User-confirmed roster,2026-08-02
2025-2026,EEQ,DEV1,Godefroy Veillette,Member,Direct EEQ responsibility,User-confirmed roster,2026-08-02
2025-2026,EEQ,DEV1,Jascha Kuehn,Member,Direct EEQ responsibility,User-confirmed roster,2026-08-02
2025-2026,EEQ,DEV1,Antonin Lastère,Member,Direct EEQ responsibility,User-confirmed roster,2026-08-02
2025-2026,EEQ,DEV1,Mathéo Desrosiers,Member,Direct EEQ responsibility,User-confirmed roster,2026-08-02
2025-2026,EEQ,DEV1,Vincent Janelle,Member,Direct EEQ responsibility,User-confirmed roster,2026-08-02
2025-2026,EEQ,DEV1,Clément Blanchard,Member,Direct EEQ responsibility,User-confirmed roster,2026-08-02
2025-2026,EEQ,DEV1,Alex Bumb,Member,Direct EEQ responsibility,User-confirmed roster,2026-08-02
2025-2026,EEQ,DEV2,Benjamin Boutin,Member,Direct EEQ responsibility,User-confirmed roster,2026-08-02
2025-2026,EEQ,DEV2,Théandre Legrand,Member,Direct EEQ responsibility,User-confirmed roster,2026-08-02
2025-2026,EEQ,DEV2,Benjamin Ouellet,Member,Direct EEQ responsibility,User-confirmed roster,2026-08-02
2025-2026,EEQ,DEV2,Mathys Gogot,Member,Direct EEQ responsibility,User-confirmed roster,2026-08-02
2025-2026,EEQ,DEV2,Lua De Leon-Chiarotto,Member,Direct EEQ responsibility,User-confirmed roster,2026-08-02
2025-2026,EEQ,DEV2,Ezra Bruton,Member,Direct EEQ responsibility,User-confirmed roster,2026-08-02
2025-2026,EEQ,DEV2,Simon Delaney,Member,Direct EEQ responsibility,User-confirmed roster,2026-08-02
2025-2026,EEQ,DEV2,Salomé Trahan,Member,Direct EEQ responsibility,User-confirmed roster,2026-08-02
2025-2026,EEQ,DEV2,Anaïs Trahan,Member,Direct EEQ responsibility,User-confirmed roster,2026-08-02
2025-2026,EEQ,DEV2,Emma Pronovost,Member,Direct EEQ responsibility,User-confirmed roster,2026-08-02
2026-2027,EEQ,Incoming,Sofia Smale,Joining,Direct EEQ responsibility,User-confirmed transition,2026-08-02
2026-2027,EEQ,Incoming,Imalie Pilote-Jetté,Joining,Direct EEQ responsibility,User-confirmed transition,2026-08-02
