intake_order,review_priority,review_priority_reason,source_record_id,event_id,round,round_order,category_round_id,video_id,official_title,duration_seconds,event,event_date,discipline,gender,category,age_class,official_result_rows,official_channel,official_youtube_url,official_oembed_url,official_event_roster_url,official_round_results_url,official_round_results_api_url,duration_basis,duration_metadata_field,duration_metadata_url,duration_metadata_observed_at_utc,duration_video_details_sha256,metadata_status,metadata_observed_at_utc,acquisition_method,acquisition_status,acquisition_error,planned_local_path,local_path,sha256,review_ready,identity_timing_use
1,1,User-prioritized Prague/Madrid/Innsbruck evidence first; then Keqiao/Bern/Chamonix,WCVID-CR10675,1480,Semi-final,1,10675,SjgO1faEass,Men's Boulder semi-final | Prague 2026,10125,World Climbing Series Prague 2026,2026-06-03,Boulder,Men,Boulder Men,Senior / Open,24,World Climbing,https://www.youtube.com/watch?v=SjgO1faEass,https://www.youtube.com/oembed?url=https%3A%2F%2Fwww.youtube.com%2Fwatch%3Fv%3DSjgO1faEass&format=json,https://ifsc.results.info/#/event/1480,https://ifsc.results.info/#/event/1480/cr/10675,https://ifsc.results.info/api/v1/category_rounds/10675/results,Exact public YouTube videoDetails.lengthSeconds,ytInitialPlayerResponse.videoDetails.lengthSeconds,https://www.youtube.com/watch?v=SjgO1faEass&hl=en,2026-08-01T06:58:30Z,22c240b16e5ffdec7913d8ee6599d535039f97958a28adad7ebffd0116a85774,Verified by public YouTube oEmbed,2026-08-01T06:00:00Z,Optional public yt-dlp; no cookies or credentials,NOT_ATTEMPTED_OR_UNAVAILABLE,Direct URL review does not require a local download,tmp/video_review_media_2026/2026_prague_men_boulder_semi_final_SjgO1faEass.mp4,,,True,"Weighted evidence only; preserve clip time, round order, roster and results"
2,2,User-prioritized Prague/Madrid/Innsbruck evidence first; then Keqiao/Bern/Chamonix,WCVID-CR10677,1480,Final,2,10677,kM4hS0yeqqI,Men's Boulder final | Prague 2026,8662,World Climbing Series Prague 2026,2026-06-03,Boulder,Men,Boulder Men,Senior / Open,8,World Climbing,https://www.youtube.com/watch?v=kM4hS0yeqqI,https://www.youtube.com/oembed?url=https%3A%2F%2Fwww.youtube.com%2Fwatch%3Fv%3DkM4hS0yeqqI&format=json,https://ifsc.results.info/#/event/1480,https://ifsc.results.info/#/event/1480/cr/10677,https://ifsc.results.info/api/v1/category_rounds/10677/results,Exact public YouTube videoDetails.lengthSeconds,ytInitialPlayerResponse.videoDetails.lengthSeconds,https://www.youtube.com/watch?v=kM4hS0yeqqI&hl=en,2026-08-01T06:58:30Z,5b359d38e90179c3a0a852b866850dbcd7d6b2b09579364e891b6e09eb15adb1,Verified by public YouTube oEmbed,2026-08-01T04:00:00Z,Optional public yt-dlp; no cookies or credentials,NOT_ATTEMPTED_OR_UNAVAILABLE,Direct URL review does not require a local download,tmp/video_review_media_2026/2026_prague_men_boulder_final_kM4hS0yeqqI.mp4,,,True,"Weighted evidence only; preserve clip time, round order, roster and results"
3,3,User-prioritized Prague/Madrid/Innsbruck evidence first; then Keqiao/Bern/Chamonix,WCVID-CR10676,1480,Semi-final,1,10676,zidC-G0uC8E,Women's Boulder semi-final | Prague 2026,10035,World Climbing Series Prague 2026,2026-06-03,Boulder,Women,Boulder Women,Senior / Open,24,World Climbing,https://www.youtube.com/watch?v=zidC-G0uC8E,https://www.youtube.com/oembed?url=https%3A%2F%2Fwww.youtube.com%2Fwatch%3Fv%3DzidC-G0uC8E&format=json,https://ifsc.results.info/#/event/1480,https://ifsc.results.info/#/event/1480/cr/10676,https://ifsc.results.info/api/v1/category_rounds/10676/results,Exact public YouTube videoDetails.lengthSeconds,ytInitialPlayerResponse.videoDetails.lengthSeconds,https://www.youtube.com/watch?v=zidC-G0uC8E&hl=en,2026-08-01T06:58:30Z,c3b415735b4e7615d67ddeec08219854484f770f94ceac9904919157bd91ff57,Verified by public YouTube oEmbed,2026-08-01T06:00:00Z,Optional public yt-dlp; no cookies or credentials,NOT_ATTEMPTED_OR_UNAVAILABLE,Direct URL review does not require a local download,tmp/video_review_media_2026/2026_prague_women_boulder_semi_final_zidC-G0uC8E.mp4,,,True,"Weighted evidence only; preserve clip time, round order, roster and results"
4,4,User-prioritized Prague/Madrid/Innsbruck evidence first; then Keqiao/Bern/Chamonix,WCVID-CR10678,1480,Final,2,10678,KguHXsPh6q0,Women's Boulder final | Prague 2026,7609,World Climbing Series Prague 2026,2026-06-03,Boulder,Women,Boulder Women,Senior / Open,8,World Climbing,https://www.youtube.com/watch?v=KguHXsPh6q0,https://www.youtube.com/oembed?url=https%3A%2F%2Fwww.youtube.com%2Fwatch%3Fv%3DKguHXsPh6q0&format=json,https://ifsc.results.info/#/event/1480,https://ifsc.results.info/#/event/1480/cr/10678,https://ifsc.results.info/api/v1/category_rounds/10678/results,Exact public YouTube videoDetails.lengthSeconds,ytInitialPlayerResponse.videoDetails.lengthSeconds,https://www.youtube.com/watch?v=KguHXsPh6q0&hl=en,2026-08-01T06:58:30Z,b5e5c5202429a1669fffd6042938037312a711144e4a863794017efeeba180fb,Verified by public YouTube oEmbed,2026-08-01T06:00:00Z,Optional public yt-dlp; no cookies or credentials,NOT_ATTEMPTED_OR_UNAVAILABLE,Direct URL review does not require a local download,tmp/video_review_media_2026/2026_prague_women_boulder_final_KguHXsPh6q0.mp4,,,True,"Weighted evidence only; preserve clip time, round order, roster and results"
5,5,User-prioritized Prague/Madrid/Innsbruck evidence first; then Keqiao/Bern/Chamonix,WCVID-CR10669,1479,Semi-final,1,10669,sfA6nto-LFw,Men's Boulder semi-final | Comunidad de Madrid 2026,10140,World Climbing Series Comunidad de Madrid 2026,2026-05-28,Boulder,Men,Boulder Men,Senior / Open,24,World Climbing,https://www.youtube.com/watch?v=sfA6nto-LFw,https://www.youtube.com/oembed?url=https%3A%2F%2Fwww.youtube.com%2Fwatch%3Fv%3DsfA6nto-LFw&format=json,https://ifsc.results.info/#/event/1479,https://ifsc.results.info/#/event/1479/cr/10669,https://ifsc.results.info/api/v1/category_rounds/10669/results,Exact public YouTube videoDetails.lengthSeconds,ytInitialPlayerResponse.videoDetails.lengthSeconds,https://www.youtube.com/watch?v=sfA6nto-LFw&hl=en,2026-08-01T06:58:30Z,eb93409d337b853f3862cff5462e692f98204d1591c4af7a35ec8a666e6576b9,Verified by public YouTube oEmbed,2026-08-01T04:00:00Z,Optional public yt-dlp; no cookies or credentials,NOT_ATTEMPTED_OR_UNAVAILABLE,Direct URL review does not require a local download,tmp/video_review_media_2026/2026_comunidad_de_madrid_men_boulder_semi_final_sfA6nto-LFw.mp4,,,True,"Weighted evidence only; preserve clip time, round order, roster and results"
6,6,User-prioritized Prague/Madrid/Innsbruck evidence first; then Keqiao/Bern/Chamonix,WCVID-CR10671,1479,Final,2,10671,vrjF_eFE09k,Men's Boulder final | Comunidad de Madrid 2026,7715,World Climbing Series Comunidad de Madrid 2026,2026-05-28,Boulder,Men,Boulder Men,Senior / Open,8,World Climbing,https://www.youtube.com/watch?v=vrjF_eFE09k,https://www.youtube.com/oembed?url=https%3A%2F%2Fwww.youtube.com%2Fwatch%3Fv%3DvrjF_eFE09k&format=json,https://ifsc.results.info/#/event/1479,https://ifsc.results.info/#/event/1479/cr/10671,https://ifsc.results.info/api/v1/category_rounds/10671/results,Exact public YouTube videoDetails.lengthSeconds,ytInitialPlayerResponse.videoDetails.lengthSeconds,https://www.youtube.com/watch?v=vrjF_eFE09k&hl=en,2026-08-01T06:58:30Z,abde15cf562d7ec3fc1a3c44b4f451486c43db309bd04629d1da1fb0c4c517c0,Verified by public YouTube oEmbed,2026-08-01T04:00:00Z,Optional public yt-dlp; no cookies or credentials,NOT_ATTEMPTED_OR_UNAVAILABLE,Direct URL review does not require a local download,tmp/video_review_media_2026/2026_comunidad_de_madrid_men_boulder_final_vrjF_eFE09k.mp4,,,True,"Weighted evidence only; preserve clip time, round order, roster and results"
7,7,User-prioritized Prague/Madrid/Innsbruck evidence first; then Keqiao/Bern/Chamonix,WCVID-CR10670,1479,Semi-final,1,10670,cN3uYjZfkr4,Women's Boulder semi-final | Comunidad de Madrid 2026,9510,World Climbing Series Comunidad de Madrid 2026,2026-05-28,Boulder,Women,Boulder Women,Senior / Open,24,World Climbing,https://www.youtube.com/watch?v=cN3uYjZfkr4,https://www.youtube.com/oembed?url=https%3A%2F%2Fwww.youtube.com%2Fwatch%3Fv%3DcN3uYjZfkr4&format=json,https://ifsc.results.info/#/event/1479,https://ifsc.results.info/#/event/1479/cr/10670,https://ifsc.results.info/api/v1/category_rounds/10670/results,Exact public YouTube videoDetails.lengthSeconds,ytInitialPlayerResponse.videoDetails.lengthSeconds,https://www.youtube.com/watch?v=cN3uYjZfkr4&hl=en,2026-08-01T06:58:30Z,82544c45f0fb90846fb2fa7eb380a222f4b6b3163fd5ce614543da1c02e834d7,Verified by public YouTube oEmbed,2026-08-01T06:00:00Z,Optional public yt-dlp; no cookies or credentials,NOT_ATTEMPTED_OR_UNAVAILABLE,Direct URL review does not require a local download,tmp/video_review_media_2026/2026_comunidad_de_madrid_women_boulder_semi_final_cN3uYjZfkr4.mp4,,,True,"Weighted evidence only; preserve clip time, round order, roster and results"
8,8,User-prioritized Prague/Madrid/Innsbruck evidence first; then Keqiao/Bern/Chamonix,WCVID-CR10672,1479,Final,2,10672,oaOE27vV9tU,Women's Boulder final | Comunidad de Madrid 2026,7353,World Climbing Series Comunidad de Madrid 2026,2026-05-28,Boulder,Women,Boulder Women,Senior / Open,8,World Climbing,https://www.youtube.com/watch?v=oaOE27vV9tU,https://www.youtube.com/oembed?url=https%3A%2F%2Fwww.youtube.com%2Fwatch%3Fv%3DoaOE27vV9tU&format=json,https://ifsc.results.info/#/event/1479,https://ifsc.results.info/#/event/1479/cr/10672,https://ifsc.results.info/api/v1/category_rounds/10672/results,Exact public YouTube videoDetails.lengthSeconds,ytInitialPlayerResponse.videoDetails.lengthSeconds,https://www.youtube.com/watch?v=oaOE27vV9tU&hl=en,2026-08-01T06:58:30Z,80603ae1393612377934bade6a7a4d6106586963d1489241ca0f56723df7e7ce,Verified by public YouTube oEmbed,2026-08-01T06:00:00Z,Optional public yt-dlp; no cookies or credentials,NOT_ATTEMPTED_OR_UNAVAILABLE,Direct URL review does not require a local download,tmp/video_review_media_2026/2026_comunidad_de_madrid_women_boulder_final_oaOE27vV9tU.mp4,,,True,"Weighted evidence only; preserve clip time, round order, roster and results"
9,9,User-prioritized Prague/Madrid/Innsbruck evidence first; then Keqiao/Bern/Chamonix,WCVID-CR10382,1479,Qualification,0,10382,KHKXie6mH98,Men's Speed qualification | Comunidad de Madrid 2026,4665,World Climbing Series Comunidad de Madrid 2026,2026-05-28,Speed,Men,Speed Men,Senior / Open,65,World Climbing,https://www.youtube.com/watch?v=KHKXie6mH98,https://www.youtube.com/oembed?url=https%3A%2F%2Fwww.youtube.com%2Fwatch%3Fv%3DKHKXie6mH98&format=json,https://ifsc.results.info/#/event/1479,https://ifsc.results.info/#/event/1479/cr/10382,https://ifsc.results.info/api/v1/category_rounds/10382/results,Exact public YouTube videoDetails.lengthSeconds,ytInitialPlayerResponse.videoDetails.lengthSeconds,https://www.youtube.com/watch?v=KHKXie6mH98&hl=en,2026-08-01T06:58:30Z,508fc97c87f45974dc962217724d6743f7fe88ebb1bc984f8d3e213434e8e88a,Verified by public YouTube oEmbed,2026-08-01T06:00:00Z,Optional public yt-dlp; no cookies or credentials,NOT_ATTEMPTED_OR_UNAVAILABLE,Direct URL review does not require a local download,tmp/video_review_media_2026/2026_comunidad_de_madrid_men_speed_qualification_KHKXie6mH98.mp4,,,True,"Weighted evidence only; preserve clip time, round order, roster and results"
10,10,User-prioritized Prague/Madrid/Innsbruck evidence first; then Keqiao/Bern/Chamonix,WCVID-CR10383,1479,Qualification,0,10383,-pE_ardm7xQ,Women's Speed qualification | Comunidad de Madrid 2026,3620,World Climbing Series Comunidad de Madrid 2026,2026-05-28,Speed,Women,Speed Women,Senior / Open,48,World Climbing,https://www.youtube.com/watch?v=-pE_ardm7xQ,https://www.youtube.com/oembed?url=https%3A%2F%2Fwww.youtube.com%2Fwatch%3Fv%3D-pE_ardm7xQ&format=json,https://ifsc.results.info/#/event/1479,https://ifsc.results.info/#/event/1479/cr/10383,https://ifsc.results.info/api/v1/category_rounds/10383/results,Exact public YouTube videoDetails.lengthSeconds,ytInitialPlayerResponse.videoDetails.lengthSeconds,https://www.youtube.com/watch?v=-pE_ardm7xQ&hl=en,2026-08-01T06:58:30Z,7647efd26e9c3cabf6f3b1d6c0f7eabc9891995258be35f960dc9c80e49285bb,Verified by public YouTube oEmbed,2026-08-01T06:00:00Z,Optional public yt-dlp; no cookies or credentials,NOT_ATTEMPTED_OR_UNAVAILABLE,Direct URL review does not require a local download,tmp/video_review_media_2026/2026_comunidad_de_madrid_women_speed_qualification_-pE_ardm7xQ.mp4,,,True,"Weighted evidence only; preserve clip time, round order, roster and results"
11,11,User-prioritized Prague/Madrid/Innsbruck evidence first; then Keqiao/Bern/Chamonix,WCVID-CR10679,1482,Semi-final,1,10679,yo8gSEI_iTM,Men's Boulder semi-final | Innsbruck 2026,10050,World Climbing Series Innsbruck 2026,2026-06-17,Boulder,Men,Boulder Men,Senior / Open,24,World Climbing,https://www.youtube.com/watch?v=yo8gSEI_iTM,https://www.youtube.com/oembed?url=https%3A%2F%2Fwww.youtube.com%2Fwatch%3Fv%3Dyo8gSEI_iTM&format=json,https://ifsc.results.info/#/event/1482,https://ifsc.results.info/#/event/1482/cr/10679,https://ifsc.results.info/api/v1/category_rounds/10679/results,Exact public YouTube videoDetails.lengthSeconds,ytInitialPlayerResponse.videoDetails.lengthSeconds,https://www.youtube.com/watch?v=yo8gSEI_iTM&hl=en,2026-08-01T06:58:30Z,6af218cee359f0fb7ff39b984fa17cb5b1dd20518b63a8c40fd7ca5ea9acda43,Verified by public YouTube oEmbed,2026-08-01T04:00:00Z,Optional public yt-dlp; no cookies or credentials,NOT_ATTEMPTED_OR_UNAVAILABLE,Direct URL review does not require a local download,tmp/video_review_media_2026/2026_innsbruck_men_boulder_semi_final_yo8gSEI_iTM.mp4,,,True,"Weighted evidence only; preserve clip time, round order, roster and results"
12,12,User-prioritized Prague/Madrid/Innsbruck evidence first; then Keqiao/Bern/Chamonix,WCVID-CR10681,1482,Final,2,10681,LJFxLkPn_Vc,Men's Boulder final | Innsbruck 2026,8300,World Climbing Series Innsbruck 2026,2026-06-17,Boulder,Men,Boulder Men,Senior / Open,8,World Climbing,https://www.youtube.com/watch?v=LJFxLkPn_Vc,https://www.youtube.com/oembed?url=https%3A%2F%2Fwww.youtube.com%2Fwatch%3Fv%3DLJFxLkPn_Vc&format=json,https://ifsc.results.info/#/event/1482,https://ifsc.results.info/#/event/1482/cr/10681,https://ifsc.results.info/api/v1/category_rounds/10681/results,Exact public YouTube videoDetails.lengthSeconds,ytInitialPlayerResponse.videoDetails.lengthSeconds,https://www.youtube.com/watch?v=LJFxLkPn_Vc&hl=en,2026-08-01T06:58:30Z,a3c6ab208a14628b2b88cc06f544531c88650e818e3992d6dd2629b74fa93016,Verified by public YouTube oEmbed,2026-08-01T04:00:00Z,Optional public yt-dlp; no cookies or credentials,NOT_ATTEMPTED_OR_UNAVAILABLE,Direct URL review does not require a local download,tmp/video_review_media_2026/2026_innsbruck_men_boulder_final_LJFxLkPn_Vc.mp4,,,True,"Weighted evidence only; preserve clip time, round order, roster and results"
13,13,User-prioritized Prague/Madrid/Innsbruck evidence first; then Keqiao/Bern/Chamonix,WCVID-CR10680,1482,Semi-final,1,10680,N17gY0_LeoE,Women's Boulder semi-final | Innsbruck 2026,9995,World Climbing Series Innsbruck 2026,2026-06-17,Boulder,Women,Boulder Women,Senior / Open,24,World Climbing,https://www.youtube.com/watch?v=N17gY0_LeoE,https://www.youtube.com/oembed?url=https%3A%2F%2Fwww.youtube.com%2Fwatch%3Fv%3DN17gY0_LeoE&format=json,https://ifsc.results.info/#/event/1482,https://ifsc.results.info/#/event/1482/cr/10680,https://ifsc.results.info/api/v1/category_rounds/10680/results,Exact public YouTube videoDetails.lengthSeconds,ytInitialPlayerResponse.videoDetails.lengthSeconds,https://www.youtube.com/watch?v=N17gY0_LeoE&hl=en,2026-08-01T06:58:30Z,9609949dd7db66adf9d1f7d33e3034bc8a3d36dfd0d8779bd7b147dba181c428,Verified by public YouTube oEmbed,2026-08-01T06:00:00Z,Optional public yt-dlp; no cookies or credentials,NOT_ATTEMPTED_OR_UNAVAILABLE,Direct URL review does not require a local download,tmp/video_review_media_2026/2026_innsbruck_women_boulder_semi_final_N17gY0_LeoE.mp4,,,True,"Weighted evidence only; preserve clip time, round order, roster and results"
14,14,User-prioritized Prague/Madrid/Innsbruck evidence first; then Keqiao/Bern/Chamonix,WCVID-CR10682,1482,Final,2,10682,l5iURs-VBwM,Women's Boulder final | Innsbruck 2026,8330,World Climbing Series Innsbruck 2026,2026-06-17,Boulder,Women,Boulder Women,Senior / Open,8,World Climbing,https://www.youtube.com/watch?v=l5iURs-VBwM,https://www.youtube.com/oembed?url=https%3A%2F%2Fwww.youtube.com%2Fwatch%3Fv%3Dl5iURs-VBwM&format=json,https://ifsc.results.info/#/event/1482,https://ifsc.results.info/#/event/1482/cr/10682,https://ifsc.results.info/api/v1/category_rounds/10682/results,Exact public YouTube videoDetails.lengthSeconds,ytInitialPlayerResponse.videoDetails.lengthSeconds,https://www.youtube.com/watch?v=l5iURs-VBwM&hl=en,2026-08-01T06:58:30Z,460ddd43030ebf623e35b074a6e02b3b833a9a32906ed19fcf2efb08fa564411,Verified by public YouTube oEmbed,2026-08-01T06:00:00Z,Optional public yt-dlp; no cookies or credentials,NOT_ATTEMPTED_OR_UNAVAILABLE,Direct URL review does not require a local download,tmp/video_review_media_2026/2026_innsbruck_women_boulder_final_l5iURs-VBwM.mp4,,,True,"Weighted evidence only; preserve clip time, round order, roster and results"
15,15,User-prioritized Prague/Madrid/Innsbruck evidence first; then Keqiao/Bern/Chamonix,WCVID-CR10659,1524,Semi-final,1,10659,rlFa7Vbms2g,Men's Boulder semi-final | Keqiao 2026,9955,World Climbing Series Keqiao 2026,2026-05-01,Boulder,Men,Boulder Men,Senior / Open,23,World Climbing,https://www.youtube.com/watch?v=rlFa7Vbms2g,https://www.youtube.com/oembed?url=https%3A%2F%2Fwww.youtube.com%2Fwatch%3Fv%3DrlFa7Vbms2g&format=json,https://ifsc.results.info/#/event/1524,https://ifsc.results.info/#/event/1524/cr/10659,https://ifsc.results.info/api/v1/category_rounds/10659/results,Exact public YouTube videoDetails.lengthSeconds,ytInitialPlayerResponse.videoDetails.lengthSeconds,https://www.youtube.com/watch?v=rlFa7Vbms2g&hl=en,2026-08-01T06:58:30Z,426500f2f6127da77689c22dc2ad2b98080a8c533ab65f057c1979be757421ce,Verified by public YouTube oEmbed,2026-08-01T06:00:00Z,Optional public yt-dlp; no cookies or credentials,NOT_ATTEMPTED_OR_UNAVAILABLE,Direct URL review does not require a local download,tmp/video_review_media_2026/2026_keqiao_men_boulder_semi_final_rlFa7Vbms2g.mp4,,,True,"Weighted evidence only; preserve clip time, round order, roster and results"
16,16,User-prioritized Prague/Madrid/Innsbruck evidence first; then Keqiao/Bern/Chamonix,WCVID-CR10661,1524,Final,2,10661,cpsBa_t-jew,Men's Boulder final | Keqiao 2026,8390,World Climbing Series Keqiao 2026,2026-05-01,Boulder,Men,Boulder Men,Senior / Open,8,World Climbing,https://www.youtube.com/watch?v=cpsBa_t-jew,https://www.youtube.com/oembed?url=https%3A%2F%2Fwww.youtube.com%2Fwatch%3Fv%3DcpsBa_t-jew&format=json,https://ifsc.results.info/#/event/1524,https://ifsc.results.info/#/event/1524/cr/10661,https://ifsc.results.info/api/v1/category_rounds/10661/results,Exact public YouTube videoDetails.lengthSeconds,ytInitialPlayerResponse.videoDetails.lengthSeconds,https://www.youtube.com/watch?v=cpsBa_t-jew&hl=en,2026-08-01T06:58:30Z,b29d50bebac9f42f99d06f108dbf215bcd294a037f6cc8783f5d6b3611211f49,Verified by public YouTube oEmbed,2026-08-01T06:00:00Z,Optional public yt-dlp; no cookies or credentials,NOT_ATTEMPTED_OR_UNAVAILABLE,Direct URL review does not require a local download,tmp/video_review_media_2026/2026_keqiao_men_boulder_final_cpsBa_t-jew.mp4,,,True,"Weighted evidence only; preserve clip time, round order, roster and results"
17,17,User-prioritized Prague/Madrid/Innsbruck evidence first; then Keqiao/Bern/Chamonix,WCVID-CR10660,1524,Semi-final,1,10660,7YH8fBzNSsw,Women's Boulder semi-final | Keqiao 2026,10035,World Climbing Series Keqiao 2026,2026-05-01,Boulder,Women,Boulder Women,Senior / Open,24,World Climbing,https://www.youtube.com/watch?v=7YH8fBzNSsw,https://www.youtube.com/oembed?url=https%3A%2F%2Fwww.youtube.com%2Fwatch%3Fv%3D7YH8fBzNSsw&format=json,https://ifsc.results.info/#/event/1524,https://ifsc.results.info/#/event/1524/cr/10660,https://ifsc.results.info/api/v1/category_rounds/10660/results,Exact public YouTube videoDetails.lengthSeconds,ytInitialPlayerResponse.videoDetails.lengthSeconds,https://www.youtube.com/watch?v=7YH8fBzNSsw&hl=en,2026-08-01T06:58:30Z,aaed323f9d9a6a52fe2822a5ba45395c00eb2348aa36c47336dce7cf85800a8e,Verified by public YouTube oEmbed,2026-08-01T06:00:00Z,Optional public yt-dlp; no cookies or credentials,NOT_ATTEMPTED_OR_UNAVAILABLE,Direct URL review does not require a local download,tmp/video_review_media_2026/2026_keqiao_women_boulder_semi_final_7YH8fBzNSsw.mp4,,,True,"Weighted evidence only; preserve clip time, round order, roster and results"
18,18,User-prioritized Prague/Madrid/Innsbruck evidence first; then Keqiao/Bern/Chamonix,WCVID-CR10662,1524,Final,2,10662,T0pMaC8-6Qw,Women's Boulder final | Keqiao 2026,7930,World Climbing Series Keqiao 2026,2026-05-01,Boulder,Women,Boulder Women,Senior / Open,8,World Climbing,https://www.youtube.com/watch?v=T0pMaC8-6Qw,https://www.youtube.com/oembed?url=https%3A%2F%2Fwww.youtube.com%2Fwatch%3Fv%3DT0pMaC8-6Qw&format=json,https://ifsc.results.info/#/event/1524,https://ifsc.results.info/#/event/1524/cr/10662,https://ifsc.results.info/api/v1/category_rounds/10662/results,Exact public YouTube videoDetails.lengthSeconds,ytInitialPlayerResponse.videoDetails.lengthSeconds,https://www.youtube.com/watch?v=T0pMaC8-6Qw&hl=en,2026-08-01T06:58:30Z,1b946244abd5186b23325d46b4a16c84d558982e7912c988965d9382c9a17a05,Verified by public YouTube oEmbed,2026-08-01T06:00:00Z,Optional public yt-dlp; no cookies or credentials,NOT_ATTEMPTED_OR_UNAVAILABLE,Direct URL review does not require a local download,tmp/video_review_media_2026/2026_keqiao_women_boulder_final_T0pMaC8-6Qw.mp4,,,True,"Weighted evidence only; preserve clip time, round order, roster and results"
19,19,User-prioritized Prague/Madrid/Innsbruck evidence first; then Keqiao/Bern/Chamonix,WCVID-CR10665,1478,Semi-final,1,10665,s0sp2fjWuzU,Men's Boulder semi-final | Bern 2026,9890,World Climbing Series Bern 2026,2026-05-22,Boulder,Men,Boulder Men,Senior / Open,24,World Climbing,https://www.youtube.com/watch?v=s0sp2fjWuzU,https://www.youtube.com/oembed?url=https%3A%2F%2Fwww.youtube.com%2Fwatch%3Fv%3Ds0sp2fjWuzU&format=json,https://ifsc.results.info/#/event/1478,https://ifsc.results.info/#/event/1478/cr/10665,https://ifsc.results.info/api/v1/category_rounds/10665/results,Exact public YouTube videoDetails.lengthSeconds,ytInitialPlayerResponse.videoDetails.lengthSeconds,https://www.youtube.com/watch?v=s0sp2fjWuzU&hl=en,2026-08-01T06:58:30Z,2d634f933400fe92a1bf5a69592651d5e74bd189c28dd22de6467e9b96a45504,Verified by public YouTube oEmbed,2026-08-01T06:00:00Z,Optional public yt-dlp; no cookies or credentials,NOT_ATTEMPTED_OR_UNAVAILABLE,Direct URL review does not require a local download,tmp/video_review_media_2026/2026_bern_men_boulder_semi_final_s0sp2fjWuzU.mp4,,,True,"Weighted evidence only; preserve clip time, round order, roster and results"
20,20,User-prioritized Prague/Madrid/Innsbruck evidence first; then Keqiao/Bern/Chamonix,WCVID-CR10667,1478,Final,2,10667,QVkppNWQFEU,Men's Boulder final | Bern 2026,7410,World Climbing Series Bern 2026,2026-05-22,Boulder,Men,Boulder Men,Senior / Open,8,World Climbing,https://www.youtube.com/watch?v=QVkppNWQFEU,https://www.youtube.com/oembed?url=https%3A%2F%2Fwww.youtube.com%2Fwatch%3Fv%3DQVkppNWQFEU&format=json,https://ifsc.results.info/#/event/1478,https://ifsc.results.info/#/event/1478/cr/10667,https://ifsc.results.info/api/v1/category_rounds/10667/results,Exact public YouTube videoDetails.lengthSeconds,ytInitialPlayerResponse.videoDetails.lengthSeconds,https://www.youtube.com/watch?v=QVkppNWQFEU&hl=en,2026-08-01T06:58:30Z,abae4b0dd3f67366a6d3e35643540f3b91cbdacf534eb9ffd9d942768b22e323,Verified by public YouTube oEmbed,2026-08-01T06:00:00Z,Optional public yt-dlp; no cookies or credentials,NOT_ATTEMPTED_OR_UNAVAILABLE,Direct URL review does not require a local download,tmp/video_review_media_2026/2026_bern_men_boulder_final_QVkppNWQFEU.mp4,,,True,"Weighted evidence only; preserve clip time, round order, roster and results"
21,21,User-prioritized Prague/Madrid/Innsbruck evidence first; then Keqiao/Bern/Chamonix,WCVID-CR10666,1478,Semi-final,1,10666,tfOh2knba6c,Women's Boulder semi-final | Bern 2026,10135,World Climbing Series Bern 2026,2026-05-22,Boulder,Women,Boulder Women,Senior / Open,24,World Climbing,https://www.youtube.com/watch?v=tfOh2knba6c,https://www.youtube.com/oembed?url=https%3A%2F%2Fwww.youtube.com%2Fwatch%3Fv%3DtfOh2knba6c&format=json,https://ifsc.results.info/#/event/1478,https://ifsc.results.info/#/event/1478/cr/10666,https://ifsc.results.info/api/v1/category_rounds/10666/results,Exact public YouTube videoDetails.lengthSeconds,ytInitialPlayerResponse.videoDetails.lengthSeconds,https://www.youtube.com/watch?v=tfOh2knba6c&hl=en,2026-08-01T06:58:30Z,bfcf29ed9f78f7ec40842f51b9030bcfaced254bca2727146cdca69ded4f58ea,Verified by public YouTube oEmbed,2026-08-01T06:00:00Z,Optional public yt-dlp; no cookies or credentials,NOT_ATTEMPTED_OR_UNAVAILABLE,Direct URL review does not require a local download,tmp/video_review_media_2026/2026_bern_women_boulder_semi_final_tfOh2knba6c.mp4,,,True,"Weighted evidence only; preserve clip time, round order, roster and results"
22,22,User-prioritized Prague/Madrid/Innsbruck evidence first; then Keqiao/Bern/Chamonix,WCVID-CR10668,1478,Final,2,10668,Z2R7bspWSPo,Women's Boulder final | Bern 2026,7685,World Climbing Series Bern 2026,2026-05-22,Boulder,Women,Boulder Women,Senior / Open,8,World Climbing,https://www.youtube.com/watch?v=Z2R7bspWSPo,https://www.youtube.com/oembed?url=https%3A%2F%2Fwww.youtube.com%2Fwatch%3Fv%3DZ2R7bspWSPo&format=json,https://ifsc.results.info/#/event/1478,https://ifsc.results.info/#/event/1478/cr/10668,https://ifsc.results.info/api/v1/category_rounds/10668/results,Exact public YouTube videoDetails.lengthSeconds,ytInitialPlayerResponse.videoDetails.lengthSeconds,https://www.youtube.com/watch?v=Z2R7bspWSPo&hl=en,2026-08-01T06:58:30Z,57faa287cfc32b297f3aa06d17cba2debe00a6cbcb2014900a33a60174d97914,Verified by public YouTube oEmbed,2026-08-01T06:00:00Z,Optional public yt-dlp; no cookies or credentials,NOT_ATTEMPTED_OR_UNAVAILABLE,Direct URL review does not require a local download,tmp/video_review_media_2026/2026_bern_women_boulder_final_Z2R7bspWSPo.mp4,,,True,"Weighted evidence only; preserve clip time, round order, roster and results"
23,23,User-prioritized Prague/Madrid/Innsbruck evidence first; then Keqiao/Bern/Chamonix,WCVID-CR10414,1484,Qualification,0,10414,bpwRn00a-4Y,Men's Speed qualification | Chamonix 2026,5105,World Climbing Series Chamonix 2026,2026-07-10,Speed,Men,Speed Men,Senior / Open,77,World Climbing,https://www.youtube.com/watch?v=bpwRn00a-4Y,https://www.youtube.com/oembed?url=https%3A%2F%2Fwww.youtube.com%2Fwatch%3Fv%3DbpwRn00a-4Y&format=json,https://ifsc.results.info/#/event/1484,https://ifsc.results.info/#/event/1484/cr/10414,https://ifsc.results.info/api/v1/category_rounds/10414/results,Exact public YouTube videoDetails.lengthSeconds,ytInitialPlayerResponse.videoDetails.lengthSeconds,https://www.youtube.com/watch?v=bpwRn00a-4Y&hl=en,2026-08-01T06:58:30Z,e56bfa735b80a7c00e74aa15e318f3525c12ef847b35d3e806281d138a6367aa,Verified by public YouTube oEmbed,2026-08-01T06:00:00Z,Optional public yt-dlp; no cookies or credentials,NOT_ATTEMPTED_OR_UNAVAILABLE,Direct URL review does not require a local download,tmp/video_review_media_2026/2026_chamonix_men_speed_qualification_bpwRn00a-4Y.mp4,,,True,"Weighted evidence only; preserve clip time, round order, roster and results"
24,24,User-prioritized Prague/Madrid/Innsbruck evidence first; then Keqiao/Bern/Chamonix,WCVID-CR10415,1484,Qualification,0,10415,2e0fr3uiDJU,Women's Speed qualification | Chamonix 2026,3715,World Climbing Series Chamonix 2026,2026-07-10,Speed,Women,Speed Women,Senior / Open,55,World Climbing,https://www.youtube.com/watch?v=2e0fr3uiDJU,https://www.youtube.com/oembed?url=https%3A%2F%2Fwww.youtube.com%2Fwatch%3Fv%3D2e0fr3uiDJU&format=json,https://ifsc.results.info/#/event/1484,https://ifsc.results.info/#/event/1484/cr/10415,https://ifsc.results.info/api/v1/category_rounds/10415/results,Exact public YouTube videoDetails.lengthSeconds,ytInitialPlayerResponse.videoDetails.lengthSeconds,https://www.youtube.com/watch?v=2e0fr3uiDJU&hl=en,2026-08-01T06:58:30Z,fb01c7b357bfbdfacf2194bb9de2b601f2adbfa3a556659870881e2ba71ad4c3,Verified by public YouTube oEmbed,2026-08-01T06:00:00Z,Optional public yt-dlp; no cookies or credentials,NOT_ATTEMPTED_OR_UNAVAILABLE,Direct URL review does not require a local download,tmp/video_review_media_2026/2026_chamonix_women_speed_qualification_2e0fr3uiDJU.mp4,,,True,"Weighted evidence only; preserve clip time, round order, roster and results"
