window_id,pass_name,event_id,category_round_id,event,gender,round,video_id,youtube_url,start_seconds,end_seconds,fps,source_candidate_id,source_discovery_window_id,status,source_checkpoint_id,source_checkpoint_contract_sha256,source_window_plan_sha256,media_download_required,production_use_allowed,athlete_scoring_allowed,athlete_comparison_allowed,elo_update_allowed
BAD26-CR10670-cN3uYjZfkr4-D001,discovery,1479,10670,World Climbing Series Comunidad de Madrid 2026,Women,Semi-final,cN3uYjZfkr4,https://www.youtube.com/watch?v=cN3uYjZfkr4,0,1359,0.25,,,completed,event-1479,24568cc893033b7e51bb0c040da2546460260b508cbd710a75cbad10381dfa3c,ab7f83cb7b23942bf26b23ff71b225072c79f768c751cd330c52d8fea57715c3,False,False,False,False,False
BAD26-CR10670-cN3uYjZfkr4-D002,discovery,1479,10670,World Climbing Series Comunidad de Madrid 2026,Women,Semi-final,cN3uYjZfkr4,https://www.youtube.com/watch?v=cN3uYjZfkr4,1359,2717,0.25,,,completed,event-1479,24568cc893033b7e51bb0c040da2546460260b508cbd710a75cbad10381dfa3c,ab7f83cb7b23942bf26b23ff71b225072c79f768c751cd330c52d8fea57715c3,False,False,False,False,False
BAD26-CR10670-cN3uYjZfkr4-D003,discovery,1479,10670,World Climbing Series Comunidad de Madrid 2026,Women,Semi-final,cN3uYjZfkr4,https://www.youtube.com/watch?v=cN3uYjZfkr4,2717,4076,0.25,,,completed,event-1479,24568cc893033b7e51bb0c040da2546460260b508cbd710a75cbad10381dfa3c,ab7f83cb7b23942bf26b23ff71b225072c79f768c751cd330c52d8fea57715c3,False,False,False,False,False
BAD26-CR10670-cN3uYjZfkr4-D004,discovery,1479,10670,World Climbing Series Comunidad de Madrid 2026,Women,Semi-final,cN3uYjZfkr4,https://www.youtube.com/watch?v=cN3uYjZfkr4,4076,5434,0.25,,,completed,event-1479,24568cc893033b7e51bb0c040da2546460260b508cbd710a75cbad10381dfa3c,ab7f83cb7b23942bf26b23ff71b225072c79f768c751cd330c52d8fea57715c3,False,False,False,False,False
BAD26-CR10670-cN3uYjZfkr4-D005,discovery,1479,10670,World Climbing Series Comunidad de Madrid 2026,Women,Semi-final,cN3uYjZfkr4,https://www.youtube.com/watch?v=cN3uYjZfkr4,5434,6793,0.25,,,completed,event-1479,24568cc893033b7e51bb0c040da2546460260b508cbd710a75cbad10381dfa3c,ab7f83cb7b23942bf26b23ff71b225072c79f768c751cd330c52d8fea57715c3,False,False,False,False,False
BAD26-CR10670-cN3uYjZfkr4-D006,discovery,1479,10670,World Climbing Series Comunidad de Madrid 2026,Women,Semi-final,cN3uYjZfkr4,https://www.youtube.com/watch?v=cN3uYjZfkr4,6793,8151,0.25,,,completed,event-1479,24568cc893033b7e51bb0c040da2546460260b508cbd710a75cbad10381dfa3c,ab7f83cb7b23942bf26b23ff71b225072c79f768c751cd330c52d8fea57715c3,False,False,False,False,False
BAD26-CR10670-cN3uYjZfkr4-D007,discovery,1479,10670,World Climbing Series Comunidad de Madrid 2026,Women,Semi-final,cN3uYjZfkr4,https://www.youtube.com/watch?v=cN3uYjZfkr4,8151,9510,0.25,,,completed,event-1479,24568cc893033b7e51bb0c040da2546460260b508cbd710a75cbad10381dfa3c,ab7f83cb7b23942bf26b23ff71b225072c79f768c751cd330c52d8fea57715c3,False,False,False,False,False
BAD26-CR10672-oaOE27vV9tU-D001,discovery,1479,10672,World Climbing Series Comunidad de Madrid 2026,Women,Final,oaOE27vV9tU,https://www.youtube.com/watch?v=oaOE27vV9tU,0,1471,0.25,,,completed,event-1479,24568cc893033b7e51bb0c040da2546460260b508cbd710a75cbad10381dfa3c,ab7f83cb7b23942bf26b23ff71b225072c79f768c751cd330c52d8fea57715c3,False,False,False,False,False
BAD26-CR10672-oaOE27vV9tU-D002,discovery,1479,10672,World Climbing Series Comunidad de Madrid 2026,Women,Final,oaOE27vV9tU,https://www.youtube.com/watch?v=oaOE27vV9tU,1471,2941,0.25,,,completed,event-1479,24568cc893033b7e51bb0c040da2546460260b508cbd710a75cbad10381dfa3c,ab7f83cb7b23942bf26b23ff71b225072c79f768c751cd330c52d8fea57715c3,False,False,False,False,False
BAD26-CR10672-oaOE27vV9tU-D003,discovery,1479,10672,World Climbing Series Comunidad de Madrid 2026,Women,Final,oaOE27vV9tU,https://www.youtube.com/watch?v=oaOE27vV9tU,2941,4412,0.25,,,completed,event-1479,24568cc893033b7e51bb0c040da2546460260b508cbd710a75cbad10381dfa3c,ab7f83cb7b23942bf26b23ff71b225072c79f768c751cd330c52d8fea57715c3,False,False,False,False,False
BAD26-CR10672-oaOE27vV9tU-D004,discovery,1479,10672,World Climbing Series Comunidad de Madrid 2026,Women,Final,oaOE27vV9tU,https://www.youtube.com/watch?v=oaOE27vV9tU,4412,5882,0.25,,,completed,event-1479,24568cc893033b7e51bb0c040da2546460260b508cbd710a75cbad10381dfa3c,ab7f83cb7b23942bf26b23ff71b225072c79f768c751cd330c52d8fea57715c3,False,False,False,False,False
BAD26-CR10672-oaOE27vV9tU-D005,discovery,1479,10672,World Climbing Series Comunidad de Madrid 2026,Women,Final,oaOE27vV9tU,https://www.youtube.com/watch?v=oaOE27vV9tU,5882,7353,0.25,,,completed,event-1479,24568cc893033b7e51bb0c040da2546460260b508cbd710a75cbad10381dfa3c,ab7f83cb7b23942bf26b23ff71b225072c79f768c751cd330c52d8fea57715c3,False,False,False,False,False
BAD26-CR10669-sfA6nto-LFw-D001,discovery,1479,10669,World Climbing Series Comunidad de Madrid 2026,Men,Semi-final,sfA6nto-LFw,https://www.youtube.com/watch?v=sfA6nto-LFw,0,1449,0.25,,,completed,event-1479,24568cc893033b7e51bb0c040da2546460260b508cbd710a75cbad10381dfa3c,ab7f83cb7b23942bf26b23ff71b225072c79f768c751cd330c52d8fea57715c3,False,False,False,False,False
BAD26-CR10669-sfA6nto-LFw-D002,discovery,1479,10669,World Climbing Series Comunidad de Madrid 2026,Men,Semi-final,sfA6nto-LFw,https://www.youtube.com/watch?v=sfA6nto-LFw,1449,2897,0.25,,,completed,event-1479,24568cc893033b7e51bb0c040da2546460260b508cbd710a75cbad10381dfa3c,ab7f83cb7b23942bf26b23ff71b225072c79f768c751cd330c52d8fea57715c3,False,False,False,False,False
BAD26-CR10669-sfA6nto-LFw-D003,discovery,1479,10669,World Climbing Series Comunidad de Madrid 2026,Men,Semi-final,sfA6nto-LFw,https://www.youtube.com/watch?v=sfA6nto-LFw,2897,4346,0.25,,,completed,event-1479,24568cc893033b7e51bb0c040da2546460260b508cbd710a75cbad10381dfa3c,ab7f83cb7b23942bf26b23ff71b225072c79f768c751cd330c52d8fea57715c3,False,False,False,False,False
BAD26-CR10669-sfA6nto-LFw-D004,discovery,1479,10669,World Climbing Series Comunidad de Madrid 2026,Men,Semi-final,sfA6nto-LFw,https://www.youtube.com/watch?v=sfA6nto-LFw,4346,5794,0.25,,,completed,event-1479,24568cc893033b7e51bb0c040da2546460260b508cbd710a75cbad10381dfa3c,ab7f83cb7b23942bf26b23ff71b225072c79f768c751cd330c52d8fea57715c3,False,False,False,False,False
BAD26-CR10669-sfA6nto-LFw-D005,discovery,1479,10669,World Climbing Series Comunidad de Madrid 2026,Men,Semi-final,sfA6nto-LFw,https://www.youtube.com/watch?v=sfA6nto-LFw,5794,7243,0.25,,,completed,event-1479,24568cc893033b7e51bb0c040da2546460260b508cbd710a75cbad10381dfa3c,ab7f83cb7b23942bf26b23ff71b225072c79f768c751cd330c52d8fea57715c3,False,False,False,False,False
BAD26-CR10669-sfA6nto-LFw-D006,discovery,1479,10669,World Climbing Series Comunidad de Madrid 2026,Men,Semi-final,sfA6nto-LFw,https://www.youtube.com/watch?v=sfA6nto-LFw,7243,8691,0.25,,,completed,event-1479,24568cc893033b7e51bb0c040da2546460260b508cbd710a75cbad10381dfa3c,ab7f83cb7b23942bf26b23ff71b225072c79f768c751cd330c52d8fea57715c3,False,False,False,False,False
BAD26-CR10669-sfA6nto-LFw-D007,discovery,1479,10669,World Climbing Series Comunidad de Madrid 2026,Men,Semi-final,sfA6nto-LFw,https://www.youtube.com/watch?v=sfA6nto-LFw,8691,10140,0.25,,,completed,event-1479,24568cc893033b7e51bb0c040da2546460260b508cbd710a75cbad10381dfa3c,ab7f83cb7b23942bf26b23ff71b225072c79f768c751cd330c52d8fea57715c3,False,False,False,False,False
BAD26-CR10671-vrjF_eFE09k-D001,discovery,1479,10671,World Climbing Series Comunidad de Madrid 2026,Men,Final,vrjF_eFE09k,https://www.youtube.com/watch?v=vrjF_eFE09k,0,1286,0.25,,,completed,event-1479,24568cc893033b7e51bb0c040da2546460260b508cbd710a75cbad10381dfa3c,ab7f83cb7b23942bf26b23ff71b225072c79f768c751cd330c52d8fea57715c3,False,False,False,False,False
BAD26-CR10671-vrjF_eFE09k-D002,discovery,1479,10671,World Climbing Series Comunidad de Madrid 2026,Men,Final,vrjF_eFE09k,https://www.youtube.com/watch?v=vrjF_eFE09k,1286,2572,0.25,,,completed,event-1479,24568cc893033b7e51bb0c040da2546460260b508cbd710a75cbad10381dfa3c,ab7f83cb7b23942bf26b23ff71b225072c79f768c751cd330c52d8fea57715c3,False,False,False,False,False
BAD26-CR10671-vrjF_eFE09k-D003,discovery,1479,10671,World Climbing Series Comunidad de Madrid 2026,Men,Final,vrjF_eFE09k,https://www.youtube.com/watch?v=vrjF_eFE09k,2572,3858,0.25,,,completed,event-1479,24568cc893033b7e51bb0c040da2546460260b508cbd710a75cbad10381dfa3c,ab7f83cb7b23942bf26b23ff71b225072c79f768c751cd330c52d8fea57715c3,False,False,False,False,False
BAD26-CR10671-vrjF_eFE09k-D004,discovery,1479,10671,World Climbing Series Comunidad de Madrid 2026,Men,Final,vrjF_eFE09k,https://www.youtube.com/watch?v=vrjF_eFE09k,3858,5143,0.25,,,completed,event-1479,24568cc893033b7e51bb0c040da2546460260b508cbd710a75cbad10381dfa3c,ab7f83cb7b23942bf26b23ff71b225072c79f768c751cd330c52d8fea57715c3,False,False,False,False,False
BAD26-CR10671-vrjF_eFE09k-D005,discovery,1479,10671,World Climbing Series Comunidad de Madrid 2026,Men,Final,vrjF_eFE09k,https://www.youtube.com/watch?v=vrjF_eFE09k,5143,6429,0.25,,,completed,event-1479,24568cc893033b7e51bb0c040da2546460260b508cbd710a75cbad10381dfa3c,ab7f83cb7b23942bf26b23ff71b225072c79f768c751cd330c52d8fea57715c3,False,False,False,False,False
BAD26-CR10671-vrjF_eFE09k-D006,discovery,1479,10671,World Climbing Series Comunidad de Madrid 2026,Men,Final,vrjF_eFE09k,https://www.youtube.com/watch?v=vrjF_eFE09k,6429,7715,0.25,,,completed,event-1479,24568cc893033b7e51bb0c040da2546460260b508cbd710a75cbad10381dfa3c,ab7f83cb7b23942bf26b23ff71b225072c79f768c751cd330c52d8fea57715c3,False,False,False,False,False
BAD26-CR10678-KguHXsPh6q0-D001,discovery,1480,10678,World Climbing Series Prague 2026,Women,Final,KguHXsPh6q0,https://www.youtube.com/watch?v=KguHXsPh6q0,0,1268,0.25,,,completed,event-1480,b488a6378b23dbe24cdcbd4a0a543a876628dce80d2feed56352355394bc0b4f,e0190d3da4707025b4555e20c35317c4529651065f8cdbf825704f21fbb0047d,False,False,False,False,False
BAD26-CR10678-KguHXsPh6q0-D002,discovery,1480,10678,World Climbing Series Prague 2026,Women,Final,KguHXsPh6q0,https://www.youtube.com/watch?v=KguHXsPh6q0,1268,2536,0.25,,,completed,event-1480,b488a6378b23dbe24cdcbd4a0a543a876628dce80d2feed56352355394bc0b4f,e0190d3da4707025b4555e20c35317c4529651065f8cdbf825704f21fbb0047d,False,False,False,False,False
BAD26-CR10678-KguHXsPh6q0-D003,discovery,1480,10678,World Climbing Series Prague 2026,Women,Final,KguHXsPh6q0,https://www.youtube.com/watch?v=KguHXsPh6q0,2536,3804,0.25,,,completed,event-1480,b488a6378b23dbe24cdcbd4a0a543a876628dce80d2feed56352355394bc0b4f,e0190d3da4707025b4555e20c35317c4529651065f8cdbf825704f21fbb0047d,False,False,False,False,False
BAD26-CR10678-KguHXsPh6q0-D004,discovery,1480,10678,World Climbing Series Prague 2026,Women,Final,KguHXsPh6q0,https://www.youtube.com/watch?v=KguHXsPh6q0,3804,5073,0.25,,,completed,event-1480,b488a6378b23dbe24cdcbd4a0a543a876628dce80d2feed56352355394bc0b4f,e0190d3da4707025b4555e20c35317c4529651065f8cdbf825704f21fbb0047d,False,False,False,False,False
BAD26-CR10678-KguHXsPh6q0-D005,discovery,1480,10678,World Climbing Series Prague 2026,Women,Final,KguHXsPh6q0,https://www.youtube.com/watch?v=KguHXsPh6q0,5073,6341,0.25,,,completed,event-1480,b488a6378b23dbe24cdcbd4a0a543a876628dce80d2feed56352355394bc0b4f,e0190d3da4707025b4555e20c35317c4529651065f8cdbf825704f21fbb0047d,False,False,False,False,False
BAD26-CR10678-KguHXsPh6q0-D006,discovery,1480,10678,World Climbing Series Prague 2026,Women,Final,KguHXsPh6q0,https://www.youtube.com/watch?v=KguHXsPh6q0,6341,7609,0.25,,,completed,event-1480,b488a6378b23dbe24cdcbd4a0a543a876628dce80d2feed56352355394bc0b4f,e0190d3da4707025b4555e20c35317c4529651065f8cdbf825704f21fbb0047d,False,False,False,False,False
BAD26-CR10675-SjgO1faEass-D001,discovery,1480,10675,World Climbing Series Prague 2026,Men,Semi-final,SjgO1faEass,https://www.youtube.com/watch?v=SjgO1faEass,0,1446,0.25,,,completed,event-1480,b488a6378b23dbe24cdcbd4a0a543a876628dce80d2feed56352355394bc0b4f,e0190d3da4707025b4555e20c35317c4529651065f8cdbf825704f21fbb0047d,False,False,False,False,False
BAD26-CR10675-SjgO1faEass-D002,discovery,1480,10675,World Climbing Series Prague 2026,Men,Semi-final,SjgO1faEass,https://www.youtube.com/watch?v=SjgO1faEass,1446,2893,0.25,,,completed,event-1480,b488a6378b23dbe24cdcbd4a0a543a876628dce80d2feed56352355394bc0b4f,e0190d3da4707025b4555e20c35317c4529651065f8cdbf825704f21fbb0047d,False,False,False,False,False
BAD26-CR10675-SjgO1faEass-D003,discovery,1480,10675,World Climbing Series Prague 2026,Men,Semi-final,SjgO1faEass,https://www.youtube.com/watch?v=SjgO1faEass,2893,4339,0.25,,,completed,event-1480,b488a6378b23dbe24cdcbd4a0a543a876628dce80d2feed56352355394bc0b4f,e0190d3da4707025b4555e20c35317c4529651065f8cdbf825704f21fbb0047d,False,False,False,False,False
BAD26-CR10675-SjgO1faEass-D004,discovery,1480,10675,World Climbing Series Prague 2026,Men,Semi-final,SjgO1faEass,https://www.youtube.com/watch?v=SjgO1faEass,4339,5786,0.25,,,completed,event-1480,b488a6378b23dbe24cdcbd4a0a543a876628dce80d2feed56352355394bc0b4f,e0190d3da4707025b4555e20c35317c4529651065f8cdbf825704f21fbb0047d,False,False,False,False,False
BAD26-CR10675-SjgO1faEass-D005,discovery,1480,10675,World Climbing Series Prague 2026,Men,Semi-final,SjgO1faEass,https://www.youtube.com/watch?v=SjgO1faEass,5786,7232,0.25,,,completed,event-1480,b488a6378b23dbe24cdcbd4a0a543a876628dce80d2feed56352355394bc0b4f,e0190d3da4707025b4555e20c35317c4529651065f8cdbf825704f21fbb0047d,False,False,False,False,False
BAD26-CR10675-SjgO1faEass-D006,discovery,1480,10675,World Climbing Series Prague 2026,Men,Semi-final,SjgO1faEass,https://www.youtube.com/watch?v=SjgO1faEass,7232,8679,0.25,,,completed,event-1480,b488a6378b23dbe24cdcbd4a0a543a876628dce80d2feed56352355394bc0b4f,e0190d3da4707025b4555e20c35317c4529651065f8cdbf825704f21fbb0047d,False,False,False,False,False
BAD26-CR10675-SjgO1faEass-D007,discovery,1480,10675,World Climbing Series Prague 2026,Men,Semi-final,SjgO1faEass,https://www.youtube.com/watch?v=SjgO1faEass,8679,10125,0.25,,,completed,event-1480,b488a6378b23dbe24cdcbd4a0a543a876628dce80d2feed56352355394bc0b4f,e0190d3da4707025b4555e20c35317c4529651065f8cdbf825704f21fbb0047d,False,False,False,False,False
BAD26-CR10677-kM4hS0yeqqI-D001,discovery,1480,10677,World Climbing Series Prague 2026,Men,Final,kM4hS0yeqqI,https://www.youtube.com/watch?v=kM4hS0yeqqI,0,1444,0.25,,,completed,event-1480,b488a6378b23dbe24cdcbd4a0a543a876628dce80d2feed56352355394bc0b4f,e0190d3da4707025b4555e20c35317c4529651065f8cdbf825704f21fbb0047d,False,False,False,False,False
BAD26-CR10677-kM4hS0yeqqI-D002,discovery,1480,10677,World Climbing Series Prague 2026,Men,Final,kM4hS0yeqqI,https://www.youtube.com/watch?v=kM4hS0yeqqI,1444,2887,0.25,,,completed,event-1480,b488a6378b23dbe24cdcbd4a0a543a876628dce80d2feed56352355394bc0b4f,e0190d3da4707025b4555e20c35317c4529651065f8cdbf825704f21fbb0047d,False,False,False,False,False
BAD26-CR10677-kM4hS0yeqqI-D003,discovery,1480,10677,World Climbing Series Prague 2026,Men,Final,kM4hS0yeqqI,https://www.youtube.com/watch?v=kM4hS0yeqqI,2887,4331,0.25,,,completed,event-1480,b488a6378b23dbe24cdcbd4a0a543a876628dce80d2feed56352355394bc0b4f,e0190d3da4707025b4555e20c35317c4529651065f8cdbf825704f21fbb0047d,False,False,False,False,False
BAD26-CR10677-kM4hS0yeqqI-D004,discovery,1480,10677,World Climbing Series Prague 2026,Men,Final,kM4hS0yeqqI,https://www.youtube.com/watch?v=kM4hS0yeqqI,4331,5775,0.25,,,completed,event-1480,b488a6378b23dbe24cdcbd4a0a543a876628dce80d2feed56352355394bc0b4f,e0190d3da4707025b4555e20c35317c4529651065f8cdbf825704f21fbb0047d,False,False,False,False,False
BAD26-CR10677-kM4hS0yeqqI-D005,discovery,1480,10677,World Climbing Series Prague 2026,Men,Final,kM4hS0yeqqI,https://www.youtube.com/watch?v=kM4hS0yeqqI,5775,7218,0.25,,,completed,event-1480,b488a6378b23dbe24cdcbd4a0a543a876628dce80d2feed56352355394bc0b4f,e0190d3da4707025b4555e20c35317c4529651065f8cdbf825704f21fbb0047d,False,False,False,False,False
BAD26-CR10677-kM4hS0yeqqI-D006,discovery,1480,10677,World Climbing Series Prague 2026,Men,Final,kM4hS0yeqqI,https://www.youtube.com/watch?v=kM4hS0yeqqI,7218,8662,0.25,,,completed,event-1480,b488a6378b23dbe24cdcbd4a0a543a876628dce80d2feed56352355394bc0b4f,e0190d3da4707025b4555e20c35317c4529651065f8cdbf825704f21fbb0047d,False,False,False,False,False
BAD26-CR10676-zidC-G0uC8E-D001,discovery,1480,10676,World Climbing Series Prague 2026,Women,Semi-final,zidC-G0uC8E,https://www.youtube.com/watch?v=zidC-G0uC8E,0,1434,0.25,,,completed,event-1480,b488a6378b23dbe24cdcbd4a0a543a876628dce80d2feed56352355394bc0b4f,e0190d3da4707025b4555e20c35317c4529651065f8cdbf825704f21fbb0047d,False,False,False,False,False
BAD26-CR10676-zidC-G0uC8E-D002,discovery,1480,10676,World Climbing Series Prague 2026,Women,Semi-final,zidC-G0uC8E,https://www.youtube.com/watch?v=zidC-G0uC8E,1434,2867,0.25,,,completed,event-1480,b488a6378b23dbe24cdcbd4a0a543a876628dce80d2feed56352355394bc0b4f,e0190d3da4707025b4555e20c35317c4529651065f8cdbf825704f21fbb0047d,False,False,False,False,False
BAD26-CR10676-zidC-G0uC8E-D003,discovery,1480,10676,World Climbing Series Prague 2026,Women,Semi-final,zidC-G0uC8E,https://www.youtube.com/watch?v=zidC-G0uC8E,2867,4301,0.25,,,completed,event-1480,b488a6378b23dbe24cdcbd4a0a543a876628dce80d2feed56352355394bc0b4f,e0190d3da4707025b4555e20c35317c4529651065f8cdbf825704f21fbb0047d,False,False,False,False,False
BAD26-CR10676-zidC-G0uC8E-D004,discovery,1480,10676,World Climbing Series Prague 2026,Women,Semi-final,zidC-G0uC8E,https://www.youtube.com/watch?v=zidC-G0uC8E,4301,5734,0.25,,,completed,event-1480,b488a6378b23dbe24cdcbd4a0a543a876628dce80d2feed56352355394bc0b4f,e0190d3da4707025b4555e20c35317c4529651065f8cdbf825704f21fbb0047d,False,False,False,False,False
BAD26-CR10676-zidC-G0uC8E-D005,discovery,1480,10676,World Climbing Series Prague 2026,Women,Semi-final,zidC-G0uC8E,https://www.youtube.com/watch?v=zidC-G0uC8E,5734,7168,0.25,,,completed,event-1480,b488a6378b23dbe24cdcbd4a0a543a876628dce80d2feed56352355394bc0b4f,e0190d3da4707025b4555e20c35317c4529651065f8cdbf825704f21fbb0047d,False,False,False,False,False
BAD26-CR10676-zidC-G0uC8E-D006,discovery,1480,10676,World Climbing Series Prague 2026,Women,Semi-final,zidC-G0uC8E,https://www.youtube.com/watch?v=zidC-G0uC8E,7168,8601,0.25,,,completed,event-1480,b488a6378b23dbe24cdcbd4a0a543a876628dce80d2feed56352355394bc0b4f,e0190d3da4707025b4555e20c35317c4529651065f8cdbf825704f21fbb0047d,False,False,False,False,False
BAD26-CR10676-zidC-G0uC8E-D007,discovery,1480,10676,World Climbing Series Prague 2026,Women,Semi-final,zidC-G0uC8E,https://www.youtube.com/watch?v=zidC-G0uC8E,8601,10035,0.25,,,completed,event-1480,b488a6378b23dbe24cdcbd4a0a543a876628dce80d2feed56352355394bc0b4f,e0190d3da4707025b4555e20c35317c4529651065f8cdbf825704f21fbb0047d,False,False,False,False,False
BAD26-CR10681-LJFxLkPn_Vc-D001,discovery,1482,10681,World Climbing Series Innsbruck 2026,Men,Final,LJFxLkPn_Vc,https://www.youtube.com/watch?v=LJFxLkPn_Vc,0,1383,0.25,,,completed,event-1482,3641376052a26176765d9ec496362ae42d71c18503cae5309afa584be21e7aa3,948863cfb496864447dfe5427c4bbe1d4224b966c68ba8c544f941197ce1612a,False,False,False,False,False
BAD26-CR10681-LJFxLkPn_Vc-D002,discovery,1482,10681,World Climbing Series Innsbruck 2026,Men,Final,LJFxLkPn_Vc,https://www.youtube.com/watch?v=LJFxLkPn_Vc,1383,2767,0.25,,,completed,event-1482,3641376052a26176765d9ec496362ae42d71c18503cae5309afa584be21e7aa3,948863cfb496864447dfe5427c4bbe1d4224b966c68ba8c544f941197ce1612a,False,False,False,False,False
BAD26-CR10681-LJFxLkPn_Vc-D003,discovery,1482,10681,World Climbing Series Innsbruck 2026,Men,Final,LJFxLkPn_Vc,https://www.youtube.com/watch?v=LJFxLkPn_Vc,2767,4150,0.25,,,completed,event-1482,3641376052a26176765d9ec496362ae42d71c18503cae5309afa584be21e7aa3,948863cfb496864447dfe5427c4bbe1d4224b966c68ba8c544f941197ce1612a,False,False,False,False,False
BAD26-CR10681-LJFxLkPn_Vc-D004,discovery,1482,10681,World Climbing Series Innsbruck 2026,Men,Final,LJFxLkPn_Vc,https://www.youtube.com/watch?v=LJFxLkPn_Vc,4150,5533,0.25,,,completed,event-1482,3641376052a26176765d9ec496362ae42d71c18503cae5309afa584be21e7aa3,948863cfb496864447dfe5427c4bbe1d4224b966c68ba8c544f941197ce1612a,False,False,False,False,False
BAD26-CR10681-LJFxLkPn_Vc-D005,discovery,1482,10681,World Climbing Series Innsbruck 2026,Men,Final,LJFxLkPn_Vc,https://www.youtube.com/watch?v=LJFxLkPn_Vc,5533,6917,0.25,,,completed,event-1482,3641376052a26176765d9ec496362ae42d71c18503cae5309afa584be21e7aa3,948863cfb496864447dfe5427c4bbe1d4224b966c68ba8c544f941197ce1612a,False,False,False,False,False
BAD26-CR10681-LJFxLkPn_Vc-D006,discovery,1482,10681,World Climbing Series Innsbruck 2026,Men,Final,LJFxLkPn_Vc,https://www.youtube.com/watch?v=LJFxLkPn_Vc,6917,8300,0.25,,,completed,event-1482,3641376052a26176765d9ec496362ae42d71c18503cae5309afa584be21e7aa3,948863cfb496864447dfe5427c4bbe1d4224b966c68ba8c544f941197ce1612a,False,False,False,False,False
BAD26-CR10680-N17gY0_LeoE-D001,discovery,1482,10680,World Climbing Series Innsbruck 2026,Women,Semi-final,N17gY0_LeoE,https://www.youtube.com/watch?v=N17gY0_LeoE,0,1428,0.25,,,completed,event-1482,3641376052a26176765d9ec496362ae42d71c18503cae5309afa584be21e7aa3,948863cfb496864447dfe5427c4bbe1d4224b966c68ba8c544f941197ce1612a,False,False,False,False,False
BAD26-CR10680-N17gY0_LeoE-D002,discovery,1482,10680,World Climbing Series Innsbruck 2026,Women,Semi-final,N17gY0_LeoE,https://www.youtube.com/watch?v=N17gY0_LeoE,1428,2856,0.25,,,completed,event-1482,3641376052a26176765d9ec496362ae42d71c18503cae5309afa584be21e7aa3,948863cfb496864447dfe5427c4bbe1d4224b966c68ba8c544f941197ce1612a,False,False,False,False,False
BAD26-CR10680-N17gY0_LeoE-D003,discovery,1482,10680,World Climbing Series Innsbruck 2026,Women,Semi-final,N17gY0_LeoE,https://www.youtube.com/watch?v=N17gY0_LeoE,2856,4284,0.25,,,completed,event-1482,3641376052a26176765d9ec496362ae42d71c18503cae5309afa584be21e7aa3,948863cfb496864447dfe5427c4bbe1d4224b966c68ba8c544f941197ce1612a,False,False,False,False,False
BAD26-CR10680-N17gY0_LeoE-D004,discovery,1482,10680,World Climbing Series Innsbruck 2026,Women,Semi-final,N17gY0_LeoE,https://www.youtube.com/watch?v=N17gY0_LeoE,4284,5711,0.25,,,completed,event-1482,3641376052a26176765d9ec496362ae42d71c18503cae5309afa584be21e7aa3,948863cfb496864447dfe5427c4bbe1d4224b966c68ba8c544f941197ce1612a,False,False,False,False,False
BAD26-CR10680-N17gY0_LeoE-D005,discovery,1482,10680,World Climbing Series Innsbruck 2026,Women,Semi-final,N17gY0_LeoE,https://www.youtube.com/watch?v=N17gY0_LeoE,5711,7139,0.25,,,completed,event-1482,3641376052a26176765d9ec496362ae42d71c18503cae5309afa584be21e7aa3,948863cfb496864447dfe5427c4bbe1d4224b966c68ba8c544f941197ce1612a,False,False,False,False,False
BAD26-CR10680-N17gY0_LeoE-D006,discovery,1482,10680,World Climbing Series Innsbruck 2026,Women,Semi-final,N17gY0_LeoE,https://www.youtube.com/watch?v=N17gY0_LeoE,7139,8567,0.25,,,completed,event-1482,3641376052a26176765d9ec496362ae42d71c18503cae5309afa584be21e7aa3,948863cfb496864447dfe5427c4bbe1d4224b966c68ba8c544f941197ce1612a,False,False,False,False,False
BAD26-CR10680-N17gY0_LeoE-D007,discovery,1482,10680,World Climbing Series Innsbruck 2026,Women,Semi-final,N17gY0_LeoE,https://www.youtube.com/watch?v=N17gY0_LeoE,8567,9995,0.25,,,completed,event-1482,3641376052a26176765d9ec496362ae42d71c18503cae5309afa584be21e7aa3,948863cfb496864447dfe5427c4bbe1d4224b966c68ba8c544f941197ce1612a,False,False,False,False,False
BAD26-CR10682-l5iURs-VBwM-D001,discovery,1482,10682,World Climbing Series Innsbruck 2026,Women,Final,l5iURs-VBwM,https://www.youtube.com/watch?v=l5iURs-VBwM,0,1388,0.25,,,completed,event-1482,3641376052a26176765d9ec496362ae42d71c18503cae5309afa584be21e7aa3,948863cfb496864447dfe5427c4bbe1d4224b966c68ba8c544f941197ce1612a,False,False,False,False,False
BAD26-CR10682-l5iURs-VBwM-D002,discovery,1482,10682,World Climbing Series Innsbruck 2026,Women,Final,l5iURs-VBwM,https://www.youtube.com/watch?v=l5iURs-VBwM,1388,2777,0.25,,,completed,event-1482,3641376052a26176765d9ec496362ae42d71c18503cae5309afa584be21e7aa3,948863cfb496864447dfe5427c4bbe1d4224b966c68ba8c544f941197ce1612a,False,False,False,False,False
BAD26-CR10682-l5iURs-VBwM-D003,discovery,1482,10682,World Climbing Series Innsbruck 2026,Women,Final,l5iURs-VBwM,https://www.youtube.com/watch?v=l5iURs-VBwM,2777,4165,0.25,,,completed,event-1482,3641376052a26176765d9ec496362ae42d71c18503cae5309afa584be21e7aa3,948863cfb496864447dfe5427c4bbe1d4224b966c68ba8c544f941197ce1612a,False,False,False,False,False
BAD26-CR10682-l5iURs-VBwM-D004,discovery,1482,10682,World Climbing Series Innsbruck 2026,Women,Final,l5iURs-VBwM,https://www.youtube.com/watch?v=l5iURs-VBwM,4165,5553,0.25,,,completed,event-1482,3641376052a26176765d9ec496362ae42d71c18503cae5309afa584be21e7aa3,948863cfb496864447dfe5427c4bbe1d4224b966c68ba8c544f941197ce1612a,False,False,False,False,False
BAD26-CR10682-l5iURs-VBwM-D005,discovery,1482,10682,World Climbing Series Innsbruck 2026,Women,Final,l5iURs-VBwM,https://www.youtube.com/watch?v=l5iURs-VBwM,5553,6942,0.25,,,completed,event-1482,3641376052a26176765d9ec496362ae42d71c18503cae5309afa584be21e7aa3,948863cfb496864447dfe5427c4bbe1d4224b966c68ba8c544f941197ce1612a,False,False,False,False,False
BAD26-CR10682-l5iURs-VBwM-D006,discovery,1482,10682,World Climbing Series Innsbruck 2026,Women,Final,l5iURs-VBwM,https://www.youtube.com/watch?v=l5iURs-VBwM,6942,8330,0.25,,,completed,event-1482,3641376052a26176765d9ec496362ae42d71c18503cae5309afa584be21e7aa3,948863cfb496864447dfe5427c4bbe1d4224b966c68ba8c544f941197ce1612a,False,False,False,False,False
BAD26-CR10679-yo8gSEI_iTM-D001,discovery,1482,10679,World Climbing Series Innsbruck 2026,Men,Semi-final,yo8gSEI_iTM,https://www.youtube.com/watch?v=yo8gSEI_iTM,0,1436,0.25,,,completed,event-1482,3641376052a26176765d9ec496362ae42d71c18503cae5309afa584be21e7aa3,948863cfb496864447dfe5427c4bbe1d4224b966c68ba8c544f941197ce1612a,False,False,False,False,False
BAD26-CR10679-yo8gSEI_iTM-D002,discovery,1482,10679,World Climbing Series Innsbruck 2026,Men,Semi-final,yo8gSEI_iTM,https://www.youtube.com/watch?v=yo8gSEI_iTM,1436,2871,0.25,,,completed,event-1482,3641376052a26176765d9ec496362ae42d71c18503cae5309afa584be21e7aa3,948863cfb496864447dfe5427c4bbe1d4224b966c68ba8c544f941197ce1612a,False,False,False,False,False
BAD26-CR10679-yo8gSEI_iTM-D003,discovery,1482,10679,World Climbing Series Innsbruck 2026,Men,Semi-final,yo8gSEI_iTM,https://www.youtube.com/watch?v=yo8gSEI_iTM,2871,4307,0.25,,,completed,event-1482,3641376052a26176765d9ec496362ae42d71c18503cae5309afa584be21e7aa3,948863cfb496864447dfe5427c4bbe1d4224b966c68ba8c544f941197ce1612a,False,False,False,False,False
BAD26-CR10679-yo8gSEI_iTM-D004,discovery,1482,10679,World Climbing Series Innsbruck 2026,Men,Semi-final,yo8gSEI_iTM,https://www.youtube.com/watch?v=yo8gSEI_iTM,4307,5743,0.25,,,completed,event-1482,3641376052a26176765d9ec496362ae42d71c18503cae5309afa584be21e7aa3,948863cfb496864447dfe5427c4bbe1d4224b966c68ba8c544f941197ce1612a,False,False,False,False,False
BAD26-CR10679-yo8gSEI_iTM-D005,discovery,1482,10679,World Climbing Series Innsbruck 2026,Men,Semi-final,yo8gSEI_iTM,https://www.youtube.com/watch?v=yo8gSEI_iTM,5743,7179,0.25,,,completed,event-1482,3641376052a26176765d9ec496362ae42d71c18503cae5309afa584be21e7aa3,948863cfb496864447dfe5427c4bbe1d4224b966c68ba8c544f941197ce1612a,False,False,False,False,False
BAD26-CR10679-yo8gSEI_iTM-D006,discovery,1482,10679,World Climbing Series Innsbruck 2026,Men,Semi-final,yo8gSEI_iTM,https://www.youtube.com/watch?v=yo8gSEI_iTM,7179,8614,0.25,,,completed,event-1482,3641376052a26176765d9ec496362ae42d71c18503cae5309afa584be21e7aa3,948863cfb496864447dfe5427c4bbe1d4224b966c68ba8c544f941197ce1612a,False,False,False,False,False
BAD26-CR10679-yo8gSEI_iTM-D007,discovery,1482,10679,World Climbing Series Innsbruck 2026,Men,Semi-final,yo8gSEI_iTM,https://www.youtube.com/watch?v=yo8gSEI_iTM,8614,10050,0.25,,,completed,event-1482,3641376052a26176765d9ec496362ae42d71c18503cae5309afa584be21e7aa3,948863cfb496864447dfe5427c4bbe1d4224b966c68ba8c544f941197ce1612a,False,False,False,False,False
