pipeline_version,window_id,pass_name,event_id,category_round_id,event,gender,round,video_id,youtube_url,start_seconds,end_seconds,fps,source_candidate_id,source_discovery_window_id,source_checkpoint_id,source_checkpoint_contract_sha256,source_review_windows_sha256,window_duration_seconds,media_download_required,production_use_allowed,athlete_scoring_allowed,athlete_comparison_allowed,elo_update_allowed
ifsc-boulder-anchor-discovery-v1,BAD26-V-4a3dc42c2bf8,verification,1479,10670,World Climbing Series Comunidad de Madrid 2026,Women,Semi-final,cN3uYjZfkr4,https://www.youtube.com/watch?v=cN3uYjZfkr4,10,70,1.0,scene_1,BAD26-CR10670-cN3uYjZfkr4-D001,event-1479,24568cc893033b7e51bb0c040da2546460260b508cbd710a75cbad10381dfa3c,5e0e5bb22b7d5e2a475b283177bb945a8e7ea4ae499433674402eba3f19cce8e,60,False,False,False,False,False
ifsc-boulder-anchor-discovery-v1,BAD26-V-1a21d5df2a7a,verification,1479,10670,World Climbing Series Comunidad de Madrid 2026,Women,Semi-final,cN3uYjZfkr4,https://www.youtube.com/watch?v=cN3uYjZfkr4,94,154,1.0,anchor_1,BAD26-CR10670-cN3uYjZfkr4-D001,event-1479,24568cc893033b7e51bb0c040da2546460260b508cbd710a75cbad10381dfa3c,5e0e5bb22b7d5e2a475b283177bb945a8e7ea4ae499433674402eba3f19cce8e,60,False,False,False,False,False
ifsc-boulder-anchor-discovery-v1,BAD26-V-bfb51d38cc93,verification,1479,10670,World Climbing Series Comunidad de Madrid 2026,Women,Semi-final,cN3uYjZfkr4,https://www.youtube.com/watch?v=cN3uYjZfkr4,282,342,1.0,anchor_2,BAD26-CR10670-cN3uYjZfkr4-D001,event-1479,24568cc893033b7e51bb0c040da2546460260b508cbd710a75cbad10381dfa3c,5e0e5bb22b7d5e2a475b283177bb945a8e7ea4ae499433674402eba3f19cce8e,60,False,False,False,False,False
ifsc-boulder-anchor-discovery-v1,BAD26-V-0739ae1ec139,verification,1479,10670,World Climbing Series Comunidad de Madrid 2026,Women,Semi-final,cN3uYjZfkr4,https://www.youtube.com/watch?v=cN3uYjZfkr4,566,626,1.0,scene_2,BAD26-CR10670-cN3uYjZfkr4-D001,event-1479,24568cc893033b7e51bb0c040da2546460260b508cbd710a75cbad10381dfa3c,5e0e5bb22b7d5e2a475b283177bb945a8e7ea4ae499433674402eba3f19cce8e,60,False,False,False,False,False
ifsc-boulder-anchor-discovery-v1,BAD26-V-c246e61ee31b,verification,1479,10670,World Climbing Series Comunidad de Madrid 2026,Women,Semi-final,cN3uYjZfkr4,https://www.youtube.com/watch?v=cN3uYjZfkr4,1329,1389,1.0,anchor_001,BAD26-CR10670-cN3uYjZfkr4-D002,event-1479,24568cc893033b7e51bb0c040da2546460260b508cbd710a75cbad10381dfa3c,5e0e5bb22b7d5e2a475b283177bb945a8e7ea4ae499433674402eba3f19cce8e,60,False,False,False,False,False
ifsc-boulder-anchor-discovery-v1,BAD26-V-a8464421a3a5,verification,1479,10670,World Climbing Series Comunidad de Madrid 2026,Women,Semi-final,cN3uYjZfkr4,https://www.youtube.com/watch?v=cN3uYjZfkr4,1605,1665,1.0,anchor_002,BAD26-CR10670-cN3uYjZfkr4-D002,event-1479,24568cc893033b7e51bb0c040da2546460260b508cbd710a75cbad10381dfa3c,5e0e5bb22b7d5e2a475b283177bb945a8e7ea4ae499433674402eba3f19cce8e,60,False,False,False,False,False
ifsc-boulder-anchor-discovery-v1,BAD26-V-7b8511150dd7,verification,1479,10670,World Climbing Series Comunidad de Madrid 2026,Women,Semi-final,cN3uYjZfkr4,https://www.youtube.com/watch?v=cN3uYjZfkr4,1840,1900,1.0,scene_001,BAD26-CR10670-cN3uYjZfkr4-D002,event-1479,24568cc893033b7e51bb0c040da2546460260b508cbd710a75cbad10381dfa3c,5e0e5bb22b7d5e2a475b283177bb945a8e7ea4ae499433674402eba3f19cce8e,60,False,False,False,False,False
ifsc-boulder-anchor-discovery-v1,BAD26-V-b0085a379402,verification,1479,10670,World Climbing Series Comunidad de Madrid 2026,Women,Semi-final,cN3uYjZfkr4,https://www.youtube.com/watch?v=cN3uYjZfkr4,1980,2040,1.0,anchor_003,BAD26-CR10670-cN3uYjZfkr4-D002,event-1479,24568cc893033b7e51bb0c040da2546460260b508cbd710a75cbad10381dfa3c,5e0e5bb22b7d5e2a475b283177bb945a8e7ea4ae499433674402eba3f19cce8e,60,False,False,False,False,False
ifsc-boulder-anchor-discovery-v1,BAD26-V-0a5f706fe88f,verification,1479,10670,World Climbing Series Comunidad de Madrid 2026,Women,Semi-final,cN3uYjZfkr4,https://www.youtube.com/watch?v=cN3uYjZfkr4,2120,2180,1.0,scene_002,BAD26-CR10670-cN3uYjZfkr4-D002,event-1479,24568cc893033b7e51bb0c040da2546460260b508cbd710a75cbad10381dfa3c,5e0e5bb22b7d5e2a475b283177bb945a8e7ea4ae499433674402eba3f19cce8e,60,False,False,False,False,False
ifsc-boulder-anchor-discovery-v1,BAD26-V-1121ed2df53d,verification,1479,10670,World Climbing Series Comunidad de Madrid 2026,Women,Semi-final,cN3uYjZfkr4,https://www.youtube.com/watch?v=cN3uYjZfkr4,2687,2747,1.0,anchor_01,BAD26-CR10670-cN3uYjZfkr4-D003,event-1479,24568cc893033b7e51bb0c040da2546460260b508cbd710a75cbad10381dfa3c,5e0e5bb22b7d5e2a475b283177bb945a8e7ea4ae499433674402eba3f19cce8e,60,False,False,False,False,False
ifsc-boulder-anchor-discovery-v1,BAD26-V-fa019d073591,verification,1479,10670,World Climbing Series Comunidad de Madrid 2026,Women,Semi-final,cN3uYjZfkr4,https://www.youtube.com/watch?v=cN3uYjZfkr4,2687,2747,1.0,scene_01,BAD26-CR10670-cN3uYjZfkr4-D003,event-1479,24568cc893033b7e51bb0c040da2546460260b508cbd710a75cbad10381dfa3c,5e0e5bb22b7d5e2a475b283177bb945a8e7ea4ae499433674402eba3f19cce8e,60,False,False,False,False,False
ifsc-boulder-anchor-discovery-v1,BAD26-V-6b33aea8de88,verification,1479,10670,World Climbing Series Comunidad de Madrid 2026,Women,Semi-final,cN3uYjZfkr4,https://www.youtube.com/watch?v=cN3uYjZfkr4,2847,2907,1.0,scene_02,BAD26-CR10670-cN3uYjZfkr4-D003,event-1479,24568cc893033b7e51bb0c040da2546460260b508cbd710a75cbad10381dfa3c,5e0e5bb22b7d5e2a475b283177bb945a8e7ea4ae499433674402eba3f19cce8e,60,False,False,False,False,False
ifsc-boulder-anchor-discovery-v1,BAD26-V-8e26d70a074a,verification,1479,10670,World Climbing Series Comunidad de Madrid 2026,Women,Semi-final,cN3uYjZfkr4,https://www.youtube.com/watch?v=cN3uYjZfkr4,2847,2907,1.0,anchor_02,BAD26-CR10670-cN3uYjZfkr4-D003,event-1479,24568cc893033b7e51bb0c040da2546460260b508cbd710a75cbad10381dfa3c,5e0e5bb22b7d5e2a475b283177bb945a8e7ea4ae499433674402eba3f19cce8e,60,False,False,False,False,False
ifsc-boulder-anchor-discovery-v1,BAD26-V-2b704dad81b6,verification,1479,10670,World Climbing Series Comunidad de Madrid 2026,Women,Semi-final,cN3uYjZfkr4,https://www.youtube.com/watch?v=cN3uYjZfkr4,3007,3067,1.0,scene_03,BAD26-CR10670-cN3uYjZfkr4-D003,event-1479,24568cc893033b7e51bb0c040da2546460260b508cbd710a75cbad10381dfa3c,5e0e5bb22b7d5e2a475b283177bb945a8e7ea4ae499433674402eba3f19cce8e,60,False,False,False,False,False
ifsc-boulder-anchor-discovery-v1,BAD26-V-864e884d3773,verification,1479,10670,World Climbing Series Comunidad de Madrid 2026,Women,Semi-final,cN3uYjZfkr4,https://www.youtube.com/watch?v=cN3uYjZfkr4,3007,3067,1.0,anchor_03,BAD26-CR10670-cN3uYjZfkr4-D003,event-1479,24568cc893033b7e51bb0c040da2546460260b508cbd710a75cbad10381dfa3c,5e0e5bb22b7d5e2a475b283177bb945a8e7ea4ae499433674402eba3f19cce8e,60,False,False,False,False,False
ifsc-boulder-anchor-discovery-v1,BAD26-V-3603172670bd,verification,1479,10670,World Climbing Series Comunidad de Madrid 2026,Women,Semi-final,cN3uYjZfkr4,https://www.youtube.com/watch?v=cN3uYjZfkr4,3177,3237,1.0,anchor_04,BAD26-CR10670-cN3uYjZfkr4-D003,event-1479,24568cc893033b7e51bb0c040da2546460260b508cbd710a75cbad10381dfa3c,5e0e5bb22b7d5e2a475b283177bb945a8e7ea4ae499433674402eba3f19cce8e,60,False,False,False,False,False
ifsc-boulder-anchor-discovery-v1,BAD26-V-ea481a13dcea,verification,1479,10670,World Climbing Series Comunidad de Madrid 2026,Women,Semi-final,cN3uYjZfkr4,https://www.youtube.com/watch?v=cN3uYjZfkr4,3177,3237,1.0,scene_04,BAD26-CR10670-cN3uYjZfkr4-D003,event-1479,24568cc893033b7e51bb0c040da2546460260b508cbd710a75cbad10381dfa3c,5e0e5bb22b7d5e2a475b283177bb945a8e7ea4ae499433674402eba3f19cce8e,60,False,False,False,False,False
ifsc-boulder-anchor-discovery-v1,BAD26-V-62bc959f6c76,verification,1479,10670,World Climbing Series Comunidad de Madrid 2026,Women,Semi-final,cN3uYjZfkr4,https://www.youtube.com/watch?v=cN3uYjZfkr4,3337,3397,1.0,scene_05,BAD26-CR10670-cN3uYjZfkr4-D003,event-1479,24568cc893033b7e51bb0c040da2546460260b508cbd710a75cbad10381dfa3c,5e0e5bb22b7d5e2a475b283177bb945a8e7ea4ae499433674402eba3f19cce8e,60,False,False,False,False,False
ifsc-boulder-anchor-discovery-v1,BAD26-V-b2aabe33a967,verification,1479,10670,World Climbing Series Comunidad de Madrid 2026,Women,Semi-final,cN3uYjZfkr4,https://www.youtube.com/watch?v=cN3uYjZfkr4,3337,3397,1.0,anchor_05,BAD26-CR10670-cN3uYjZfkr4-D003,event-1479,24568cc893033b7e51bb0c040da2546460260b508cbd710a75cbad10381dfa3c,5e0e5bb22b7d5e2a475b283177bb945a8e7ea4ae499433674402eba3f19cce8e,60,False,False,False,False,False
ifsc-boulder-anchor-discovery-v1,BAD26-V-163f8f28c208,verification,1479,10670,World Climbing Series Comunidad de Madrid 2026,Women,Semi-final,cN3uYjZfkr4,https://www.youtube.com/watch?v=cN3uYjZfkr4,3497,3557,1.0,anchor_06,BAD26-CR10670-cN3uYjZfkr4-D003,event-1479,24568cc893033b7e51bb0c040da2546460260b508cbd710a75cbad10381dfa3c,5e0e5bb22b7d5e2a475b283177bb945a8e7ea4ae499433674402eba3f19cce8e,60,False,False,False,False,False
ifsc-boulder-anchor-discovery-v1,BAD26-V-b4a69e941e14,verification,1479,10670,World Climbing Series Comunidad de Madrid 2026,Women,Semi-final,cN3uYjZfkr4,https://www.youtube.com/watch?v=cN3uYjZfkr4,3497,3557,1.0,scene_06,BAD26-CR10670-cN3uYjZfkr4-D003,event-1479,24568cc893033b7e51bb0c040da2546460260b508cbd710a75cbad10381dfa3c,5e0e5bb22b7d5e2a475b283177bb945a8e7ea4ae499433674402eba3f19cce8e,60,False,False,False,False,False
ifsc-boulder-anchor-discovery-v1,BAD26-V-93e03b8ae9d7,verification,1479,10670,World Climbing Series Comunidad de Madrid 2026,Women,Semi-final,cN3uYjZfkr4,https://www.youtube.com/watch?v=cN3uYjZfkr4,3657,3717,1.0,scene_07,BAD26-CR10670-cN3uYjZfkr4-D003,event-1479,24568cc893033b7e51bb0c040da2546460260b508cbd710a75cbad10381dfa3c,5e0e5bb22b7d5e2a475b283177bb945a8e7ea4ae499433674402eba3f19cce8e,60,False,False,False,False,False
ifsc-boulder-anchor-discovery-v1,BAD26-V-e61246911490,verification,1479,10670,World Climbing Series Comunidad de Madrid 2026,Women,Semi-final,cN3uYjZfkr4,https://www.youtube.com/watch?v=cN3uYjZfkr4,3657,3717,1.0,anchor_07,BAD26-CR10670-cN3uYjZfkr4-D003,event-1479,24568cc893033b7e51bb0c040da2546460260b508cbd710a75cbad10381dfa3c,5e0e5bb22b7d5e2a475b283177bb945a8e7ea4ae499433674402eba3f19cce8e,60,False,False,False,False,False
ifsc-boulder-anchor-discovery-v1,BAD26-V-6caff42ac085,verification,1479,10670,World Climbing Series Comunidad de Madrid 2026,Women,Semi-final,cN3uYjZfkr4,https://www.youtube.com/watch?v=cN3uYjZfkr4,3817,3877,1.0,scene_08,BAD26-CR10670-cN3uYjZfkr4-D003,event-1479,24568cc893033b7e51bb0c040da2546460260b508cbd710a75cbad10381dfa3c,5e0e5bb22b7d5e2a475b283177bb945a8e7ea4ae499433674402eba3f19cce8e,60,False,False,False,False,False
ifsc-boulder-anchor-discovery-v1,BAD26-V-de5b62d04140,verification,1479,10670,World Climbing Series Comunidad de Madrid 2026,Women,Semi-final,cN3uYjZfkr4,https://www.youtube.com/watch?v=cN3uYjZfkr4,3817,3877,1.0,anchor_08,BAD26-CR10670-cN3uYjZfkr4-D003,event-1479,24568cc893033b7e51bb0c040da2546460260b508cbd710a75cbad10381dfa3c,5e0e5bb22b7d5e2a475b283177bb945a8e7ea4ae499433674402eba3f19cce8e,60,False,False,False,False,False
ifsc-boulder-anchor-discovery-v1,BAD26-V-08facbb3412a,verification,1479,10670,World Climbing Series Comunidad de Madrid 2026,Women,Semi-final,cN3uYjZfkr4,https://www.youtube.com/watch?v=cN3uYjZfkr4,3977,4037,1.0,anchor_09,BAD26-CR10670-cN3uYjZfkr4-D003,event-1479,24568cc893033b7e51bb0c040da2546460260b508cbd710a75cbad10381dfa3c,5e0e5bb22b7d5e2a475b283177bb945a8e7ea4ae499433674402eba3f19cce8e,60,False,False,False,False,False
ifsc-boulder-anchor-discovery-v1,BAD26-V-fdba5de02760,verification,1479,10670,World Climbing Series Comunidad de Madrid 2026,Women,Semi-final,cN3uYjZfkr4,https://www.youtube.com/watch?v=cN3uYjZfkr4,3977,4037,1.0,scene_09,BAD26-CR10670-cN3uYjZfkr4-D003,event-1479,24568cc893033b7e51bb0c040da2546460260b508cbd710a75cbad10381dfa3c,5e0e5bb22b7d5e2a475b283177bb945a8e7ea4ae499433674402eba3f19cce8e,60,False,False,False,False,False
ifsc-boulder-anchor-discovery-v1,BAD26-V-4173052977eb,verification,1479,10670,World Climbing Series Comunidad de Madrid 2026,Women,Semi-final,cN3uYjZfkr4,https://www.youtube.com/watch?v=cN3uYjZfkr4,4046,4106,1.0,anchor_001,BAD26-CR10670-cN3uYjZfkr4-D004,event-1479,24568cc893033b7e51bb0c040da2546460260b508cbd710a75cbad10381dfa3c,5e0e5bb22b7d5e2a475b283177bb945a8e7ea4ae499433674402eba3f19cce8e,60,False,False,False,False,False
ifsc-boulder-anchor-discovery-v1,BAD26-V-9d72eb9686d0,verification,1479,10670,World Climbing Series Comunidad de Madrid 2026,Women,Semi-final,cN3uYjZfkr4,https://www.youtube.com/watch?v=cN3uYjZfkr4,4046,4106,1.0,scene_001,BAD26-CR10670-cN3uYjZfkr4-D004,event-1479,24568cc893033b7e51bb0c040da2546460260b508cbd710a75cbad10381dfa3c,5e0e5bb22b7d5e2a475b283177bb945a8e7ea4ae499433674402eba3f19cce8e,60,False,False,False,False,False
ifsc-boulder-anchor-discovery-v1,BAD26-V-3068c51a9bdc,verification,1479,10670,World Climbing Series Comunidad de Madrid 2026,Women,Semi-final,cN3uYjZfkr4,https://www.youtube.com/watch?v=cN3uYjZfkr4,4078,4138,1.0,anchor_002,BAD26-CR10670-cN3uYjZfkr4-D004,event-1479,24568cc893033b7e51bb0c040da2546460260b508cbd710a75cbad10381dfa3c,5e0e5bb22b7d5e2a475b283177bb945a8e7ea4ae499433674402eba3f19cce8e,60,False,False,False,False,False
ifsc-boulder-anchor-discovery-v1,BAD26-V-7268d8494de2,verification,1479,10670,World Climbing Series Comunidad de Madrid 2026,Women,Semi-final,cN3uYjZfkr4,https://www.youtube.com/watch?v=cN3uYjZfkr4,4130,4190,1.0,scene_002,BAD26-CR10670-cN3uYjZfkr4-D004,event-1479,24568cc893033b7e51bb0c040da2546460260b508cbd710a75cbad10381dfa3c,5e0e5bb22b7d5e2a475b283177bb945a8e7ea4ae499433674402eba3f19cce8e,60,False,False,False,False,False
ifsc-boulder-anchor-discovery-v1,BAD26-V-8b119476cc5c,verification,1479,10670,World Climbing Series Comunidad de Madrid 2026,Women,Semi-final,cN3uYjZfkr4,https://www.youtube.com/watch?v=cN3uYjZfkr4,4130,4190,1.0,anchor_003,BAD26-CR10670-cN3uYjZfkr4-D004,event-1479,24568cc893033b7e51bb0c040da2546460260b508cbd710a75cbad10381dfa3c,5e0e5bb22b7d5e2a475b283177bb945a8e7ea4ae499433674402eba3f19cce8e,60,False,False,False,False,False
ifsc-boulder-anchor-discovery-v1,BAD26-V-4ae3a94676de,verification,1479,10670,World Climbing Series Comunidad de Madrid 2026,Women,Semi-final,cN3uYjZfkr4,https://www.youtube.com/watch?v=cN3uYjZfkr4,5404,5464,1.0,anchor_01,BAD26-CR10670-cN3uYjZfkr4-D005,event-1479,24568cc893033b7e51bb0c040da2546460260b508cbd710a75cbad10381dfa3c,5e0e5bb22b7d5e2a475b283177bb945a8e7ea4ae499433674402eba3f19cce8e,60,False,False,False,False,False
ifsc-boulder-anchor-discovery-v1,BAD26-V-5d16ad775d54,verification,1479,10670,World Climbing Series Comunidad de Madrid 2026,Women,Semi-final,cN3uYjZfkr4,https://www.youtube.com/watch?v=cN3uYjZfkr4,5404,5464,1.0,scene_01,BAD26-CR10670-cN3uYjZfkr4-D005,event-1479,24568cc893033b7e51bb0c040da2546460260b508cbd710a75cbad10381dfa3c,5e0e5bb22b7d5e2a475b283177bb945a8e7ea4ae499433674402eba3f19cce8e,60,False,False,False,False,False
ifsc-boulder-anchor-discovery-v1,BAD26-V-30ac91d07122,verification,1479,10670,World Climbing Series Comunidad de Madrid 2026,Women,Semi-final,cN3uYjZfkr4,https://www.youtube.com/watch?v=cN3uYjZfkr4,5492,5552,1.0,anchor_02,BAD26-CR10670-cN3uYjZfkr4-D005,event-1479,24568cc893033b7e51bb0c040da2546460260b508cbd710a75cbad10381dfa3c,5e0e5bb22b7d5e2a475b283177bb945a8e7ea4ae499433674402eba3f19cce8e,60,False,False,False,False,False
ifsc-boulder-anchor-discovery-v1,BAD26-V-d3a9f333e42c,verification,1479,10670,World Climbing Series Comunidad de Madrid 2026,Women,Semi-final,cN3uYjZfkr4,https://www.youtube.com/watch?v=cN3uYjZfkr4,5492,5552,1.0,scene_02,BAD26-CR10670-cN3uYjZfkr4-D005,event-1479,24568cc893033b7e51bb0c040da2546460260b508cbd710a75cbad10381dfa3c,5e0e5bb22b7d5e2a475b283177bb945a8e7ea4ae499433674402eba3f19cce8e,60,False,False,False,False,False
ifsc-boulder-anchor-discovery-v1,BAD26-V-ed0eaecdca2c,verification,1479,10670,World Climbing Series Comunidad de Madrid 2026,Women,Semi-final,cN3uYjZfkr4,https://www.youtube.com/watch?v=cN3uYjZfkr4,5515,5575,1.0,anchor_03,BAD26-CR10670-cN3uYjZfkr4-D005,event-1479,24568cc893033b7e51bb0c040da2546460260b508cbd710a75cbad10381dfa3c,5e0e5bb22b7d5e2a475b283177bb945a8e7ea4ae499433674402eba3f19cce8e,60,False,False,False,False,False
ifsc-boulder-anchor-discovery-v1,BAD26-V-a17a97a7f387,verification,1479,10670,World Climbing Series Comunidad de Madrid 2026,Women,Semi-final,cN3uYjZfkr4,https://www.youtube.com/watch?v=cN3uYjZfkr4,6770,6830,1.0,scene_1,BAD26-CR10670-cN3uYjZfkr4-D006,event-1479,24568cc893033b7e51bb0c040da2546460260b508cbd710a75cbad10381dfa3c,5e0e5bb22b7d5e2a475b283177bb945a8e7ea4ae499433674402eba3f19cce8e,60,False,False,False,False,False
ifsc-boulder-anchor-discovery-v1,BAD26-V-a8e6f8e3fe05,verification,1479,10670,World Climbing Series Comunidad de Madrid 2026,Women,Semi-final,cN3uYjZfkr4,https://www.youtube.com/watch?v=cN3uYjZfkr4,6770,6830,1.0,anchor_1,BAD26-CR10670-cN3uYjZfkr4-D006,event-1479,24568cc893033b7e51bb0c040da2546460260b508cbd710a75cbad10381dfa3c,5e0e5bb22b7d5e2a475b283177bb945a8e7ea4ae499433674402eba3f19cce8e,60,False,False,False,False,False
ifsc-boulder-anchor-discovery-v1,BAD26-V-08497288eed1,verification,1479,10670,World Climbing Series Comunidad de Madrid 2026,Women,Semi-final,cN3uYjZfkr4,https://www.youtube.com/watch?v=cN3uYjZfkr4,8121,8181,1.0,anchor_01,BAD26-CR10670-cN3uYjZfkr4-D007,event-1479,24568cc893033b7e51bb0c040da2546460260b508cbd710a75cbad10381dfa3c,5e0e5bb22b7d5e2a475b283177bb945a8e7ea4ae499433674402eba3f19cce8e,60,False,False,False,False,False
ifsc-boulder-anchor-discovery-v1,BAD26-V-f75d8dc0c68d,verification,1479,10670,World Climbing Series Comunidad de Madrid 2026,Women,Semi-final,cN3uYjZfkr4,https://www.youtube.com/watch?v=cN3uYjZfkr4,8121,8181,1.0,scene_01,BAD26-CR10670-cN3uYjZfkr4-D007,event-1479,24568cc893033b7e51bb0c040da2546460260b508cbd710a75cbad10381dfa3c,5e0e5bb22b7d5e2a475b283177bb945a8e7ea4ae499433674402eba3f19cce8e,60,False,False,False,False,False
ifsc-boulder-anchor-discovery-v1,BAD26-V-aefbafb25966,verification,1479,10670,World Climbing Series Comunidad de Madrid 2026,Women,Semi-final,cN3uYjZfkr4,https://www.youtube.com/watch?v=cN3uYjZfkr4,8215,8275,1.0,anchor_02,BAD26-CR10670-cN3uYjZfkr4-D007,event-1479,24568cc893033b7e51bb0c040da2546460260b508cbd710a75cbad10381dfa3c,5e0e5bb22b7d5e2a475b283177bb945a8e7ea4ae499433674402eba3f19cce8e,60,False,False,False,False,False
ifsc-boulder-anchor-discovery-v1,BAD26-V-64214242d09d,verification,1479,10670,World Climbing Series Comunidad de Madrid 2026,Women,Semi-final,cN3uYjZfkr4,https://www.youtube.com/watch?v=cN3uYjZfkr4,8360,8420,1.0,scene_02,BAD26-CR10670-cN3uYjZfkr4-D007,event-1479,24568cc893033b7e51bb0c040da2546460260b508cbd710a75cbad10381dfa3c,5e0e5bb22b7d5e2a475b283177bb945a8e7ea4ae499433674402eba3f19cce8e,60,False,False,False,False,False
ifsc-boulder-anchor-discovery-v1,BAD26-V-b68ee1f3e367,verification,1479,10670,World Climbing Series Comunidad de Madrid 2026,Women,Semi-final,cN3uYjZfkr4,https://www.youtube.com/watch?v=cN3uYjZfkr4,9300,9360,1.0,scene_03,BAD26-CR10670-cN3uYjZfkr4-D007,event-1479,24568cc893033b7e51bb0c040da2546460260b508cbd710a75cbad10381dfa3c,5e0e5bb22b7d5e2a475b283177bb945a8e7ea4ae499433674402eba3f19cce8e,60,False,False,False,False,False
ifsc-boulder-anchor-discovery-v1,BAD26-V-e8bbd73085f6,verification,1479,10670,World Climbing Series Comunidad de Madrid 2026,Women,Semi-final,cN3uYjZfkr4,https://www.youtube.com/watch?v=cN3uYjZfkr4,9300,9360,1.0,anchor_03,BAD26-CR10670-cN3uYjZfkr4-D007,event-1479,24568cc893033b7e51bb0c040da2546460260b508cbd710a75cbad10381dfa3c,5e0e5bb22b7d5e2a475b283177bb945a8e7ea4ae499433674402eba3f19cce8e,60,False,False,False,False,False
ifsc-boulder-anchor-discovery-v1,BAD26-V-b232b23c2263,verification,1479,10672,World Climbing Series Comunidad de Madrid 2026,Women,Final,oaOE27vV9tU,https://www.youtube.com/watch?v=oaOE27vV9tU,0,60,1.0,anchor_001,BAD26-CR10672-oaOE27vV9tU-D001,event-1479,24568cc893033b7e51bb0c040da2546460260b508cbd710a75cbad10381dfa3c,5e0e5bb22b7d5e2a475b283177bb945a8e7ea4ae499433674402eba3f19cce8e,60,False,False,False,False,False
ifsc-boulder-anchor-discovery-v1,BAD26-V-75ac24e3fc0c,verification,1479,10672,World Climbing Series Comunidad de Madrid 2026,Women,Final,oaOE27vV9tU,https://www.youtube.com/watch?v=oaOE27vV9tU,190,250,1.0,scene_001,BAD26-CR10672-oaOE27vV9tU-D001,event-1479,24568cc893033b7e51bb0c040da2546460260b508cbd710a75cbad10381dfa3c,5e0e5bb22b7d5e2a475b283177bb945a8e7ea4ae499433674402eba3f19cce8e,60,False,False,False,False,False
ifsc-boulder-anchor-discovery-v1,BAD26-V-d9b3cb5c91de,verification,1479,10672,World Climbing Series Comunidad de Madrid 2026,Women,Final,oaOE27vV9tU,https://www.youtube.com/watch?v=oaOE27vV9tU,418,478,1.0,scene_002,BAD26-CR10672-oaOE27vV9tU-D001,event-1479,24568cc893033b7e51bb0c040da2546460260b508cbd710a75cbad10381dfa3c,5e0e5bb22b7d5e2a475b283177bb945a8e7ea4ae499433674402eba3f19cce8e,60,False,False,False,False,False
ifsc-boulder-anchor-discovery-v1,BAD26-V-e165c1abc66a,verification,1479,10672,World Climbing Series Comunidad de Madrid 2026,Women,Final,oaOE27vV9tU,https://www.youtube.com/watch?v=oaOE27vV9tU,474,534,1.0,anchor_002,BAD26-CR10672-oaOE27vV9tU-D001,event-1479,24568cc893033b7e51bb0c040da2546460260b508cbd710a75cbad10381dfa3c,5e0e5bb22b7d5e2a475b283177bb945a8e7ea4ae499433674402eba3f19cce8e,60,False,False,False,False,False
ifsc-boulder-anchor-discovery-v1,BAD26-V-15d139528819,verification,1479,10672,World Climbing Series Comunidad de Madrid 2026,Women,Final,oaOE27vV9tU,https://www.youtube.com/watch?v=oaOE27vV9tU,1441,1501,1.0,anchor_001,BAD26-CR10672-oaOE27vV9tU-D002,event-1479,24568cc893033b7e51bb0c040da2546460260b508cbd710a75cbad10381dfa3c,5e0e5bb22b7d5e2a475b283177bb945a8e7ea4ae499433674402eba3f19cce8e,60,False,False,False,False,False
ifsc-boulder-anchor-discovery-v1,BAD26-V-c62575ca7c30,verification,1479,10672,World Climbing Series Comunidad de Madrid 2026,Women,Final,oaOE27vV9tU,https://www.youtube.com/watch?v=oaOE27vV9tU,1445,1505,1.0,scene_001,BAD26-CR10672-oaOE27vV9tU-D002,event-1479,24568cc893033b7e51bb0c040da2546460260b508cbd710a75cbad10381dfa3c,5e0e5bb22b7d5e2a475b283177bb945a8e7ea4ae499433674402eba3f19cce8e,60,False,False,False,False,False
ifsc-boulder-anchor-discovery-v1,BAD26-V-4d0eba4ebbd7,verification,1479,10672,World Climbing Series Comunidad de Madrid 2026,Women,Final,oaOE27vV9tU,https://www.youtube.com/watch?v=oaOE27vV9tU,1493,1553,1.0,anchor_002,BAD26-CR10672-oaOE27vV9tU-D002,event-1479,24568cc893033b7e51bb0c040da2546460260b508cbd710a75cbad10381dfa3c,5e0e5bb22b7d5e2a475b283177bb945a8e7ea4ae499433674402eba3f19cce8e,60,False,False,False,False,False
ifsc-boulder-anchor-discovery-v1,BAD26-V-21a3e09aee72,verification,1479,10672,World Climbing Series Comunidad de Madrid 2026,Women,Final,oaOE27vV9tU,https://www.youtube.com/watch?v=oaOE27vV9tU,1625,1685,1.0,anchor_003,BAD26-CR10672-oaOE27vV9tU-D002,event-1479,24568cc893033b7e51bb0c040da2546460260b508cbd710a75cbad10381dfa3c,5e0e5bb22b7d5e2a475b283177bb945a8e7ea4ae499433674402eba3f19cce8e,60,False,False,False,False,False
ifsc-boulder-anchor-discovery-v1,BAD26-V-516d883426f2,verification,1479,10672,World Climbing Series Comunidad de Madrid 2026,Women,Final,oaOE27vV9tU,https://www.youtube.com/watch?v=oaOE27vV9tU,1629,1689,1.0,scene_002,BAD26-CR10672-oaOE27vV9tU-D002,event-1479,24568cc893033b7e51bb0c040da2546460260b508cbd710a75cbad10381dfa3c,5e0e5bb22b7d5e2a475b283177bb945a8e7ea4ae499433674402eba3f19cce8e,60,False,False,False,False,False
ifsc-boulder-anchor-discovery-v1,BAD26-V-4d7c46f27f3e,verification,1479,10672,World Climbing Series Comunidad de Madrid 2026,Women,Final,oaOE27vV9tU,https://www.youtube.com/watch?v=oaOE27vV9tU,1785,1845,1.0,anchor_004,BAD26-CR10672-oaOE27vV9tU-D002,event-1479,24568cc893033b7e51bb0c040da2546460260b508cbd710a75cbad10381dfa3c,5e0e5bb22b7d5e2a475b283177bb945a8e7ea4ae499433674402eba3f19cce8e,60,False,False,False,False,False
ifsc-boulder-anchor-discovery-v1,BAD26-V-417114e923d7,verification,1479,10672,World Climbing Series Comunidad de Madrid 2026,Women,Final,oaOE27vV9tU,https://www.youtube.com/watch?v=oaOE27vV9tU,1789,1849,1.0,scene_003,BAD26-CR10672-oaOE27vV9tU-D002,event-1479,24568cc893033b7e51bb0c040da2546460260b508cbd710a75cbad10381dfa3c,5e0e5bb22b7d5e2a475b283177bb945a8e7ea4ae499433674402eba3f19cce8e,60,False,False,False,False,False
ifsc-boulder-anchor-discovery-v1,BAD26-V-4708529db418,verification,1479,10672,World Climbing Series Comunidad de Madrid 2026,Women,Final,oaOE27vV9tU,https://www.youtube.com/watch?v=oaOE27vV9tU,2053,2113,1.0,anchor_005,BAD26-CR10672-oaOE27vV9tU-D002,event-1479,24568cc893033b7e51bb0c040da2546460260b508cbd710a75cbad10381dfa3c,5e0e5bb22b7d5e2a475b283177bb945a8e7ea4ae499433674402eba3f19cce8e,60,False,False,False,False,False
ifsc-boulder-anchor-discovery-v1,BAD26-V-2f226b54d4f5,verification,1479,10672,World Climbing Series Comunidad de Madrid 2026,Women,Final,oaOE27vV9tU,https://www.youtube.com/watch?v=oaOE27vV9tU,2057,2117,1.0,scene_004,BAD26-CR10672-oaOE27vV9tU-D002,event-1479,24568cc893033b7e51bb0c040da2546460260b508cbd710a75cbad10381dfa3c,5e0e5bb22b7d5e2a475b283177bb945a8e7ea4ae499433674402eba3f19cce8e,60,False,False,False,False,False
ifsc-boulder-anchor-discovery-v1,BAD26-V-08853701caca,verification,1479,10672,World Climbing Series Comunidad de Madrid 2026,Women,Final,oaOE27vV9tU,https://www.youtube.com/watch?v=oaOE27vV9tU,2333,2393,1.0,anchor_006,BAD26-CR10672-oaOE27vV9tU-D002,event-1479,24568cc893033b7e51bb0c040da2546460260b508cbd710a75cbad10381dfa3c,5e0e5bb22b7d5e2a475b283177bb945a8e7ea4ae499433674402eba3f19cce8e,60,False,False,False,False,False
ifsc-boulder-anchor-discovery-v1,BAD26-V-f152419489c3,verification,1479,10672,World Climbing Series Comunidad de Madrid 2026,Women,Final,oaOE27vV9tU,https://www.youtube.com/watch?v=oaOE27vV9tU,2337,2397,1.0,scene_005,BAD26-CR10672-oaOE27vV9tU-D002,event-1479,24568cc893033b7e51bb0c040da2546460260b508cbd710a75cbad10381dfa3c,5e0e5bb22b7d5e2a475b283177bb945a8e7ea4ae499433674402eba3f19cce8e,60,False,False,False,False,False
ifsc-boulder-anchor-discovery-v1,BAD26-V-19fea60022c7,verification,1479,10672,World Climbing Series Comunidad de Madrid 2026,Women,Final,oaOE27vV9tU,https://www.youtube.com/watch?v=oaOE27vV9tU,2935,2995,1.0,anchor_1,BAD26-CR10672-oaOE27vV9tU-D003,event-1479,24568cc893033b7e51bb0c040da2546460260b508cbd710a75cbad10381dfa3c,5e0e5bb22b7d5e2a475b283177bb945a8e7ea4ae499433674402eba3f19cce8e,60,False,False,False,False,False
ifsc-boulder-anchor-discovery-v1,BAD26-V-3d1357a5aeeb,verification,1479,10672,World Climbing Series Comunidad de Madrid 2026,Women,Final,oaOE27vV9tU,https://www.youtube.com/watch?v=oaOE27vV9tU,2935,2995,1.0,scene_1,BAD26-CR10672-oaOE27vV9tU-D003,event-1479,24568cc893033b7e51bb0c040da2546460260b508cbd710a75cbad10381dfa3c,5e0e5bb22b7d5e2a475b283177bb945a8e7ea4ae499433674402eba3f19cce8e,60,False,False,False,False,False
ifsc-boulder-anchor-discovery-v1,BAD26-V-4671c7f214d7,verification,1479,10672,World Climbing Series Comunidad de Madrid 2026,Women,Final,oaOE27vV9tU,https://www.youtube.com/watch?v=oaOE27vV9tU,3091,3151,1.0,anchor_2,BAD26-CR10672-oaOE27vV9tU-D003,event-1479,24568cc893033b7e51bb0c040da2546460260b508cbd710a75cbad10381dfa3c,5e0e5bb22b7d5e2a475b283177bb945a8e7ea4ae499433674402eba3f19cce8e,60,False,False,False,False,False
ifsc-boulder-anchor-discovery-v1,BAD26-V-9e5bfb0400c5,verification,1479,10672,World Climbing Series Comunidad de Madrid 2026,Women,Final,oaOE27vV9tU,https://www.youtube.com/watch?v=oaOE27vV9tU,3091,3151,1.0,scene_2,BAD26-CR10672-oaOE27vV9tU-D003,event-1479,24568cc893033b7e51bb0c040da2546460260b508cbd710a75cbad10381dfa3c,5e0e5bb22b7d5e2a475b283177bb945a8e7ea4ae499433674402eba3f19cce8e,60,False,False,False,False,False
ifsc-boulder-anchor-discovery-v1,BAD26-V-8a38f06b40e8,verification,1479,10672,World Climbing Series Comunidad de Madrid 2026,Women,Final,oaOE27vV9tU,https://www.youtube.com/watch?v=oaOE27vV9tU,3243,3303,1.0,anchor_3,BAD26-CR10672-oaOE27vV9tU-D003,event-1479,24568cc893033b7e51bb0c040da2546460260b508cbd710a75cbad10381dfa3c,5e0e5bb22b7d5e2a475b283177bb945a8e7ea4ae499433674402eba3f19cce8e,60,False,False,False,False,False
ifsc-boulder-anchor-discovery-v1,BAD26-V-e64fcaddb36d,verification,1479,10672,World Climbing Series Comunidad de Madrid 2026,Women,Final,oaOE27vV9tU,https://www.youtube.com/watch?v=oaOE27vV9tU,3243,3303,1.0,scene_3,BAD26-CR10672-oaOE27vV9tU-D003,event-1479,24568cc893033b7e51bb0c040da2546460260b508cbd710a75cbad10381dfa3c,5e0e5bb22b7d5e2a475b283177bb945a8e7ea4ae499433674402eba3f19cce8e,60,False,False,False,False,False
ifsc-boulder-anchor-discovery-v1,BAD26-V-33cca266952f,verification,1479,10672,World Climbing Series Comunidad de Madrid 2026,Women,Final,oaOE27vV9tU,https://www.youtube.com/watch?v=oaOE27vV9tU,3403,3463,1.0,anchor_4,BAD26-CR10672-oaOE27vV9tU-D003,event-1479,24568cc893033b7e51bb0c040da2546460260b508cbd710a75cbad10381dfa3c,5e0e5bb22b7d5e2a475b283177bb945a8e7ea4ae499433674402eba3f19cce8e,60,False,False,False,False,False
ifsc-boulder-anchor-discovery-v1,BAD26-V-3f8da197fbf4,verification,1479,10672,World Climbing Series Comunidad de Madrid 2026,Women,Final,oaOE27vV9tU,https://www.youtube.com/watch?v=oaOE27vV9tU,3403,3463,1.0,scene_4,BAD26-CR10672-oaOE27vV9tU-D003,event-1479,24568cc893033b7e51bb0c040da2546460260b508cbd710a75cbad10381dfa3c,5e0e5bb22b7d5e2a475b283177bb945a8e7ea4ae499433674402eba3f19cce8e,60,False,False,False,False,False
ifsc-boulder-anchor-discovery-v1,BAD26-V-c799cf087692,verification,1479,10672,World Climbing Series Comunidad de Madrid 2026,Women,Final,oaOE27vV9tU,https://www.youtube.com/watch?v=oaOE27vV9tU,3563,3623,1.0,anchor_5,BAD26-CR10672-oaOE27vV9tU-D003,event-1479,24568cc893033b7e51bb0c040da2546460260b508cbd710a75cbad10381dfa3c,5e0e5bb22b7d5e2a475b283177bb945a8e7ea4ae499433674402eba3f19cce8e,60,False,False,False,False,False
ifsc-boulder-anchor-discovery-v1,BAD26-V-d26b7b9c2ea1,verification,1479,10672,World Climbing Series Comunidad de Madrid 2026,Women,Final,oaOE27vV9tU,https://www.youtube.com/watch?v=oaOE27vV9tU,3563,3623,1.0,scene_5,BAD26-CR10672-oaOE27vV9tU-D003,event-1479,24568cc893033b7e51bb0c040da2546460260b508cbd710a75cbad10381dfa3c,5e0e5bb22b7d5e2a475b283177bb945a8e7ea4ae499433674402eba3f19cce8e,60,False,False,False,False,False
ifsc-boulder-anchor-discovery-v1,BAD26-V-7b613eefd1c2,verification,1479,10672,World Climbing Series Comunidad de Madrid 2026,Women,Final,oaOE27vV9tU,https://www.youtube.com/watch?v=oaOE27vV9tU,3723,3783,1.0,scene_6,BAD26-CR10672-oaOE27vV9tU-D003,event-1479,24568cc893033b7e51bb0c040da2546460260b508cbd710a75cbad10381dfa3c,5e0e5bb22b7d5e2a475b283177bb945a8e7ea4ae499433674402eba3f19cce8e,60,False,False,False,False,False
ifsc-boulder-anchor-discovery-v1,BAD26-V-d3c21098eb36,verification,1479,10672,World Climbing Series Comunidad de Madrid 2026,Women,Final,oaOE27vV9tU,https://www.youtube.com/watch?v=oaOE27vV9tU,3723,3783,1.0,anchor_6,BAD26-CR10672-oaOE27vV9tU-D003,event-1479,24568cc893033b7e51bb0c040da2546460260b508cbd710a75cbad10381dfa3c,5e0e5bb22b7d5e2a475b283177bb945a8e7ea4ae499433674402eba3f19cce8e,60,False,False,False,False,False
ifsc-boulder-anchor-discovery-v1,BAD26-V-0b916a6059c3,verification,1479,10672,World Climbing Series Comunidad de Madrid 2026,Women,Final,oaOE27vV9tU,https://www.youtube.com/watch?v=oaOE27vV9tU,4382,4442,1.0,anchor_01,BAD26-CR10672-oaOE27vV9tU-D004,event-1479,24568cc893033b7e51bb0c040da2546460260b508cbd710a75cbad10381dfa3c,5e0e5bb22b7d5e2a475b283177bb945a8e7ea4ae499433674402eba3f19cce8e,60,False,False,False,False,False
ifsc-boulder-anchor-discovery-v1,BAD26-V-92c94d04e02b,verification,1479,10672,World Climbing Series Comunidad de Madrid 2026,Women,Final,oaOE27vV9tU,https://www.youtube.com/watch?v=oaOE27vV9tU,4382,4442,1.0,scene_01,BAD26-CR10672-oaOE27vV9tU-D004,event-1479,24568cc893033b7e51bb0c040da2546460260b508cbd710a75cbad10381dfa3c,5e0e5bb22b7d5e2a475b283177bb945a8e7ea4ae499433674402eba3f19cce8e,60,False,False,False,False,False
ifsc-boulder-anchor-discovery-v1,BAD26-V-a5d3388d4c15,verification,1479,10672,World Climbing Series Comunidad de Madrid 2026,Women,Final,oaOE27vV9tU,https://www.youtube.com/watch?v=oaOE27vV9tU,4386,4446,1.0,anchor_02,BAD26-CR10672-oaOE27vV9tU-D004,event-1479,24568cc893033b7e51bb0c040da2546460260b508cbd710a75cbad10381dfa3c,5e0e5bb22b7d5e2a475b283177bb945a8e7ea4ae499433674402eba3f19cce8e,60,False,False,False,False,False
ifsc-boulder-anchor-discovery-v1,BAD26-V-74e6da733581,verification,1479,10672,World Climbing Series Comunidad de Madrid 2026,Women,Final,oaOE27vV9tU,https://www.youtube.com/watch?v=oaOE27vV9tU,6044,6104,1.0,anchor_01,BAD26-CR10672-oaOE27vV9tU-D005,event-1479,24568cc893033b7e51bb0c040da2546460260b508cbd710a75cbad10381dfa3c,5e0e5bb22b7d5e2a475b283177bb945a8e7ea4ae499433674402eba3f19cce8e,60,False,False,False,False,False
ifsc-boulder-anchor-discovery-v1,BAD26-V-8c8385f52ba1,verification,1479,10672,World Climbing Series Comunidad de Madrid 2026,Women,Final,oaOE27vV9tU,https://www.youtube.com/watch?v=oaOE27vV9tU,6044,6104,1.0,scene_01,BAD26-CR10672-oaOE27vV9tU-D005,event-1479,24568cc893033b7e51bb0c040da2546460260b508cbd710a75cbad10381dfa3c,5e0e5bb22b7d5e2a475b283177bb945a8e7ea4ae499433674402eba3f19cce8e,60,False,False,False,False,False
ifsc-boulder-anchor-discovery-v1,BAD26-V-a2c2cd609a2d,verification,1479,10672,World Climbing Series Comunidad de Madrid 2026,Women,Final,oaOE27vV9tU,https://www.youtube.com/watch?v=oaOE27vV9tU,6084,6144,1.0,scene_02,BAD26-CR10672-oaOE27vV9tU-D005,event-1479,24568cc893033b7e51bb0c040da2546460260b508cbd710a75cbad10381dfa3c,5e0e5bb22b7d5e2a475b283177bb945a8e7ea4ae499433674402eba3f19cce8e,60,False,False,False,False,False
ifsc-boulder-anchor-discovery-v1,BAD26-V-766018cb59d2,verification,1479,10669,World Climbing Series Comunidad de Madrid 2026,Men,Semi-final,sfA6nto-LFw,https://www.youtube.com/watch?v=sfA6nto-LFw,98,158,1.0,scene_001,BAD26-CR10669-sfA6nto-LFw-D001,event-1479,24568cc893033b7e51bb0c040da2546460260b508cbd710a75cbad10381dfa3c,5e0e5bb22b7d5e2a475b283177bb945a8e7ea4ae499433674402eba3f19cce8e,60,False,False,False,False,False
ifsc-boulder-anchor-discovery-v1,BAD26-V-d727354362e3,verification,1479,10669,World Climbing Series Comunidad de Madrid 2026,Men,Semi-final,sfA6nto-LFw,https://www.youtube.com/watch?v=sfA6nto-LFw,99,159,1.0,anchor_001,BAD26-CR10669-sfA6nto-LFw-D001,event-1479,24568cc893033b7e51bb0c040da2546460260b508cbd710a75cbad10381dfa3c,5e0e5bb22b7d5e2a475b283177bb945a8e7ea4ae499433674402eba3f19cce8e,60,False,False,False,False,False
ifsc-boulder-anchor-discovery-v1,BAD26-V-a20552ac1dd7,verification,1479,10669,World Climbing Series Comunidad de Madrid 2026,Men,Semi-final,sfA6nto-LFw,https://www.youtube.com/watch?v=sfA6nto-LFw,170,230,1.0,anchor_002,BAD26-CR10669-sfA6nto-LFw-D001,event-1479,24568cc893033b7e51bb0c040da2546460260b508cbd710a75cbad10381dfa3c,5e0e5bb22b7d5e2a475b283177bb945a8e7ea4ae499433674402eba3f19cce8e,60,False,False,False,False,False
ifsc-boulder-anchor-discovery-v1,BAD26-V-eae6606c447f,verification,1479,10669,World Climbing Series Comunidad de Madrid 2026,Men,Semi-final,sfA6nto-LFw,https://www.youtube.com/watch?v=sfA6nto-LFw,211,271,1.0,scene_002,BAD26-CR10669-sfA6nto-LFw-D001,event-1479,24568cc893033b7e51bb0c040da2546460260b508cbd710a75cbad10381dfa3c,5e0e5bb22b7d5e2a475b283177bb945a8e7ea4ae499433674402eba3f19cce8e,60,False,False,False,False,False
ifsc-boulder-anchor-discovery-v1,BAD26-V-9169c3f14eaf,verification,1479,10669,World Climbing Series Comunidad de Madrid 2026,Men,Semi-final,sfA6nto-LFw,https://www.youtube.com/watch?v=sfA6nto-LFw,309,369,1.0,anchor_003,BAD26-CR10669-sfA6nto-LFw-D001,event-1479,24568cc893033b7e51bb0c040da2546460260b508cbd710a75cbad10381dfa3c,5e0e5bb22b7d5e2a475b283177bb945a8e7ea4ae499433674402eba3f19cce8e,60,False,False,False,False,False
ifsc-boulder-anchor-discovery-v1,BAD26-V-286bcc929dd5,verification,1479,10669,World Climbing Series Comunidad de Madrid 2026,Men,Semi-final,sfA6nto-LFw,https://www.youtube.com/watch?v=sfA6nto-LFw,625,685,1.0,scene_003,BAD26-CR10669-sfA6nto-LFw-D001,event-1479,24568cc893033b7e51bb0c040da2546460260b508cbd710a75cbad10381dfa3c,5e0e5bb22b7d5e2a475b283177bb945a8e7ea4ae499433674402eba3f19cce8e,60,False,False,False,False,False
ifsc-boulder-anchor-discovery-v1,BAD26-V-45335a3394b3,verification,1479,10669,World Climbing Series Comunidad de Madrid 2026,Men,Semi-final,sfA6nto-LFw,https://www.youtube.com/watch?v=sfA6nto-LFw,626,686,1.0,anchor_004,BAD26-CR10669-sfA6nto-LFw-D001,event-1479,24568cc893033b7e51bb0c040da2546460260b508cbd710a75cbad10381dfa3c,5e0e5bb22b7d5e2a475b283177bb945a8e7ea4ae499433674402eba3f19cce8e,60,False,False,False,False,False
ifsc-boulder-anchor-discovery-v1,BAD26-V-27435db10d42,verification,1479,10669,World Climbing Series Comunidad de Madrid 2026,Men,Semi-final,sfA6nto-LFw,https://www.youtube.com/watch?v=sfA6nto-LFw,1419,1479,1.0,anchor_001,BAD26-CR10669-sfA6nto-LFw-D002,event-1479,24568cc893033b7e51bb0c040da2546460260b508cbd710a75cbad10381dfa3c,5e0e5bb22b7d5e2a475b283177bb945a8e7ea4ae499433674402eba3f19cce8e,60,False,False,False,False,False
ifsc-boulder-anchor-discovery-v1,BAD26-V-3b6db25cc0cd,verification,1479,10669,World Climbing Series Comunidad de Madrid 2026,Men,Semi-final,sfA6nto-LFw,https://www.youtube.com/watch?v=sfA6nto-LFw,1425,1485,1.0,scene_001,BAD26-CR10669-sfA6nto-LFw-D002,event-1479,24568cc893033b7e51bb0c040da2546460260b508cbd710a75cbad10381dfa3c,5e0e5bb22b7d5e2a475b283177bb945a8e7ea4ae499433674402eba3f19cce8e,60,False,False,False,False,False
ifsc-boulder-anchor-discovery-v1,BAD26-V-04fce8f1f38f,verification,1479,10669,World Climbing Series Comunidad de Madrid 2026,Men,Semi-final,sfA6nto-LFw,https://www.youtube.com/watch?v=sfA6nto-LFw,2867,2927,1.0,anchor_002,BAD26-CR10669-sfA6nto-LFw-D002,event-1479,24568cc893033b7e51bb0c040da2546460260b508cbd710a75cbad10381dfa3c,5e0e5bb22b7d5e2a475b283177bb945a8e7ea4ae499433674402eba3f19cce8e,60,False,False,False,False,False
ifsc-boulder-anchor-discovery-v1,BAD26-V-337be99efa78,verification,1479,10669,World Climbing Series Comunidad de Madrid 2026,Men,Semi-final,sfA6nto-LFw,https://www.youtube.com/watch?v=sfA6nto-LFw,2867,2927,1.0,scene_002,BAD26-CR10669-sfA6nto-LFw-D002,event-1479,24568cc893033b7e51bb0c040da2546460260b508cbd710a75cbad10381dfa3c,5e0e5bb22b7d5e2a475b283177bb945a8e7ea4ae499433674402eba3f19cce8e,60,False,False,False,False,False
ifsc-boulder-anchor-discovery-v1,BAD26-V-0464c8573647,verification,1479,10669,World Climbing Series Comunidad de Madrid 2026,Men,Semi-final,sfA6nto-LFw,https://www.youtube.com/watch?v=sfA6nto-LFw,2895,2955,1.0,anchor_01,BAD26-CR10669-sfA6nto-LFw-D003,event-1479,24568cc893033b7e51bb0c040da2546460260b508cbd710a75cbad10381dfa3c,5e0e5bb22b7d5e2a475b283177bb945a8e7ea4ae499433674402eba3f19cce8e,60,False,False,False,False,False
ifsc-boulder-anchor-discovery-v1,BAD26-V-2dac8fb12231,verification,1479,10669,World Climbing Series Comunidad de Madrid 2026,Men,Semi-final,sfA6nto-LFw,https://www.youtube.com/watch?v=sfA6nto-LFw,2935,2995,1.0,scene_01,BAD26-CR10669-sfA6nto-LFw-D003,event-1479,24568cc893033b7e51bb0c040da2546460260b508cbd710a75cbad10381dfa3c,5e0e5bb22b7d5e2a475b283177bb945a8e7ea4ae499433674402eba3f19cce8e,60,False,False,False,False,False
ifsc-boulder-anchor-discovery-v1,BAD26-V-4af74541aaa3,verification,1479,10669,World Climbing Series Comunidad de Madrid 2026,Men,Semi-final,sfA6nto-LFw,https://www.youtube.com/watch?v=sfA6nto-LFw,3011,3071,1.0,anchor_02,BAD26-CR10669-sfA6nto-LFw-D003,event-1479,24568cc893033b7e51bb0c040da2546460260b508cbd710a75cbad10381dfa3c,5e0e5bb22b7d5e2a475b283177bb945a8e7ea4ae499433674402eba3f19cce8e,60,False,False,False,False,False
ifsc-boulder-anchor-discovery-v1,BAD26-V-53e2356aa4d2,verification,1479,10669,World Climbing Series Comunidad de Madrid 2026,Men,Semi-final,sfA6nto-LFw,https://www.youtube.com/watch?v=sfA6nto-LFw,3095,3155,1.0,scene_02,BAD26-CR10669-sfA6nto-LFw-D003,event-1479,24568cc893033b7e51bb0c040da2546460260b508cbd710a75cbad10381dfa3c,5e0e5bb22b7d5e2a475b283177bb945a8e7ea4ae499433674402eba3f19cce8e,60,False,False,False,False,False
ifsc-boulder-anchor-discovery-v1,BAD26-V-6c5623b66aea,verification,1479,10669,World Climbing Series Comunidad de Madrid 2026,Men,Semi-final,sfA6nto-LFw,https://www.youtube.com/watch?v=sfA6nto-LFw,4316,4376,1.0,anchor_01,BAD26-CR10669-sfA6nto-LFw-D004,event-1479,24568cc893033b7e51bb0c040da2546460260b508cbd710a75cbad10381dfa3c,5e0e5bb22b7d5e2a475b283177bb945a8e7ea4ae499433674402eba3f19cce8e,60,False,False,False,False,False
ifsc-boulder-anchor-discovery-v1,BAD26-V-7a46a655b513,verification,1479,10669,World Climbing Series Comunidad de Madrid 2026,Men,Semi-final,sfA6nto-LFw,https://www.youtube.com/watch?v=sfA6nto-LFw,4316,4376,1.0,scene_01,BAD26-CR10669-sfA6nto-LFw-D004,event-1479,24568cc893033b7e51bb0c040da2546460260b508cbd710a75cbad10381dfa3c,5e0e5bb22b7d5e2a475b283177bb945a8e7ea4ae499433674402eba3f19cce8e,60,False,False,False,False,False
ifsc-boulder-anchor-discovery-v1,BAD26-V-a2447d4517a5,verification,1479,10669,World Climbing Series Comunidad de Madrid 2026,Men,Semi-final,sfA6nto-LFw,https://www.youtube.com/watch?v=sfA6nto-LFw,5764,5824,1.0,anchor_1,BAD26-CR10669-sfA6nto-LFw-D005,event-1479,24568cc893033b7e51bb0c040da2546460260b508cbd710a75cbad10381dfa3c,5e0e5bb22b7d5e2a475b283177bb945a8e7ea4ae499433674402eba3f19cce8e,60,False,False,False,False,False
ifsc-boulder-anchor-discovery-v1,BAD26-V-1e140e299b19,verification,1479,10669,World Climbing Series Comunidad de Madrid 2026,Men,Semi-final,sfA6nto-LFw,https://www.youtube.com/watch?v=sfA6nto-LFw,5772,5832,1.0,scene_1,BAD26-CR10669-sfA6nto-LFw-D005,event-1479,24568cc893033b7e51bb0c040da2546460260b508cbd710a75cbad10381dfa3c,5e0e5bb22b7d5e2a475b283177bb945a8e7ea4ae499433674402eba3f19cce8e,60,False,False,False,False,False
ifsc-boulder-anchor-discovery-v1,BAD26-V-7d72fcfa2230,verification,1479,10669,World Climbing Series Comunidad de Madrid 2026,Men,Semi-final,sfA6nto-LFw,https://www.youtube.com/watch?v=sfA6nto-LFw,5772,5832,1.0,anchor_2,BAD26-CR10669-sfA6nto-LFw-D005,event-1479,24568cc893033b7e51bb0c040da2546460260b508cbd710a75cbad10381dfa3c,5e0e5bb22b7d5e2a475b283177bb945a8e7ea4ae499433674402eba3f19cce8e,60,False,False,False,False,False
ifsc-boulder-anchor-discovery-v1,BAD26-V-c108daa05555,verification,1479,10669,World Climbing Series Comunidad de Madrid 2026,Men,Semi-final,sfA6nto-LFw,https://www.youtube.com/watch?v=sfA6nto-LFw,5990,6050,1.0,scene_2,BAD26-CR10669-sfA6nto-LFw-D005,event-1479,24568cc893033b7e51bb0c040da2546460260b508cbd710a75cbad10381dfa3c,5e0e5bb22b7d5e2a475b283177bb945a8e7ea4ae499433674402eba3f19cce8e,60,False,False,False,False,False
ifsc-boulder-anchor-discovery-v1,BAD26-V-0bb37227b511,verification,1479,10669,World Climbing Series Comunidad de Madrid 2026,Men,Semi-final,sfA6nto-LFw,https://www.youtube.com/watch?v=sfA6nto-LFw,7213,7273,1.0,anchor_001,BAD26-CR10669-sfA6nto-LFw-D006,event-1479,24568cc893033b7e51bb0c040da2546460260b508cbd710a75cbad10381dfa3c,5e0e5bb22b7d5e2a475b283177bb945a8e7ea4ae499433674402eba3f19cce8e,60,False,False,False,False,False
